letter,unit-0,unit-1,unit-2,unit-3,unit-4,unit-5,unit-6,unit-7,unit-8,unit-9,unit-10,unit-11,unit-12,unit-13,unit-14,unit-15,unit-16,unit-17,unit-18,unit-19,unit-20,unit-21,unit-22,unit-23,unit-24,unit-25,unit-26,unit-27
NIL 1,0.503330545,0.256193347,0.228518209,0.215572536,0.228518209,0.414835321,0.315218675,0.443037559,0.418972286,0.302340794,0.319070778,1.612914987,0.77187668,0.04377615,0.894925194,0.210171113,0.77187668,0.074868735,0.759771617,0.232054887,0.976168872,0.04377615,0.657553614,0.242651793,1.204162442,0.061908824,0.713766057,1.418999008
NIL 1,0.503115295,0.264029427,0.241439991,0.235773074,0.232694294,0.416025147,0.29823197,0.441941738,0.422119765,0.289645008,0.324574426,1.634844441,0.783122755,0.047154615,0.90581057,0.210881848,0.783122755,0.077521709,0.767308295,0.240692111,0.988667761,0.045202536,0.666731768,0.233081366,1.223885875,0.052003143,0.718279528,1.430963399
NIL 1,0.506172982,0.254575677,0.224499971,0.217796964,0.231008565,0.409927213,0.297534089,0.423585699,0.404026576,0.285741814,0.311552447,1.618251226,0.780468665,0.046839008,0.896016814,0.204601672,0.780468665,0.065339089,0.754863665,0.231649366,0.98205059,0.039263906,0.654705425,0.239205127,1.208773148,0.058643627,0.706162783,1.421385936
NIL 1,0.509997563,0.248392169,0.233270695,0.234813847,0.232754037,0.409438396,0.313810606,0.426715734,0.415856774,0.289880283,0.318947586,1.625690635,0.796216902,0.046550807,0.878661475,0.182612646,0.796216902,0.07152954,0.77039672,0.235581633,0.969094445,0.041780628,0.659880386,0.232883309,1.2005336,0.055947108,0.699338846,1.409075331
NIL 1,0.499262081,0.248392169,0.233270695,0.21944261,0.232883309,0.409438396,0.29081321,0.426715734,0.407079351,0.297362956,0.313138531,1.615289912,0.764041691,0.047192918,0.902787006,0.196275438,0.764041691,0.07152954,0.77039672,0.23339968,0.955583754,0.049068859,0.667634082,0.225530001,1.183185432,0.060595571,0.711921343,1.381660935
NIL 1,0.493735736,0.243198282,0.219688738,0.206265224,0.211707737,0.410288825,0.302972262,0.431327778,0.411411163,0.292964957,0.3164707,1.605114022,0.761347197,0.032329384,0.898028719,0.190941492,0.761347197,0.078410273,0.76866067,0.228334162,0.948245747,0.056542452,0.666902305,0.235361467,1.171256324,0.044355549,0.70678065,1.381846201
NIL 1,0.503819101,0.25277416,0.221632708,0.215500797,0.221069473,0.416885825,0.31283877,0.426421367,0.406437415,0.285326647,0.31283877,1.611732325,0.777480386,0.04737203,0.879648409,0.195319883,0.777480386,0.063654252,0.761603503,0.229915722,0.962745782,0.035309026,0.663255412,0.229508671,1.186640719,0.05296354,0.714080865,1.387154994
NIL 1,0.502141677,0.263280032,0.231810459,0.22555355,0.231398596,0.410513657,0.292459555,0.422649678,0.402614666,0.290276991,0.321463268,1.610636347,0.758628165,0.055821656,0.899284294,0.194192306,0.758628165,0.06228301,0.766633257,0.242142005,0.947761147,0.031898089,0.654105294,0.232495277,1.184451467,0.053494721,0.711209364,1.38327507
NIL 1,0.483233634,0.238784629,0.222741942,0.20744283,0.222883952,0.412744694,0.299558803,0.413663607,0.392709797,0.279787831,0.309839485,1.605998281,0.765714168,0.039775347,0.893308599,0.179474546,0.765714168,0.071152304,0.787391143,0.226405243,0.936470821,0.046385627,0.676929195,0.239181831,1.159804373,0.04283936,0.722336069,1.370859508
NIL 1,0.481489947,0.241113623,0.217151046,0.203483645,0.20896514,0.413345613,0.293327383,0.40989316,0.396760345,0.282673662,0.307097954,1.593864601,0.737884728,0.040981436,0.903202178,0.189171356,0.737884728,0.075822046,0.790462167,0.236378814,0.917253464,0.053914645,0.675883152,0.225612731,1.150179098,0.051462683,0.717602825,1.3491834
NIL 1,0.484967146,0.252030382,0.219997299,0.207167698,0.219546638,0.407019946,0.288551213,0.414494724,0.403435232,0.287978577,0.310485833,1.589998453,0.723560033,0.033503472,0.919650845,0.200692101,0.723560033,0.069900651,0.778592749,0.236626449,0.92122903,0.047381065,0.674635981,0.228101673,1.152057599,0.052030415,0.722281335,1.352034037
NIL 1,0.480788682,0.234873643,0.202477278,0.187857018,0.194378187,0.398833984,0.304982136,0.421230607,0.399819572,0.284853222,0.303580903,1.556648686,0.7188143,0.032396365,0.887580576,0.190629965,0.7188143,0.087229881,0.778861427,0.230504175,0.899145033,0.045815378,0.672273352,0.219274572,1.126472652,0.034361534,0.719908525,1.318983677
NIL 1,0.48442479,0.228489602,0.196018164,0.181189017,0.204008573,0.405233132,0.304677088,0.416177489,0.394744728,0.287007509,0.29433849,1.556915588,0.717460766,0.032641372,0.887078447,0.198549713,0.717460766,0.085196481,0.782414769,0.232247431,0.902004014,0.040801715,0.677308463,0.229071742,1.131319053,0.033645956,0.730293704,1.333510898
NIL 1,0.480914881,0.203983432,0.17089536,0.16202434,0.170318334,0.402297008,0.30667146,0.405141855,0.391884598,0.277104257,0.303660588,1.563220038,0.754979532,0.029209353,0.865921196,0.17488124,0.754979532,0.082616527,0.766710751,0.225673792,0.921439988,0.036229744,0.656198578,0.218882831,1.145140768,0.033402173,0.699384216,1.339251485
NIL 1,0.478412743,0.214683279,0.182269413,0.165842015,0.182269413,0.413289351,0.301131368,0.412877339,0.400234801,0.290194204,0.298063736,1.561697748,0.734705166,0.026091791,0.881964276,0.186149886,0.734705166,0.086142433,0.775281897,0.216577579,0.912019124,0.055349046,0.676779003,0.214683279,1.125430606,0.023337207,0.712883874,1.317674175
NIL 1,0.483943464,0.228830793,0.186519355,0.171283169,0.194980406,0.401560688,0.300753424,0.40661978,0.38346874,0.281536155,0.31141633,1.590287752,0.761305061,0.034920262,0.886379249,0.191078546,0.761305061,0.083413992,0.777157571,0.222311868,0.943607565,0.054230669,0.677605543,0.211904511,1.162809881,0.042347038,0.715502054,1.352562014
NIL 1,0.486073474,0.215830243,0.190126722,0.174595861,0.198751413,0.409327048,0.296686127,0.414483985,0.400491611,0.289437931,0.311872833,1.589495592,0.76694784,0.035595635,0.88421939,0.196867471,0.76694784,0.065748566,0.764904328,0.215830243,0.957780595,0.043166049,0.673445696,0.207915222,1.169951225,0.05033983,0.718633686,1.353102431
NIL 1,0.49475638,0.213141957,0.195412307,0.187180692,0.204276767,0.400967258,0.287388103,0.417135526,0.40282836,0.286427625,0.302210839,1.584310127,0.760926755,0.036585206,0.884922565,0.191546403,0.760926755,0.075812789,0.77517583,0.216076924,0.944737078,0.044366079,0.674422772,0.222539119,1.15872783,0.039682227,0.724132695,1.354437603
NIL 1,0.482552255,0.234531181,0.190145592,0.191210842,0.189503568,0.403107849,0.302330886,0.405719589,0.400276148,0.271163072,0.306997791,1.576481563,0.763673962,0.037164707,0.878784355,0.177092394,0.763673962,0.072671301,0.772716845,0.216705621,0.935349201,0.045068828,0.676272738,0.216518078,1.149034157,0.05771626,0.713170586,1.344139532
NIL 1,0.494266533,0.218901904,0.18201523,0.174838231,0.200173421,0.398381557,0.276443517,0.400037176,0.393477892,0.282211079,0.303782064,1.57687456,0.748649368,0.028743228,0.902418356,0.187382922,0.748649368,0.078190034,0.770511542,0.227235171,0.935149344,0.052999894,0.672677518,0.218901904,1.15867657,0.052999894,0.721735534,1.352154287
NIL 1,0.500380888,0.221609844,0.202649679,0.186095857,0.202649679,0.399194786,0.29803193,0.423385012,0.399512828,0.288210338,0.300437164,1.571146483,0.751177456,0.029098798,0.884766171,0.189700955,0.751177456,0.094738823,0.774815266,0.221227428,0.934293486,0.065066891,0.680936746,0.230230161,1.152437317,0.033177734,0.727469952,1.360287114
NIL 1,0.485912658,0.216105041,0.188423651,0.192073843,0.197642354,0.416666667,0.291219896,0.410051657,0.395284708,0.274019717,0.304195204,1.590799284,0.760573614,0.026352314,0.895833333,0.194543625,0.760573614,0.08789593,0.775548641,0.230488611,0.95032889,0.059657588,0.689517243,0.224381867,1.175265927,0.04658475,0.745414221,1.373989528
NIL 1,0.490296605,0.240590284,0.20426387,0.199515528,0.221627983,0.418790806,0.300034996,0.420531243,0.397426212,0.278247571,0.311969444,1.603685384,0.780011401,0.042731531,0.888826118,0.202468109,0.780011401,0.074627411,0.755997959,0.227121203,0.979149002,0.048721442,0.668922505,0.23110609,1.200824453,0.068902524,0.737289198,1.400166937
NIL 1,0.504825399,0.235514472,0.187943548,0.183657216,0.184928215,0.420254548,0.302554786,0.426011728,0.410670019,0.281873775,0.31603512,1.616751529,0.806838568,0.043288421,0.878765605,0.195996661,0.806838568,0.08326694,0.747274005,0.223470577,1.000421536,0.061219072,0.648532206,0.224516303,1.220741143,0.061979586,0.713208756,1.412854745
NIL 1,0.518178905,0.2585173,0.210766476,0.204828197,0.22060672,0.426653916,0.31372047,0.427347474,0.411699581,0.289329824,0.324394797,1.632106301,0.807785414,0.050661956,0.884326616,0.197965965,0.807785414,0.063619054,0.757522329,0.226567154,1.000740101,0.050661956,0.665687006,0.231949547,1.221920551,0.063619054,0.74152001,1.415260224
NIL 1,0.507450601,0.247431796,0.2,0.194295165,0.207911962,0.429020605,0.31428889,0.425242632,0.409782577,0.285424233,0.324395243,1.616570671,0.810807198,0.039557454,0.875697417,0.175239968,0.810807198,0.079730598,0.766345916,0.228313686,0.981989398,0.044226578,0.662661154,0.230869516,1.20751518,0.057664403,0.73507979,1.401710447
NIL 1,0.503066338,0.235294118,0.197056385,0.18315237,0.197056385,0.42531396,0.313878639,0.431483943,0.406242144,0.285494505,0.321592539,1.595962804,0.803802,0.040422604,0.86374719,0.17674271,0.803802,0.070697084,0.74748071,0.226341106,0.978085522,0.040422604,0.647058824,0.219222351,1.201370485,0.049019608,0.719370052,1.383847058
NIL 1,0.513660514,0.226740795,0.179727216,0.181606416,0.207764688,0.422933599,0.301321177,0.413657612,0.397025511,0.267921515,0.317161971,1.616675159,0.824614067,0.040608429,0.867717886,0.177555206,0.824614067,0.076923077,0.750916923,0.236785797,1,0.040608429,0.650108,0.220230129,1.233485338,0.066069039,0.725690856,1.417878443
NIL 1,0.509980015,0.263455884,0.224324602,0.208280164,0.223184154,0.429231958,0.309094566,0.434432094,0.418637949,0.281801464,0.331405401,1.629823108,0.800760076,0.030309216,0.899230161,0.185742718,0.800760076,0.078907514,0.76676925,0.230385487,0.985347381,0.054406708,0.667108832,0.24436071,1.211020809,0.072854288,0.731688438,1.422525447
NIL 1,0.504307069,0.276408968,0.228289084,0.220390617,0.257066078,0.424642242,0.310506724,0.428794724,0.411553999,0.274896459,0.334893161,1.648240861,0.81942744,0.052057921,0.899470578,0.201101822,0.81942744,0.073621017,0.755909248,0.23570226,1.01940726,0.062101345,0.653481241,0.252566563,1.251099162,0.0823108,0.758868077,1.45063298
NIL 1,0.506048607,0.252572967,0.203668187,0.191078927,0.212442571,0.427858482,0.316227766,0.433041978,0.418875148,0.293264483,0.338382982,1.632610125,0.816972594,0.030212231,0.887254809,0.18514837,0.816972594,0.086631813,0.758187226,0.232501172,1.000659012,0.058722022,0.654598339,0.242535625,1.229538412,0.058722022,0.716722878,1.441840721
NIL 1,0.497787367,0.266783161,0.246292953,0.229270977,0.225805725,0.435614856,0.301733149,0.441011529,0.426468669,0.298580888,0.334767032,1.662965473,0.824929592,0.051266549,0.898789018,0.184844171,0.824929592,0.073937668,0.774990165,0.240023828,1.005974583,0.055215763,0.656291926,0.257151701,1.243063174,0.051266549,0.720071485,1.4662233
NIL 1,0.502153563,0.240457304,0.210400141,0.192720358,0.200381086,0.407961326,0.282139131,0.431285087,0.430353081,0.307341738,0.334852324,1.629167243,0.797632514,0.051087353,0.901325175,0.197352483,0.797632514,0.06720986,0.765458373,0.242121388,0.993150604,0.050095272,0.641923555,0.240457304,1.234012394,0.042507248,0.695945755,1.447814017
NIL 1,0.499767992,0.192887061,0.174448738,0.144805524,0.144805524,0.384569705,0.309585828,0.424259695,0.406502172,0.302307572,0.320193159,1.560465599,0.764845042,0.030460071,0.855054937,0.198575368,0.764845042,0.086690882,0.753848295,0.211253274,0.951603037,0.068110789,0.657542561,0.217315049,1.161363855,0.00963232,0.664071463,1.370093855
NIL 1,0.476915737,0.170485389,0.167174678,0.133739742,0.13909774,0.375535276,0.278813007,0.38031356,0.371159064,0.282489821,0.301627996,1.513547047,0.705310739,0.054071482,0.851165024,0.216484629,0.705310739,0.079770934,0.753128597,0.182895751,0.900406459,0.0622064,0.649718646,0.2114611,1.083217293,0.029324378,0.637156055,1.287103056
NIL 1,0.462811845,0.205122686,0.252263839,0.254479962,0.241343349,0.336561939,0.251520792,0.346211272,0.341420696,0.246256695,0.281707539,1.423474045,0.648539458,0.105618178,0.803386185,0.2329778,0.648539458,0.105263158,0.687975199,0.19055327,0.858351465,0.101275832,0.566661309,0.172401401,1.048783864,0.096738766,0.561418326,1.212133265
NIL 1,0.437240687,0.22800871,0.297107112,0.290281382,0.266142708,0.312881908,0.261711961,0.318805824,0.306407789,0.220105372,0.273204738,1.378683597,0.647491239,0.109976762,0.763562089,0.191360333,0.647491239,0.115605005,0.653193855,0.156173762,0.825989469,0.09877296,0.539765204,0.157875979,0.981792139,0.095330329,0.509252841,1.132988031
NIL 1,0.398815967,0.28637628,0.357248456,0.364382517,0.294008818,0.283856792,0.255440649,0.27853467,0.256376332,0.173869117,0.238347097,1.279263856,0.582494301,0.115019876,0.711221889,0.181120263,0.582494301,0.115019876,0.604185739,0.142664599,0.744369265,0.096945261,0.502969333,0.142244378,0.886899567,0.088216218,0.469864048,1.021352403
NIL 1,0.389398722,0.315770324,0.408260334,0.407754211,0.330647825,0.28503286,0.254524229,0.284307452,0.261160131,0.180793513,0.243990852,1.2881731,0.553578141,0.130805787,0.735510618,0.170030174,0.553578141,0.119243985,0.631587357,0.157604643,0.688569726,0.120229489,0.507888099,0.127146158,0.844825085,0.109977765,0.460998821,0.961743898
NIL 1,0.3971092,0.347261921,0.438407215,0.423392782,0.353668264,0.283468702,0.255515235,0.292496007,0.269031855,0.187023644,0.254472548,1.296125347,0.540091354,0.126070014,0.756263848,0.199852235,0.540091354,0.134241124,0.618952276,0.141734351,0.699651739,0.120314703,0.50940925,0.127236274,0.837983089,0.113491649,0.45875691,0.95304844
NIL 1,0.392335013,0.337105819,0.427894463,0.428370393,0.343690372,0.270946712,0.246061129,0.290041582,0.259421078,0.187052526,0.235544405,1.266723146,0.505946476,0.120641394,0.761055025,0.194528403,0.505946476,0.130382039,0.621789068,0.145771551,0.664513999,0.123030564,0.505658728,0.126299498,0.807270335,0.112656068,0.455379315,0.920296962
NIL 1,0.381907882,0.325876046,0.409428117,0.401869663,0.333438385,0.279179923,0.251649382,0.280102157,0.249935518,0.178184372,0.25062247,1.280102043,0.545746661,0.125995378,0.734672987,0.194042747,0.545746661,0.135422154,0.60775171,0.134785868,0.695234839,0.11555605,0.508622427,0.128695586,0.825304706,0.105170365,0.453019492,0.944320733
NIL 1,0.383763101,0.317898981,0.401570173,0.393462361,0.325959073,0.278318059,0.251728429,0.273866265,0.251402707,0.173963507,0.234889692,1.256144083,0.525593212,0.125864215,0.730551022,0.17998264,0.525593212,0.119405278,0.6166505,0.147820023,0.665190105,0.112576376,0.51083529,0.132214248,0.808157903,0.099160686,0.459492069,0.930796759
NIL 1,0.385377611,0.30613473,0.372770991,0.371915356,0.298849988,0.272259446,0.262428039,0.284280829,0.269712162,0.180266887,0.238693234,1.258096489,0.549952572,0.124090703,0.711019529,0.168230157,0.549952572,0.117722778,0.611748896,0.15594555,0.686861166,0.114057353,0.502845933,0.140732584,0.840266562,0.107589154,0.46846047,0.969179375
NIL 1,0.39133024,0.254442495,0.306587477,0.312557752,0.276234764,0.282659687,0.247178726,0.276521365,0.261605525,0.185268288,0.234009662,1.278712586,0.558364225,0.123749488,0.727988865,0.182973856,0.558364225,0.109966943,0.647114311,0.157205355,0.700711397,0.101215092,0.545059953,0.153981158,0.856930347,0.105806498,0.513070437,1.002847506
NIL 1,0.419368988,0.223069281,0.253782904,0.248041549,0.244630206,0.319438282,0.256722345,0.326224722,0.303738214,0.216098772,0.241295025,1.377424742,0.609301649,0.105377615,0.801633986,0.214285714,0.609301649,0.126120429,0.698007798,0.150429557,0.803653124,0.108741574,0.604504897,0.15687525,0.95407762,0.10336476,0.573630212,1.107027644
NIL 1,0.437560716,0.165117581,0.186053368,0.183232958,0.17849045,0.32584615,0.252423615,0.338028043,0.306167458,0.21832482,0.25459868,1.387005353,0.610430916,0.094253463,0.801680015,0.213644368,0.610430916,0.081719662,0.69873939,0.164560064,0.799039063,0.070445916,0.610581448,0.188181633,0.962506276,0.074256516,0.581807686,1.145707427
NIL 1,0.426476771,0.128650031,0.154257901,0.146019555,0.155209532,0.322790431,0.258897506,0.323792464,0.301759867,0.22571727,0.25337863,1.366017226,0.639715156,0.063286517,0.789590958,0.178011424,0.639715156,0.098283058,0.709269192,0.161896232,0.806747957,0.070756477,0.606731781,0.164064582,0.967884583,0.059940678,0.591941406,1.126784393
NIL 1,0.458079605,0.103003554,0.09878428,0.06914426,0.09778475,0.351358432,0.274795335,0.348832995,0.319329476,0.240613968,0.278464959,1.425812948,0.695644788,0.051182877,0.792673902,0.178774105,0.695644788,0.0871613,0.712619334,0.163865162,0.86197953,0.074611224,0.632061911,0.186308486,1.025479319,0.040463618,0.641830018,1.201026696
NIL 1,0.501838166,0.169975878,0.143044098,0.134491884,0.12953194,0.39413776,0.305190542,0.416255868,0.39413776,0.283357325,0.335833912,1.542782158,0.843450885,0.012794253,0.805174378,0.154593548,0.843450885,0.103150566,0.701062029,0.221787556,0.997951741,0.083408326,0.624301869,0.208863977,1.216631891,0.046130336,0.678035061,1.408123661
NIL 1,0.483749947,0.124505281,0.093378961,0.100675909,0.085461231,0.390870628,0.29967439,0.397112848,0.366262418,0.264820083,0.30885959,1.465863364,0.793568573,0.008632888,0.77609615,0.152975165,0.793568573,0.105377827,0.683035495,0.201536799,0.945843099,0.079591295,0.621627883,0.183131209,1.144012389,0.052511808,0.674747321,1.309156899
NIL 1,0.466755682,0.179585235,0.155585227,0.147474898,0.122659831,0.386441596,0.303168628,0.389226278,0.368990151,0.256597731,0.308767558,1.440254624,0.785358721,0.051781894,0.76945447,0.163748726,0.785358721,0.110521966,0.672112668,0.200178678,0.948746105,0.093351136,0.632137481,0.174537332,1.143671503,0.069579829,0.693224428,1.30045999
NIL 1,0.441583579,0.239032869,0.214366777,0.207570532,0.166780137,0.382516317,0.28800176,0.375994869,0.347146123,0.232957342,0.2993529,1.38920389,0.743794072,0.084669786,0.764141888,0.152640628,0.743794072,0.129242819,0.674175695,0.187041671,0.896220787,0.117931366,0.645492597,0.156123372,1.076472361,0.103005241,0.707182816,1.21193198
NIL 1,0.431065449,0.248604499,0.246560579,0.216079862,0.163665258,0.360018592,0.262980277,0.351195823,0.332849434,0.228819012,0.271935886,1.318795426,0.70474119,0.083767956,0.74318531,0.151014829,0.70474119,0.128571375,0.650940163,0.172692064,0.855728798,0.117608355,0.635095743,0.172692064,1.02083418,0.082141238,0.68073235,1.183660661
NIL 1,0.419690504,0.272682205,0.252155283,0.229945825,0.175121523,0.352687726,0.268776081,0.339608265,0.321616045,0.231378524,0.258369487,1.293764598,0.66728876,0.097557751,0.73672432,0.167600381,0.66728876,0.118371859,0.629785053,0.162596252,0.834880696,0.116401202,0.619201456,0.162799371,0.987228424,0.100560228,0.65816344,1.140175425
NIL 1,0.423928417,0.274672241,0.253235294,0.230271386,0.170825919,0.374450962,0.278531993,0.367544512,0.347845427,0.237573738,0.249269395,1.289928134,0.660529282,0.10123789,0.726910295,0.162935701,0.660529282,0.125417452,0.627087262,0.177367062,0.823195752,0.12283716,0.627087262,0.178964996,0.984614743,0.10263434,0.691226153,1.146152468
NIL 1,0.453890304,0.190953086,0.185929572,0.167476936,0.146482493,0.370820561,0.294159304,0.394993563,0.376078026,0.262276581,0.313544377,1.410042418,0.715314755,0.042698408,0.775519487,0.15096167,0.715314755,0.102215826,0.678643325,0.188922595,0.865144417,0.09018909,0.611290815,0.202536333,1.050075044,0.063773317,0.66739086,1.228703301
NIL 1,0.468534649,0.178210096,0.163619397,0.159303899,0.13809407,0.383004038,0.295683086,0.411172272,0.391433125,0.276453578,0.320672976,1.454205356,0.739554913,0.036334953,0.78907198,0.15791661,0.739554913,0.10900486,0.702319132,0.195294506,0.892530903,0.107309502,0.625188838,0.215641818,1.085226921,0.060558256,0.685191976,1.27561046
NIL 1,0.476387159,0.182389648,0.164937876,0.156635133,0.153140973,0.379895999,0.293283648,0.3993428,0.388256684,0.274210185,0.313385418,1.454064032,0.729410211,0.016989466,0.809321149,0.150527048,0.729410211,0.090300248,0.717641541,0.198856596,0.878085862,0.083663415,0.620348181,0.22346153,1.076420413,0.053725407,0.685130611,1.270608724
NIL 1,0.469424968,0.150619461,0.118390575,0.108852445,0.110825762,0.380604093,0.258515824,0.399497553,0.390072604,0.284970183,0.316330562,1.472553119,0.731044939,0.024041483,0.840162992,0.186418412,0.731044939,0.076025846,0.707540895,0.196236537,0.917443289,0.07212445,0.620554416,0.212668629,1.11284414,0.035046183,0.661250061,1.309019579
NIL 1,0.488910074,0.168006229,0.109615882,0.077739115,0.025295973,0.377561167,0.238492719,0.396393267,0.378689341,0.285320433,0.318188974,1.478702941,0.698635102,0.025295973,0.871110777,0.211305088,0.698635102,0.07541802,0.706729624,0.197387847,0.909287701,0.083472452,0.607630119,0.211473257,1.106134528,0.042159955,0.61870362,1.30763842
NIL 1,0.480197719,0.115944265,0.057972133,0.034146461,0.053028967,0.374971421,0.2631976,0.381049738,0.37037037,0.280236036,0.304064826,1.475729575,0.763043865,0.053028967,0.796296296,0.18332398,0.763043865,0.066769468,0.679152623,0.186108808,0.945170382,0.066769468,0.58806138,0.2072089,1.130994925,0.018518519,0.61284826,1.326008688
NIL 1,0.505949352,0.143104087,0.076095673,0.048999596,0.035652443,0.376279213,0.275266208,0.378524559,0.374397805,0.28173201,0.310014567,1.497449754,0.767241157,0.063998093,0.793394807,0.189588473,0.767241157,0.061177394,0.683364321,0.199745619,0.950917478,0.0605975,0.579892823,0.202379741,1.150370754,0.018790487,0.595275992,1.342014439
NIL 1,0.491713161,0.153014348,0.098968245,0.075514248,0.040953351,0.388431256,0.282785781,0.385048626,0.377571242,0.284912909,0.299939616,1.497123679,0.727633993,0.018314895,0.831504321,0.17681227,0.727633993,0.106478713,0.731312651,0.209943352,0.897616744,0.091574477,0.630681609,0.191213122,1.106225749,0.046333428,0.626894017,1.290699944
NIL 1,0.482822662,0.129931816,0.068243533,0.056298043,0.016085155,0.38233977,0.277672828,0.378343226,0.364764362,0.282407869,0.29275424,1.448959121,0.713798577,0.04100926,0.787721098,0.183398985,0.713798577,0.079210202,0.680774614,0.191169885,0.889823158,0.080425775,0.587163242,0.197166211,1.079624294,0.046895883,0.582684602,1.269734262
NIL 1,0.495118271,0.132343761,0.092694126,0.058624913,0.029312456,0.375910439,0.296710318,0.398692509,0.376613076,0.288350598,0.305165921,1.477077553,0.739991604,0.041454073,0.781688988,0.172459369,0.739991604,0.074953169,0.698075913,0.182694816,0.89653073,0.076696499,0.609790143,0.207270366,1.077069781,0.034491874,0.601606134,1.276199331
NIL 1,0.489348861,0.137772843,0.091889411,0.064191183,0.016437678,0.38768185,0.290579832,0.387071533,0.380737208,0.291508204,0.303095798,1.482720431,0.739695491,0.049993245,0.782906411,0.173376594,0.739695491,0.080946175,0.705720249,0.200141803,0.892226782,0.088900334,0.616467699,0.209540097,1.08886432,0.041094194,0.613722216,1.290174454
NIL 1,0.494434929,0.139204791,0.09719889,0.076561509,0.033217047,0.393905716,0.30079315,0.399382324,0.386750425,0.286827802,0.305569748,1.495343668,0.757465203,0.041521308,0.780114555,0.175178591,0.757465203,0.089439635,0.707082399,0.202221986,0.910178898,0.085497606,0.623704782,0.219866991,1.108300086,0.041521308,0.632433724,1.31839144
NIL 1,0.481672629,0.160303952,0.11364529,0.098588669,0.11452062,0.41088965,0.311016467,0.402789686,0.390026108,0.295766008,0.318210997,1.534287353,0.744238684,0.025801834,0.806075063,0.180612838,0.744238684,0.083208414,0.704253012,0.2196947,0.900110579,0.062139045,0.617359766,0.237881156,1.104517417,0.008159256,0.66811307,1.306118299
NIL 1,0.48791381,0.162151154,0.131849576,0.11692886,0.150269905,0.401833216,0.323347071,0.420490987,0.403063006,0.295558142,0.32094654,1.509230856,0.717873761,0.023596459,0.801044851,0.198982813,0.717873761,0.078654863,0.696617486,0.200531341,0.881285534,0.049745703,0.614213403,0.228640907,1.067853831,0.024872852,0.676111639,1.24932548
NIL 1,0.479214072,0.168144892,0.137364813,0.11692886,0.134635439,0.40908091,0.323347071,0.404900689,0.395548729,0.295558142,0.311655938,1.495890601,0.6771631,0.007865486,0.825913516,0.186960475,0.6771631,0.086520349,0.737554498,0.211053145,0.820766417,0.063413578,0.644057987,0.214685996,1.017813378,0.017587762,0.678896728,1.196484995
NIL 1,0.487244182,0.177656048,0.154264384,0.148425223,0.184283365,0.413217428,0.334068961,0.423775779,0.40277412,0.299496695,0.305651023,1.493262231,0.686865246,0.02383506,0.811831771,0.19477456,0.686865246,0.0794502,0.728259794,0.213187258,0.829065789,0.040511812,0.636097971,0.230542523,1.028105237,0.025124359,0.703840888,1.206204764
NIL 1,0.46704586,0.157673882,0.135009091,0.122231488,0.147692869,0.410013315,0.325053035,0.405617048,0.396150725,0.297502503,0.294676771,1.449770567,0.654001287,0.024446298,0.799846098,0.188093569,0.654001287,0.077691549,0.724905894,0.197546657,0.784912715,0.047023392,0.623260743,0.209298002,0.97325743,0.021865433,0.667388402,1.137344128
NIL 1,0.478364582,0.188838184,0.150180223,0.138349217,0.172473268,0.406290074,0.336085358,0.407862381,0.395802419,0.297300667,0.304492423,1.465003721,0.663407659,0.046844988,0.803262169,0.199052924,0.663407659,0.054652486,0.716633057,0.202544015,0.801172563,0.034916193,0.6227428,0.21874932,0.98896687,0.032191139,0.680865756,1.153609022
NIL 1,0.469219104,0.177396064,0.147354219,0.142218339,0.170382919,0.409073182,0.31660378,0.395242379,0.38909893,0.276482538,0.278625845,1.438156001,0.607165227,0.031800987,0.832311489,0.196640433,0.607165227,0.06984303,0.747193838,0.21733336,0.742080937,0.030851489,0.646824486,0.208390335,0.94390559,0.039328087,0.700344098,1.10218538
NIL 1,0.475281371,0.177126909,0.161571927,0.146386455,0.169440599,0.416111333,0.308140506,0.401928106,0.388141878,0.272889565,0.283737059,1.441718852,0.623395947,0.056012447,0.818668696,0.188618308,0.623395947,0.046800174,0.732376961,0.213358416,0.749513941,0.017204086,0.635573993,0.200189338,0.94246365,0.046800174,0.681985256,1.091558261
NIL 1,0.480813404,0.184190818,0.161166966,0.155209532,0.169015916,0.415564766,0.315500526,0.400259075,0.385415589,0.2722056,0.273931168,1.454152681,0.631560864,0.046682875,0.823762132,0.188145559,0.631560864,0.046682875,0.738121068,0.202615714,0.761335974,0.017160966,0.648357567,0.199540053,0.944819904,0.039133024,0.698390186,1.090768079
NIL 1,0.462383696,0.175000619,0.152220743,0.152789086,0.174835446,0.410764664,0.319626501,0.397902742,0.385361401,0.282487015,0.282077613,1.429938591,0.61285584,0.038760407,0.817651673,0.184953478,0.61285584,0.061285584,0.743941981,0.207481695,0.729906298,0.015203082,0.643981103,0.197786199,0.921042074,0.045609247,0.690778942,1.066927142
NIL 1,0.471411397,0.175680042,0.15352718,0.137488729,0.15352718,0.405475937,0.313541148,0.391419044,0.383589872,0.273808014,0.284262439,1.454281892,0.628569155,0.038947651,0.826980844,0.185846953,0.628569155,0.055607392,0.749717956,0.198153671,0.751660938,0.031493364,0.652121571,0.198741666,0.935149231,0.030553051,0.692180024,1.084579512
NIL 1,0.481478534,0.174377583,0.144250426,0.129776671,0.144051047,0.410039555,0.326098411,0.411159501,0.391685149,0.281747232,0.279596849,1.436034342,0.621231526,0.0386589,0.815510389,0.1932945,0.621231526,0.061125088,0.733501055,0.1932945,0.749163662,0.031259878,0.649812828,0.197122485,0.923653397,0.023975232,0.70284651,1.064942994
NIL 1,0.467313166,0.16711435,0.137006369,0.121274752,0.144527425,0.409135128,0.310990546,0.380132083,0.374291135,0.27117859,0.277540499,1.418819212,0.59301377,0.037824556,0.826100772,0.167968287,0.59301377,0.069745035,0.759887705,0.206481892,0.694737326,0.037824556,0.652733925,0.189727008,0.8845772,0.031190928,0.680000943,1.029050396
NIL 1,0.481714415,0.192501348,0.161755011,0.146386455,0.176959729,0.416111333,0.323967151,0.416608946,0.393894684,0.282901308,0.280801046,1.458882168,0.629819957,0.041432926,0.830264283,0.190336606,0.629819957,0.063445535,0.738814857,0.206449035,0.764798555,0.023081704,0.643211987,0.192501348,0.953329943,0.039231353,0.700145015,1.08658481
NIL 1,0.471328907,0.175815243,0.153500316,0.129827744,0.145903269,0.405908192,0.320841801,0.406554257,0.385267597,0.280806358,0.280078475,1.445155855,0.63899672,0.055597662,0.807133135,0.185814433,0.63899672,0.055597662,0.732269322,0.198118998,0.759135043,0.022910778,0.638448852,0.191533133,0.941171753,0.030547705,0.673869484,1.087692406
NIL 1,0.472496852,0.14794812,0.125816113,0.120270801,0.140569646,0.399235076,0.310655034,0.379395635,0.376507161,0.284324834,0.272462489,1.39808431,0.568649668,0.010448459,0.830143093,0.173897023,0.568649668,0.073881766,0.749417532,0.195193332,0.68714014,0.046726931,0.644298135,0.201657975,0.868794276,0.023363466,0.659909349,1.031411675
NIL 1,0.488490638,0.183953726,0.154474303,0.145327859,0.162032021,0.405475937,0.321170555,0.405979232,0.391046229,0.280855503,0.287629023,1.455384723,0.639884033,0.055607392,0.815579055,0.20381427,0.639884033,0.055080296,0.718362263,0.191414315,0.777828711,0.010802135,0.621709541,0.19859483,0.953590525,0.038947651,0.670994316,1.092939043
NIL 1,0.477069475,0.174649537,0.151487229,0.130590615,0.151298224,0.402080545,0.3102536,0.395985347,0.38350444,0.28112578,0.281532619,1.450254839,0.622532901,0.037824556,0.828832606,0.184062234,0.622532901,0.068084201,0.751177017,0.21019021,0.744442613,0.033831311,0.638327906,0.197268749,0.942431281,0.033831311,0.671532356,1.094588016
NIL 1,0.47945784,0.150940172,0.128520926,0.120987752,0.143393164,0.40112901,0.310254577,0.40112901,0.386374411,0.280460488,0.274300282,1.429973925,0.634532449,0.045906661,0.797629912,0.18501719,0.634532449,0.05336541,0.716170955,0.195786335,0.763852722,0.023865737,0.623439557,0.188826095,0.945306136,0.031117114,0.665935313,1.08710985
NIL 1,0.475940476,0.15112873,0.129183979,0.113205129,0.136682139,0.408166898,0.310254577,0.393603813,0.388065979,0.280460488,0.279341287,1.445976126,0.638469792,0.033751249,0.81178594,0.186702682,0.638469792,0.062234227,0.723647548,0.189127494,0.777927841,0.037735043,0.630073529,0.196367305,0.955613424,0.022641026,0.672869889,1.104496395
NIL 1,0.484048774,0.176516201,0.146019555,0.123033477,0.161349591,0.407405821,0.322699183,0.407405821,0.392907434,0.289303558,0.284892715,1.472986825,0.659704686,0.04132908,0.816616801,0.19566512,0.659704686,0.063286517,0.72937135,0.20276101,0.800849178,0.03069847,0.625469549,0.199687587,0.993233083,0.023023852,0.684247129,1.136258147
NIL 1,0.476203507,0.169683192,0.139686059,0.115693085,0.139686059,0.393658839,0.32430771,0.402254207,0.379814915,0.286624284,0.30238001,1.473885306,0.676494094,0.048780488,0.800728401,0.201865187,0.676494094,0.068986027,0.729957257,0.193284027,0.809814867,0.030851489,0.638120754,0.200682951,0.992655959,0.023138617,0.686835504,1.146730603
NIL 1,0.476815416,0.1765686,0.153392998,0.123669388,0.138053698,0.40714212,0.307169239,0.400661218,0.386918444,0.285018059,0.292353533,1.465083816,0.631711029,0.034299717,0.836027019,0.203064754,0.631711029,0.072760688,0.745220062,0.216115438,0.777817459,0.039107694,0.641184566,0.2,0.981625303,0.017149859,0.67983562,1.141541785
NIL 1,0.472499254,0.174805146,0.145202071,0.129427147,0.152762607,0.395503843,0.319571108,0.403456645,0.383416035,0.289407898,0.306374814,1.468810835,0.666613715,0.055330464,0.804475696,0.208695003,0.666613715,0.050983851,0.713692981,0.197166856,0.814501481,0.016994617,0.620291879,0.197751922,0.99965336,0.030400895,0.66674368,1.151352375
NIL 1,0.478897891,0.181611276,0.143477268,0.12908109,0.150819956,0.400312644,0.309272859,0.393290328,0.378705275,0.284266611,0.294485378,1.471035875,0.637470834,0.038451695,0.834737704,0.207068714,0.637470834,0.068286639,0.741361012,0.209118273,0.782085457,0.037704989,0.644567862,0.204164769,0.975823763,0.023846729,0.682241535,1.137666428
NIL 1,0.472141143,0.165901951,0.13573796,0.105842948,0.106645814,0.403143745,0.302487084,0.393290328,0.378705275,0.284266611,0.287152641,1.484255346,0.679736355,0.054899293,0.810964106,0.190922815,0.679736355,0.054899293,0.727774661,0.199088055,0.82144972,0.037704989,0.635639467,0.1973668,1.008944925,0.007540998,0.659567931,1.174896168
NIL 1,0.487462551,0.160188568,0.114544596,0.091749644,0.099344733,0.403468273,0.306295815,0.404976302,0.386266413,0.283150429,0.30667466,1.542357911,0.746311686,0.031415563,0.819571909,0.181110908,0.746311686,0.084158948,0.73166014,0.194257172,0.900153188,0.061429512,0.64369218,0.206989619,1.086799004,0.007619393,0.675380879,1.264015763
NIL 1,0.487986941,0.168498965,0.129669026,0.10176474,0.107870409,0.403902305,0.298354809,0.397806412,0.384796595,0.287530796,0.293439237,1.504395855,0.693397836,0.038893229,0.82730345,0.203529481,0.693397836,0.070322903,0.727305783,0.201374148,0.864041303,0.053935204,0.63602391,0.207212289,1.057817733,0,0.666050642,1.237574971
NIL 1,0.481793425,0.169360414,0.130734424,0.102600869,0.115609962,0.407220884,0.308474352,0.408236218,0.389859032,0.282767429,0.299525518,1.510132944,0.719851083,0.048637476,0.81113109,0.188529048,0.719851083,0.069212342,0.724437211,0.199946767,0.8768583,0.054378352,0.642033112,0.208205897,1.067728319,0.00769026,0.681662518,1.245727217
NIL 1,0.500579986,0.186599453,0.132058465,0.10745665,0.115980948,0.408527634,0.317814242,0.409546226,0.396700876,0.290823484,0.307244435,1.522894346,0.722161046,0.039338619,0.819564646,0.198350438,0.722161046,0.077149379,0.720428154,0.207013507,0.890565861,0.056165596,0.62027333,0.208874018,1.091629634,0.017251126,0.659570791,1.268866901
NIL 1,0.487491888,0.202909331,0.155624353,0.134324643,0.140277896,0.410638971,0.319882819,0.413577391,0.401996109,0.293321976,0.309884001,1.541407955,0.729279031,0.047331299,0.830843135,0.198382903,0.729279031,0.07820027,0.740688545,0.208791979,0.892434768,0.047331299,0.641891504,0.218429188,1.094969673,0.011004304,0.685851549,1.279767856
NIL 1,0.491012499,0.201000066,0.154501201,0.124562851,0.146979292,0.409063632,0.325279155,0.410592575,0.397221357,0.291205051,0.31092767,1.536956954,0.729967083,0.04885757,0.824846884,0.198610678,0.729967083,0.063702477,0.72771542,0.20040539,0.896439883,0.039390232,0.628774335,0.209148066,1.090985266,0.024428785,0.667491682,1.266391601
NIL 1,0.499111637,0.208261329,0.154038341,0.125221697,0.130769231,0.408851762,0.309226942,0.401181686,0.386303986,0.289970413,0.313125114,1.542168611,0.720946124,0.054392829,0.837331631,0.196116135,0.720946124,0.069656809,0.743770977,0.216753889,0.882237607,0.039223227,0.63306337,0.208261329,1.093282339,0.010878566,0.66865581,1.269417236
NIL 2,0.361120051,0.3691046,0.407448017,0.381730736,0.295431357,0.3282579,0.238403837,0.268933234,0.241648837,0.186918644,0.252546229,0.807351173,0.93993549,0.204650403,1.740215916,0.17950935,0.93993549,0.217205453,1.854664666,0.209380343,1.047602959,0.208528334,1.756495613,0.328528964,0.954198578,0.173456724,1.479866062,0.704521373
NIL 2,0.349841209,0.392507655,0.431023155,0.411114778,0.310304547,0.319797049,0.264504047,0.296871479,0.26330214,0.188600787,0.260011816,0.810042769,0.986243684,0.217291397,1.795228823,0.187153701,0.986243684,0.243172203,1.933907258,0.233378533,1.124474694,0.21582673,1.807240963,0.361247555,1.01036811,0.181873784,1.505198146,0.749612856
NIL 2,0.355741113,0.385564406,0.423929982,0.397882274,0.298700964,0.318046633,0.250717267,0.292092868,0.25906388,0.192069828,0.245054609,0.803608565,0.979949894,0.212042582,1.781822503,0.20186871,0.979949894,0.239257966,1.922627149,0.224111372,1.119616958,0.218662545,1.797606769,0.367328238,1.006100617,0.172327856,1.486321071,0.734656477
NIL 2,0.355097762,0.374853333,0.412934646,0.393945597,0.288922818,0.312541843,0.249462942,0.288922818,0.24929084,0.183551048,0.246607888,0.788354074,0.971525945,0.201815792,1.757644249,0.204036519,0.971525945,0.230133382,1.895522169,0.21806799,1.107640263,0.216289426,1.777747526,0.360376532,1.00064357,0.177004158,1.476642172,0.738517248
NIL 2,0.350573721,0.366959975,0.411660161,0.386466991,0.294362121,0.324052153,0.248536656,0.287479787,0.254883294,0.1828695,0.249818883,0.803762347,0.957475309,0.207427884,1.756752816,0.203278907,0.957475309,0.229278868,1.894699629,0.222776518,1.090948141,0.215486317,1.778383546,0.359216342,0.98305053,0.170200529,1.471159219,0.709782663
NIL 2,0.352721472,0.382911534,0.420331533,0.394887331,0.296165498,0.318815025,0.255011438,0.296165498,0.256444808,0.18398983,0.240924807,0.796327116,0.999719655,0.221528762,1.793575533,0.195247338,0.999719655,0.243329217,1.926290617,0.23512727,1.130190147,0.21680647,1.788905006,0.352415688,1.003035627,0.184341068,1.493109506,0.743479714
NIL 2,0.34635118,0.394602957,0.439894123,0.413669865,0.307208938,0.317936588,0.260249139,0.300559081,0.267320585,0.200372721,0.250864556,0.787769586,1.012359226,0.21512369,1.797940532,0.196002871,1.012359226,0.240284666,1.948210251,0.240284666,1.16052576,0.220022771,1.815822368,0.366596945,1.037684845,0.18042901,1.511047727,0.76940174
NIL 2,0.349747769,0.381724119,0.426667186,0.407387284,0.296234284,0.311515454,0.256064126,0.296234284,0.257069617,0.196823166,0.236420697,0.797304988,0.984115828,0.21166433,1.781320221,0.194957501,0.984115828,0.230341079,1.915804528,0.227334867,1.121345978,0.216782339,1.794426739,0.360880531,1.017200933,0.177163906,1.487948549,0.756773523
NIL 2,0.355418241,0.380821963,0.432820275,0.407387284,0.30929922,0.313784551,0.246917535,0.29536215,0.263021857,0.196823166,0.230247729,0.840183102,0.938563368,0.209930601,1.778735673,0.222749492,0.938563368,0.244027462,1.929401481,0.250976252,1.095531461,0.223808605,1.794893915,0.369591883,0.987604838,0.1902698,1.483998985,0.74028811
NIL 2,0.356565631,0.380539601,0.439376664,0.407017724,0.315356388,0.30929922,0.252257841,0.301912954,0.269561069,0.203271041,0.232570238,0.853938788,0.942152621,0.214789812,1.794366836,0.217969113,0.942152621,0.244027462,1.936852439,0.249257216,1.096629817,0.223327812,1.793168354,0.369591883,0.986297905,0.183716704,1.479123506,0.74566999
NIL 2,0.351093859,0.388415436,0.42830932,0.408106759,0.302860425,0.30944127,0.249175417,0.303931489,0.264607882,0.197471012,0.211968573,0.857225382,0.944586877,0.225151595,1.799492033,0.200194879,0.944586877,0.245761294,1.924259069,0.242834932,1.081513158,0.238423476,1.793897319,0.377726942,0.985532257,0.191002101,1.464217928,0.728534532
NIL 2,0.371425294,0.370893462,0.418095327,0.404063233,0.311356034,0.302640048,0.247282019,0.298333604,0.265006677,0.19880328,0.211628436,0.839123195,0.939126271,0.212042582,1.776003084,0.215632433,0.939126271,0.247282019,1.918207297,0.226060203,1.09379408,0.232658396,1.796080989,0.367328238,1.002365934,0.192183986,1.4809252,0.755410657
NIL 2,0.361519201,0.385654355,0.433411241,0.41240435,0.312537291,0.292597436,0.255762321,0.305890603,0.272901334,0.199557522,0.206202175,0.827216594,0.987166266,0.227404281,1.809025866,0.18897806,0.987166266,0.254028319,1.940666856,0.245264543,1.130901953,0.23970516,1.802453822,0.386798733,1.027123861,0.193256478,1.464844004,0.761794914
NIL 2,0.358678963,0.378022653,0.431537356,0.404550558,0.311773434,0.299689025,0.25625531,0.298512616,0.265610446,0.198959291,0.22293702,0.810323304,0.981398061,0.220457109,1.790498517,0.195052277,0.981398061,0.252799247,1.93592377,0.25026376,1.134067958,0.239119308,1.798256447,0.385568299,1.0236687,0.192441625,1.47083421,0.760945234
NIL 2,0.376850439,0.391093462,0.437883214,0.410973997,0.304876538,0.308955575,0.262612866,0.305164565,0.265441214,0.198942957,0.243699433,0.830587026,0.976688534,0.226703959,1.806557594,0.189558308,0.976688534,0.252203119,1.943558973,0.264861376,1.120266355,0.232821859,1.796719562,0.382404567,1.002193947,0.185695338,1.466890611,0.736605257
NIL 2,0.3531372,0.393340795,0.439806233,0.413157625,0.306785996,0.321828847,0.271796751,0.306568853,0.266601916,0.199888981,0.253718188,0.825616509,0.995840405,0.2247702,1.820636422,0.199888981,0.995840405,0.253280365,1.965428167,0.2479662,1.140944174,0.239959301,1.833090826,0.381422072,1.024299658,0.18703837,1.509599325,0.74797544
NIL 2,0.334789008,0.385749933,0.430468947,0.404415647,0.304962099,0.323012647,0.259950136,0.298360877,0.264952843,0.191965174,0.251912897,0.788251294,1.000612531,0.219911297,1.785563163,0.203797807,1.000612531,0.245578878,1.940569586,0.216703668,1.152322891,0.225026197,1.828241164,0.363915759,1.04703596,0.185707528,1.523733779,0.774020143
NIL 2,0.343559214,0.390262575,0.434674525,0.402200649,0.307941506,0.319324223,0.254374026,0.294610733,0.267958035,0.193840628,0.24508193,0.788375539,1.018131838,0.226831526,1.800741613,0.208695782,1.018131838,0.247978124,1.951541554,0.228008861,1.163293138,0.220547435,1.835241408,0.343883785,1.052421351,0.187521846,1.540938802,0.782751719
NIL 2,0.336590433,0.388622256,0.418894749,0.393435637,0.292389134,0.328613385,0.253507304,0.285720765,0.257324999,0.203042753,0.233775543,0.778002713,1.026697016,0.212963684,1.792643237,0.195300587,1.026697016,0.239145985,1.92749194,0.206146206,1.151600014,0.215924592,1.813495501,0.340542183,1.036326015,0.181831581,1.535363302,0.775521226
NIL 2,0.343063328,0.38987969,0.427845678,0.402086967,0.292501916,0.323941772,0.253605089,0.293508811,0.257424256,0.19641855,0.243469535,0.805780902,1.011126374,0.217473777,1.805995422,0.206225723,1.011126374,0.239238231,1.937346991,0.204900918,1.132554519,0.223241128,1.812217474,0.355792915,1.008159341,0.188759087,1.505029694,0.720397393
NIL 2,0.344952144,0.394289129,0.425100217,0.398393107,0.294897423,0.335183867,0.263294834,0.294897423,0.266150704,0.203519998,0.233701232,0.800286318,1.0345686,0.22048577,1.820866704,0.197695776,1.0345686,0.248247004,1.949476389,0.196766531,1.151700769,0.231732357,1.840613474,0.346872791,1.04079448,0.189531284,1.53883668,0.751935266
NIL 2,0.355710893,0.38707418,0.431122933,0.397783003,0.293435705,0.339346757,0.250068509,0.288965088,0.265743117,0.197045601,0.241235931,0.818210425,0.985228004,0.215958425,1.791043964,0.200947873,0.985228004,0.241235931,1.932465662,0.186444514,1.116173477,0.217223817,1.821128308,0.335556567,1.003488343,0.189361685,1.532908396,0.729491512
NIL 2,0.350731233,0.396904648,0.426352298,0.402096181,0.303609358,0.340868271,0.25118973,0.296932436,0.266934618,0.197929086,0.24674682,0.818113147,1.00924427,0.223312887,1.81295721,0.198278065,1.00924427,0.25036269,1.944155121,0.192019418,1.128614446,0.22495794,1.828335957,0.347894463,1.010544946,0.190089526,1.527505116,0.723106733
NIL 2,0.342200485,0.404353255,0.427526887,0.408297109,0.308145032,0.352121394,0.262455791,0.30250489,0.264272116,0.20164357,0.245114912,0.826637373,1.021978047,0.227503742,1.833032888,0.191295887,1.021978047,0.246865061,1.964940252,0.185841847,1.141946625,0.222292635,1.851093912,0.332702904,1.024479147,0.193656887,1.572333146,0.756538903
NIL 2,0.366791539,0.41026087,0.433960434,0.408913732,0.308610402,0.357584686,0.269432368,0.309774241,0.264671228,0.201948098,0.247237884,0.843843456,1.031901659,0.234386745,1.856579138,0.184439282,1.031901659,0.241941417,1.968529389,0.195918433,1.129593375,0.223381382,1.849393731,0.322001346,1.005550282,0.193949353,1.574707733,0.739608301
NIL 2,0.346904185,0.397748814,0.427259097,0.394946087,0.297563974,0.346370075,0.271111609,0.303111993,0.267502355,0.205118488,0.232710402,0.806419511,1.047318349,0.230210754,1.836955109,0.183816416,1.047318349,0.257540752,1.95882163,0.206915836,1.156889749,0.226153859,1.835404845,0.331344836,1.029016647,0.190615272,1.553206626,0.756763838
NIL 2,0.342813315,0.405748535,0.434422842,0.409691539,0.297394714,0.352398254,0.274158885,0.311999833,0.268404558,0.199019029,0.23745309,0.814820777,1.043329676,0.233295608,1.843150591,0.184436372,1.043329676,0.25330987,1.96542813,0.212384501,1.154148884,0.221091927,1.83486479,0.334767032,1.0202516,0.191136299,1.54167034,0.73777707
NIL 2,0.337173502,0.403624502,0.440433117,0.415697646,0.304763342,0.347082499,0.269590697,0.311470521,0.267168138,0.198096172,0.233099134,0.804742595,1.057423399,0.237050249,1.846901057,0.203302507,1.057423399,0.256617249,1.980961724,0.216896454,1.179260871,0.22653164,1.849702601,0.34921677,1.045342706,0.184123474,1.543875263,0.751722121
NIL 2,0.347358557,0.394841298,0.431378159,0.405632554,0.314450127,0.345102527,0.255161747,0.308698854,0.272490471,0.210568934,0.255161747,0.833198543,0.995163825,0.225326246,1.810659386,0.235301212,0.995163825,0.248594653,1.969534551,0.202220716,1.138961792,0.224611409,1.857865253,0.326071108,1.025250943,0.189917712,1.581574666,0.762839615
NIL 2,0.34897817,0.400988831,0.423233233,0.410757397,0.314067948,0.350289137,0.263343103,0.301635699,0.265423528,0.210313011,0.25691161,0.843428637,0.992916194,0.233449749,1.822445903,0.206352788,0.992916194,0.254941537,1.958570767,0.203106461,1.117106051,0.225052387,1.851749822,0.309362545,1.009511533,0.196452939,1.594468368,0.768173351
NIL 2,0.338625561,0.410423271,0.432496202,0.412403877,0.324075451,0.31529589,0.264378291,0.305450709,0.271224442,0.215409114,0.236639365,0.767286082,1.077402775,0.2384498,1.839964276,0.18706472,1.077402775,0.252197225,1.95161017,0.211271346,1.184344077,0.22243966,1.83524668,0.310157016,1.073003004,0.19523523,1.577068009,0.835875104
NIL 2,0.334482366,0.418711247,0.456322407,0.429270538,0.318658361,0.334126192,0.276224995,0.319330243,0.277429345,0.207154377,0.22941027,0.78674967,1.082450632,0.241052496,1.863827289,0.220085887,1.082450632,0.257669553,2.001380739,0.231888221,1.214631069,0.228161203,1.872648077,0.348977223,1.09261101,0.193729085,1.58098821,0.828272561
NIL 2,0.343388424,0.411053187,0.441871218,0.42916502,0.319816641,0.335509001,0.28505144,0.32708775,0.279744275,0.210623984,0.249694302,0.801341969,1.07629198,0.250431953,1.87106901,0.206979886,1.07629198,0.267008466,1.996907916,0.23366633,1.195661205,0.237774634,1.866664471,0.367581882,1.070815178,0.197400679,1.558186633,0.79091568
NIL 2,0.358702459,0.425907312,0.444994159,0.425053362,0.330497826,0.334595063,0.288137088,0.330497826,0.290491829,0.215655751,0.236642424,0.776066977,1.12480759,0.253775202,1.896710607,0.191565257,1.12480759,0.270326791,2.004106058,0.245034251,1.228040836,0.242706303,1.876609734,0.364729383,1.108456827,0.202626051,1.574460648,0.837240666
NIL 2,0.341424982,0.408943244,0.455370078,0.435696477,0.328372033,0.328372033,0.292864079,0.329190237,0.295834302,0.221369968,0.247748108,0.763361375,1.149063152,0.258725077,1.901917027,0.21964168,1.149063152,0.275265621,2.022869604,0.252675781,1.260269864,0.247838576,1.895068356,0.386336303,1.135403435,0.201322742,1.574617646,0.840594857
NIL 2,0.342029146,0.431307715,0.469492992,0.444137506,0.334706947,0.34401543,0.287378866,0.341545883,0.296223355,0.218578031,0.247212648,0.804506858,1.098975261,0.249540189,1.899419958,0.24189381,1.098975261,0.27111268,2.038051126,0.24061009,1.233940065,0.257360571,1.90687301,0.394086444,1.113477222,0.20603281,1.570309231,0.813693354
NIL 2,0.360433344,0.419290923,0.468687841,0.443929241,0.337566615,0.35172051,0.291673055,0.338778293,0.294668065,0.218643267,0.24040616,0.81328002,1.075673357,0.243951215,1.884478319,0.256809695,1.075673357,0.27663483,2.037281785,0.236147949,1.224466036,0.249956094,1.897366596,0.377410949,1.094785868,0.206527622,1.575668654,0.808081136
NIL 2,0.343356551,0.4214277,0.469414853,0.445734155,0.341622963,0.35142155,0.292717507,0.337029872,0.287343739,0.213295634,0.240293225,0.804931365,1.083719098,0.243819247,1.884416142,0.259021577,1.083719098,0.276551314,2.041038439,0.234034514,1.236610041,0.250055657,1.900143741,0.376108524,1.10561805,0.207474977,1.58295667,0.823278111
NIL 2,0.340624974,0.408418999,0.454924876,0.431611933,0.330814406,0.337334828,0.288312705,0.331445932,0.283927465,0.206627268,0.24312662,0.792495824,1.075645112,0.243413157,1.864399726,0.250609184,1.075645112,0.273867642,2.020087676,0.232651211,1.228084051,0.248233688,1.887336271,0.375240989,1.105510071,0.20150348,1.565632751,0.81705131
NIL 2,0.34360612,0.40518094,0.454565468,0.432731162,0.331066431,0.335969989,0.285956801,0.337650783,0.292104773,0.213106822,0.243483442,0.786411197,1.072433318,0.243483442,1.855187923,0.253916362,1.072433318,0.271282441,2.025633007,0.234870542,1.239587402,0.252923527,1.899912599,0.374105214,1.123925802,0.202201993,1.578540915,0.834322389
NIL 2,0.348656806,0.398639188,0.472123265,0.440981584,0.328811846,0.339791372,0.29226591,0.356750884,0.292121522,0.212202957,0.241931159,0.76989102,1.095293618,0.255005578,1.860955303,0.287462807,1.095293618,0.294757402,2.074612356,0.267546737,1.304910005,0.261216836,1.909303731,0.399836835,1.149166122,0.201599611,1.560196381,0.831470232
NIL 2,0.340619262,0.418644148,0.486676363,0.455320846,0.333188788,0.335906011,0.296639642,0.370813696,0.301873763,0.211548437,0.239456571,0.778896236,1.120732626,0.264435546,1.897107124,0.300713331,1.120732626,0.309649395,2.132295173,0.281098841,1.354002958,0.26528039,1.951871115,0.410514361,1.185072553,0.211614535,1.594219602,0.861865181
NIL 2,0.34524756,0.425324284,0.487428516,0.451466497,0.331728022,0.345092043,0.301774237,0.353657758,0.295709836,0.207293601,0.243273346,0.78338605,1.127875275,0.262637534,1.907244397,0.296932625,1.127875275,0.304077891,2.109069037,0.260328024,1.326274775,0.259863659,1.937846019,0.396621353,1.165144108,0.212472744,1.599240923,0.860576914
NIL 2,0.344877883,0.422121682,0.493301845,0.457768744,0.33912662,0.342265134,0.304332083,0.371238661,0.298728251,0.21073222,0.241553916,0.771016312,1.14389978,0.260486073,1.909457815,0.303332774,1.14389978,0.30158696,2.132690404,0.283491649,1.361732014,0.258195481,1.944539405,0.398837947,1.181782548,0.210920066,1.599227887,0.865628991
NIL 2,0.322349166,0.542316652,0.535550622,0.535550622,0.475109764,0.345837053,0.395570574,0.454781417,0.39074772,0.305625972,0.374586509,0.854154512,1.28763077,0.357777399,2.137744916,0.417876501,1.28763077,0.423493279,2.314708689,0.27677506,1.500699953,0.366716167,2.194256319,0.400262458,1.425308826,0.29945497,1.945179243,1.269009482
NIL 2,0.339960093,0.54428629,0.567528247,0.552539339,0.457095583,0.352575165,0.39840744,0.453512277,0.378977598,0.297525893,0.383052372,0.814646722,1.359627492,0.383670143,2.170620678,0.376259879,1.359627492,0.421764596,2.351029703,0.329983342,1.566466795,0.348294997,2.180744011,0.400581126,1.441160407,0.290997859,1.89849519,1.238068682
NIL 2,0.345041112,0.557056118,0.593330068,0.571394072,0.45220755,0.34335729,0.395336251,0.45513518,0.397650671,0.29891537,0.324482014,0.765975316,1.414537964,0.355791766,2.179008989,0.397529196,1.414537964,0.419058177,2.390686671,0.312733854,1.646595721,0.354704131,2.216423517,0.454285452,1.505523919,0.292628587,1.865936599,1.224103889
NIL 2,0.333874208,0.396393672,0.457673748,0.429349,0.318220607,0.329502794,0.288551213,0.334568334,0.280396094,0.202295148,0.23084298,0.761989959,1.090552697,0.252857466,1.850489861,0.26280014,1.090552697,0.289073333,2.037543458,0.252398309,1.276467838,0.246821812,1.87598329,0.377569686,1.126125724,0.202352479,1.553895838,0.838315156
NIL 2,0.336944039,0.544910981,0.57410829,0.552075932,0.465880998,0.338313426,0.394988123,0.440955316,0.380952534,0.293863399,0.361580944,0.794579913,1.351297271,0.363352541,2.141182018,0.367779121,1.351297271,0.404497982,2.309015472,0.286427095,1.546996573,0.344109851,2.16423437,0.417497203,1.441431672,0.273865968,1.858804071,1.214488378
NIL 2,0.350888073,0.541243868,0.582712568,0.561429024,0.438995833,0.348218694,0.401011466,0.436030842,0.387445211,0.269864006,0.334075944,0.770058726,1.395095121,0.356805224,2.162324816,0.334960374,1.395095121,0.394142363,2.334333401,0.299597667,1.586312069,0.331202413,2.173295533,0.453580305,1.458654894,0.264497703,1.791765416,1.139776148
NIL 2,0.342785987,0.394542655,0.461927595,0.428137305,0.314586226,0.333867957,0.280084745,0.341268681,0.276223118,0.19658186,0.243974429,0.821942554,1.015235505,0.242386296,1.836178458,0.282145482,1.015235505,0.289159001,2.058604555,0.260760136,1.238556443,0.236641967,1.87397095,0.374163803,1.067582801,0.19658186,1.55416654,0.788809958
NIL 2,0.340553946,0.377631179,0.438693763,0.415196578,0.304029047,0.318048944,0.259358158,0.309585828,0.265282562,0.192706596,0.239697728,0.80156879,0.980889958,0.22237938,1.781770956,0.233173783,0.980889958,0.248627705,1.955740559,0.2158693,1.15603895,0.226820177,1.825146761,0.375073445,1.038159029,0.18326739,1.505618228,0.760312903
NIL 2,0.335157704,0.378454045,0.430205842,0.411477101,0.305063909,0.315043942,0.248489129,0.287120381,0.252035154,0.179065507,0.235360735,0.789187203,0.978051996,0.206446775,1.765370876,0.228973299,0.978051996,0.235162202,1.913990137,0.203942918,1.126078289,0.213126018,1.797618956,0.365265606,1.020950551,0.173971925,1.492695902,0.756414265
NIL 2,0.330336462,0.380114415,0.438274001,0.413885528,0.305498175,0.315675778,0.247161975,0.291873926,0.256680908,0.187280861,0.237873211,0.824795589,0.951556484,0.213680451,1.775201939,0.236750439,0.951556484,0.233868152,1.924867731,0.208865145,1.102720122,0.212144594,1.810765907,0.356572135,1.003819853,0.172257111,1.513495791,0.753009657
NIL 2,0.384797053,0.476229256,0.524668868,0.504209078,0.393607538,0.371381832,0.355258365,0.394875977,0.345677973,0.249302499,0.315043289,0.753774772,1.311526924,0.328076857,2.060440732,0.300893242,1.311526924,0.354385905,2.216568987,0.285293848,1.46330389,0.318127229,2.070080004,0.451273908,1.328556237,0.249302499,1.685081862,0.979598529
NIL 2,0.329195086,0.383493428,0.43810256,0.418247134,0.316305623,0.310057097,0.244638737,0.281166244,0.249931952,0.183350985,0.249672552,0.796560867,0.971990513,0.200049241,1.767623073,0.223661851,0.971990513,0.221799909,1.904323568,0.203644765,1.11028426,0.193730295,1.7868015,0.346083779,1.006446137,0.158152811,1.498701303,0.760487785
NIL 2,0.33514286,0.374701109,0.424875521,0.404426983,0.312431297,0.309697076,0.23476281,0.282103403,0.250875156,0.1841631,0.249462942,0.805124641,0.949499474,0.199772193,1.752538498,0.220922289,0.949499474,0.217038294,1.888364822,0.197466419,1.084528097,0.194461683,1.77326913,0.340948978,0.980616601,0.15891459,1.492093332,0.739011055
NIL 2,0.342160526,0.369181936,0.414793553,0.389148097,0.296059127,0.308492764,0.232696478,0.270222379,0.238845096,0.170982161,0.245769576,0.817164848,0.923372866,0.197297173,1.739690631,0.209120883,0.923372866,0.214695039,1.866475701,0.204184415,1.051850399,0.191987136,1.748863485,0.34294422,0.949121812,0.150346356,1.462598588,0.709229661
NIL 2,0.343086393,0.388040261,0.430153562,0.403559923,0.312022312,0.315431486,0.237358905,0.280403908,0.247552627,0.172047984,0.261852637,0.818659224,0.953718877,0.206067977,1.769946574,0.205435757,0.953718877,0.217465946,1.898665713,0.208785474,1.080689773,0.194224882,1.783547856,0.351122878,0.976719232,0.150637964,1.486910766,0.718944741
NIL 2,0.344192564,0.362391811,0.410073323,0.388505867,0.291716191,0.308770513,0.229665891,0.280945769,0.24296215,0.178078237,0.2424227,0.836305263,0.897388793,0.191538085,1.733091915,0.228968106,0.897388793,0.21146307,1.873408398,0.200662234,1.04113577,0.194252934,1.754862242,0.337707443,0.939363765,0.162174218,1.469362034,0.702152101
NIL 2,0.343038586,0.369149967,0.417720679,0.396208445,0.29167053,0.307147558,0.228530994,0.281076099,0.24200421,0.181399174,0.248952523,0.840359312,0.898837824,0.196113175,1.738227247,0.225472251,0.898837824,0.215406592,1.875659381,0.201203924,1.038460399,0.197875509,1.759897081,0.344005265,0.938646155,0.15971673,1.468769219,0.695538342
NIL 2,0.34778964,0.370137481,0.419877741,0.391891045,0.291143181,0.317947321,0.232833807,0.269629236,0.240773592,0.16793617,0.24116372,0.829732338,0.909270932,0.195525274,1.738569733,0.210125367,0.909270932,0.209003893,1.861534543,0.191067117,1.035606379,0.196245149,1.758623063,0.358001332,0.94883523,0.156840355,1.455123812,0.696119675
NIL 2,0.358228028,0.511824907,0.528318493,0.519875245,0.412629934,0.359461174,0.358228028,0.414605039,0.35488672,0.264159247,0.300339065,0.800469601,1.303571553,0.32848725,2.103991907,0.318383999,1.303571553,0.350058105,2.244803987,0.228209964,1.453666362,0.321786998,2.099392233,0.454401849,1.325427009,0.248077913,1.734662617,1.018449189
NIL 2,0.357434712,0.362856965,0.402882409,0.379705607,0.281961347,0.311359958,0.227956983,0.265205509,0.235947875,0.178439341,0.234752482,0.8177725,0.910829167,0.19535194,1.728176835,0.21169588,0.910829167,0.221326763,1.855395279,0.194673043,1.041313861,0.201687515,1.744143023,0.347575781,0.945823346,0.150022891,1.440911332,0.686961471
NIL 2,0.352793877,0.369572308,0.410338497,0.386777154,0.287179566,0.304021684,0.233282234,0.264721086,0.240528745,0.175885253,0.229797448,0.810446812,0.924850063,0.193277581,1.735249299,0.195133937,0.924850063,0.212970005,1.848781062,0.182024853,1.043023008,0.199312122,1.746786135,0.340663327,0.95656754,0.164173048,1.455161009,0.710195524
NIL 2,0.34690994,0.371716245,0.418979833,0.388940023,0.293227293,0.307992986,0.231178687,0.270295858,0.245375323,0.179887963,0.242292412,0.81798582,0.91672524,0.193130893,1.733713694,0.207343007,0.91672524,0.212459146,1.862871233,0.189198587,1.047039409,0.197800766,1.754249463,0.340189372,0.95116285,0.155672616,1.456177838,0.690743287
NIL 2,0.348454592,0.372192603,0.408582161,0.384237592,0.29881382,0.308187518,0.229637449,0.275502853,0.250102248,0.183353335,0.233412124,0.824503863,0.919399613,0.202714931,1.743819773,0.215777801,0.919399613,0.222564919,1.874393419,0.174413963,1.055154343,0.201334337,1.769162734,0.335624948,0.964447982,0.158671502,1.475736575,0.712137768
NIL 2,0.356446891,0.372446982,0.421917887,0.390852251,0.297792192,0.310758058,0.234852487,0.274101855,0.242274101,0.18002305,0.241319009,0.812606117,0.929214005,0.202082991,1.741602162,0.210753586,0.929214005,0.226424898,1.882432218,0.191119577,1.073292691,0.205107787,1.769022539,0.335819475,0.974048384,0.161423367,1.477543173,0.721907246
NIL 2,0.343883643,0.363397463,0.407062032,0.381966861,0.288108638,0.305352708,0.230921997,0.276653237,0.244288586,0.175440832,0.233790703,0.815591671,0.920307113,0.206542913,1.73575941,0.217003807,0.920307113,0.228532496,1.869035893,0.177992429,1.058254582,0.206732663,1.753570028,0.338945334,0.956430065,0.169530498,1.457051926,0.70064498
NIL 2,0.352364003,0.370552533,0.414916264,0.389251057,0.287113841,0.305322885,0.241526457,0.269185472,0.236071381,0.17876251,0.226298636,0.824714915,0.925914316,0.207825727,1.750577817,0.176008623,0.925914316,0.219263612,1.859473847,0.191409227,1.040068419,0.204568223,1.742571685,0.345362696,0.939899653,0.1600173,1.442810316,0.68768351
NIL 2,0.363415351,0.369602564,0.414939589,0.388816059,0.291684039,0.313473529,0.232658757,0.273402792,0.246335423,0.175087191,0.250393383,0.794407869,0.941870734,0.204924056,1.734836762,0.197089646,0.941870734,0.223733528,1.863096674,0.185340187,1.06973498,0.207773187,1.750104232,0.353575661,0.966146841,0.168611534,1.445274034,0.696892455
NIL 2,0.417840174,0.461177506,0.471629532,0.481646254,0.431100712,0.376327349,0.354458415,0.392153414,0.351039122,0.280895714,0.318460716,0.824296835,1.250590372,0.336268778,2.070231358,0.269947486,1.250590372,0.341459562,2.146625446,0.260086504,1.323416905,0.310793537,2.031513708,0.375391376,1.22312295,0.262395009,1.754049921,0.99096329
NIL 2,0.360569054,0.477848582,0.48740177,0.468197981,0.391874002,0.339305578,0.339305578,0.37703161,0.345174506,0.239067546,0.285054866,0.794852425,1.229970543,0.301703977,2.024816365,0.299120718,1.229970543,0.328366168,2.131828078,0.21215678,1.348922832,0.296360959,2.009313656,0.423128475,1.246157245,0.230116337,1.64945924,0.940093684
NIL 2,0.342888387,0.377429361,0.419078621,0.398185954,0.300339678,0.293687448,0.254244868,0.287730021,0.244562289,0.181600736,0.245259475,0.797137282,0.969558111,0.214258997,1.766465961,0.193185699,0.969558111,0.233123927,1.901991705,0.202554667,1.110756006,0.202675056,1.761016923,0.349860237,0.985230971,0.161253021,1.460926345,0.730955559
NIL 2,0.356456648,0.363751325,0.404587691,0.383857269,0.293265694,0.321816245,0.230056538,0.272813494,0.244211082,0.181339945,0.252052913,0.797061295,0.933348158,0.20512953,1.728466218,0.193914319,0.933348158,0.231846888,1.871394151,0.199478817,1.074656416,0.20935461,1.752016746,0.352476834,0.963734083,0.16753596,1.455088881,0.702499724
NIL 2,0.355993792,0.369008721,0.410903393,0.389907303,0.297887901,0.317226107,0.240561646,0.284795034,0.248060131,0.184334263,0.247452388,0.796625084,0.9469199,0.199502493,1.742523537,0.211352182,0.9469199,0.235501063,1.893481989,0.205939706,1.098195304,0.205573807,1.758393985,0.35507619,0.973860326,0.170176521,1.46518179,0.722484282
NIL 2,0.357546637,0.365489936,0.415397705,0.386758416,0.293686886,0.317191149,0.251858382,0.294384481,0.257894183,0.193346058,0.257097597,0.784509794,0.970198465,0.210610303,1.75421723,0.214828954,0.970198465,0.238041511,1.914242646,0.2027957,1.131523132,0.207791417,1.776843107,0.349202612,1.004630069,0.17916729,1.484687582,0.750365277
NIL 2,0.3583669,0.35687355,0.406510768,0.392312061,0.292489442,0.303414608,0.242165266,0.286071913,0.249611875,0.192689757,0.242165266,0.781311128,0.960276057,0.207680215,1.740911135,0.212761088,0.960276057,0.237070949,1.892191208,0.187200416,1.112647215,0.213953036,1.769382839,0.360912553,0.99959302,0.171755714,1.472671209,0.743689865
NIL 2,0.363202124,0.361688625,0.404767575,0.383151781,0.289210033,0.313814759,0.243830944,0.289480871,0.260207727,0.187927803,0.250906095,0.783962332,0.967255552,0.212581635,1.750069968,0.21110193,0.967255552,0.240269601,1.903653421,0.205458148,1.12071182,0.209736364,1.771801955,0.352471181,0.99874536,0.181277128,1.477147729,0.741248155
NIL 2,0.36040376,0.365464107,0.408650147,0.386971754,0.292211015,0.311692128,0.247747371,0.299942324,0.262763107,0.196996343,0.247747371,0.768317264,0.990774587,0.212467411,1.757466296,0.223338809,0.990774587,0.242535625,1.920567967,0.207395859,1.153001199,0.219006395,1.789360208,0.372104204,1.030826436,0.182549886,1.48140816,0.760832515
NIL 2,0.356162607,0.379546634,0.429924563,0.400843374,0.30613473,0.309584244,0.256286126,0.299559846,0.262428039,0.189598362,0.24222635,0.801752978,0.969809219,0.212196479,1.77154569,0.223054014,0.969809219,0.243210792,1.933339253,0.211820799,1.136843109,0.211444451,1.793766086,0.355266975,1.013502009,0.175490755,1.488089673,0.752842011
NIL 2,0.348517308,0.37913726,0.428445998,0.399433362,0.297651239,0.312415382,0.262280672,0.313425348,0.268630291,0.195955954,0.236402678,0.773439792,1.015471571,0.229506346,1.788883827,0.229506346,1.015471571,0.263782578,1.967901494,0.21047121,1.197596575,0.232357466,1.816162477,0.383007518,1.057224914,0.188698326,1.49503612,0.779139399
NIL 2,0.358570653,0.390951071,0.454395663,0.418680819,0.317277814,0.330121728,0.276303122,0.332865278,0.281243323,0.209060937,0.246585665,0.780704843,1.038145749,0.237131105,1.818411651,0.248579793,1.038145749,0.283452074,2.026549178,0.235371295,1.247156625,0.238006131,1.847881445,0.380441158,1.077618589,0.201851939,1.530108728,0.797107858
NIL 2,0.351490495,0.375597734,0.431297436,0.403789787,0.297135723,0.31760653,0.262228993,0.311654599,0.261466144,0.197866271,0.232448832,0.788240665,0.997474964,0.221334055,1.785529293,0.23330658,0.997474964,0.26298963,1.965799974,0.224915021,1.180152131,0.23330658,1.811394094,0.382514187,1.038605615,0.184275753,1.48475398,0.755338884
NIL 2,0.362999935,0.371238904,0.426120512,0.405350112,0.293438173,0.321597146,0.260967824,0.315006656,0.265508347,0.195694709,0.254244868,0.769864904,1.010555086,0.227510763,1.778685832,0.226651418,1.010555086,0.260780818,1.957208831,0.222304871,1.187718069,0.230599045,1.803986219,0.393626658,1.042210887,0.188585379,1.476851664,0.753208896
NIL 2,0.356041217,0.383726223,0.445855024,0.42495557,0.313491814,0.324969899,0.273739417,0.321667579,0.271782204,0.202148134,0.25118018,0.797867821,1.017893777,0.24462184,1.815594771,0.212677549,1.017893777,0.266189008,1.987512581,0.216969934,1.191350368,0.236962908,1.84047091,0.380104585,1.055163751,0.195185935,1.516407074,0.770292885
NIL 2,0.34748675,0.408851762,0.448740842,0.414968185,0.306261698,0.323011097,0.280334226,0.320208189,0.27230389,0.197174006,0.243726766,0.80039053,1.041506398,0.234445872,1.841854469,0.193266839,1.041506398,0.253032642,1.980827576,0.236800199,1.183063575,0.23126949,1.831093418,0.386174724,1.048473813,0.183701665,1.50455423,0.769290863
NIL 2,0.34635118,0.394602957,0.440045541,0.41340137,0.306630117,0.327162035,0.274776028,0.320510452,0.27331746,0.200039968,0.235524234,0.795846609,1.039908061,0.2444989,1.835527093,0.194638566,1.039908061,0.261271064,1.980417993,0.226977796,1.186244966,0.240007254,1.835781136,0.402349204,1.053970827,0.193379497,1.500429263,0.766046438
NIL 2,0.345425709,0.408946355,0.454173489,0.415150035,0.303068375,0.321722003,0.277782351,0.317041915,0.270192097,0.190997963,0.241398091,0.795224253,1.049137207,0.239596588,1.844303593,0.195703603,1.049137207,0.258053422,1.977134138,0.252880807,1.184818691,0.230753677,1.819374951,0.397666605,1.044418797,0.184419788,1.47830666,0.753858696
NIL 2,0.331948697,0.418567188,0.46380602,0.430959618,0.311919066,0.334318848,0.278012359,0.318528992,0.278485303,0.19880328,0.234068175,0.796535905,1.076227875,0.247459345,1.871666738,0.196918846,1.076227875,0.265667955,2.007891174,0.250367103,1.212099229,0.238799177,1.859192073,0.396944066,1.075799826,0.19880328,1.527510873,0.787898113
NIL 2,0.349524308,0.407526185,0.444939108,0.413150297,0.30334874,0.324027731,0.278403341,0.310126805,0.271522521,0.200004158,0.245547485,0.784083208,1.055115512,0.234725043,1.838798545,0.182615936,1.055115512,0.252806609,1.963024666,0.24681429,1.180337758,0.232500111,1.827809442,0.386957305,1.060128339,0.181015014,1.492688043,0.767141968
NIL 2,0.336819375,0.406122181,0.450386017,0.418618073,0.315500526,0.32122082,0.277757312,0.315828319,0.276936537,0.205970242,0.250573615,0.818664965,1.034502668,0.240372764,1.851442209,0.18219218,1.034502668,0.251644975,1.976832834,0.246241563,1.158463993,0.2319606,1.844016631,0.379790361,1.037558812,0.186680344,1.526689559,0.762436044
NIL 2,0.366371653,0.396640053,0.439870418,0.415120833,0.30813423,0.336372512,0.269886145,0.30813423,0.270470631,0.194779882,0.260355977,0.79997039,1.024010986,0.225584296,1.820714688,0.204373809,1.024010986,0.246331153,1.950725416,0.237103191,1.150927808,0.2328186,1.824570211,0.390622409,1.035207305,0.18849666,1.493769135,0.744767244
NIL 2,0.355633373,0.390745432,0.427144129,0.402530311,0.303554927,0.324834175,0.265875262,0.303365541,0.272634374,0.204358636,0.248597599,0.79577428,1.020742724,0.23127168,1.815746366,0.171202643,1.020742724,0.248289165,1.934809187,0.238851017,1.139755301,0.229358593,1.809510846,0.376513548,1.027812467,0.192284113,1.49594599,0.758502255
NIL 2,0.384632714,0.386240127,0.428939606,0.404846354,0.313053355,0.315145382,0.260913777,0.301256506,0.276834117,0.202585422,0.24241265,0.828487966,0.992707716,0.227386711,1.821084499,0.196182399,0.992707716,0.247015833,1.931404779,0.239686638,1.109944399,0.234139419,1.806583202,0.375444065,1.010607602,0.202307209,1.494985108,0.763238031
NIL 2,0.377084058,0.382955572,0.432312965,0.408030234,0.309781543,0.309535196,0.264051304,0.303625712,0.279625743,0.204178638,0.237591598,0.784412177,1.043489455,0.236707009,1.827815862,0.193927178,1.043489455,0.249799676,1.933855498,0.23638452,1.155702066,0.235980789,1.80894827,0.381308658,1.053113109,0.203898236,1.488596776,0.789090501
NIL 2,0.354628136,0.390059535,0.427037792,0.40266793,0.309971629,0.302278205,0.250301392,0.298068175,0.267245889,0.198122385,0.208022752,0.858034578,0.960802649,0.222176476,1.814524177,0.195691344,0.960802649,0.243319189,1.913186909,0.242056824,1.075732957,0.242609917,1.787905773,0.398989648,0.990205935,0.191937199,1.449199775,0.743240773
NIL 2,0.374268124,0.377631254,0.421091448,0.39619841,0.303302386,0.307380479,0.251356473,0.297370339,0.272634374,0.204358636,0.23570226,0.82436554,0.966607212,0.223692454,1.790192524,0.202096294,0.966607212,0.248289165,1.929852197,0.244165637,1.114240803,0.235945964,1.802775638,0.387545573,1.015134515,0.191885183,1.47553484,0.755871018
NIL 2,0.360180419,0.381626025,0.418684118,0.393885311,0.301819539,0.308276303,0.258340659,0.295670308,0.265284983,0.196942656,0.23354526,0.809492563,0.993158675,0.228379323,1.80254188,0.165370641,0.993158675,0.240732944,1.906541422,0.242769771,1.101716743,0.234597089,1.780170989,0.374361064,0.998180231,0.196942656,1.46709938,0.744282399
NIL 2,0.369555569,0.384225329,0.427594898,0.402955105,0.303875271,0.307642464,0.264926813,0.303875271,0.272922087,0.198380852,0.258768292,0.79395876,1.017659393,0.229934844,1.811388643,0.188862475,1.017659393,0.254353531,1.938980857,0.252915425,1.147150015,0.235788218,1.804433439,0.388201894,1.03091026,0.198284058,1.484248907,0.765070636
NIL 2,0.33941062,0.385447933,0.42812123,0.409887045,0.29837325,0.320273256,0.27134983,0.29785681,0.267060574,0.198528128,0.243304553,0.790347254,1.039351217,0.234852487,1.827655772,0.171145071,1.039351217,0.254666618,1.939622094,0.24472417,1.149416273,0.229548148,1.813650136,0.371878163,1.034432787,0.192723966,1.505477982,0.766087736
COUNSELLING,0.358693817,0.335238111,0.387031083,0.395171429,0.323395311,0.290804087,0.215319816,0.231356753,0.251151439,0.215781381,0.228675017,1.244695846,0.797984767,0.183053098,1.627586228,0.062130794,0.797984767,0.197182478,1.615080357,0.113726774,0.835479567,0.19596779,1.548188598,0.217526397,0.865726659,0.193515542,1.394090863,0.912304023
COUNSELLING,0.361167274,0.348835927,0.421578539,0.426100256,0.335631911,0.277819691,0.216804604,0.25415649,0.266856566,0.233557536,0.199454572,1.197030823,0.70552161,0.197319131,1.546860656,0.044914911,0.70552161,0.215778636,1.543466123,0.115911801,0.736850979,0.218565389,1.473209071,0.201867417,0.765453397,0.196909755,1.37603923,0.861055271
COUNSELLING,0.358787422,0.339567552,0.409080602,0.414796956,0.331022867,0.278056724,0.210124431,0.245045089,0.258755626,0.224132726,0.200568266,1.213348054,0.701758276,0.18210784,1.552483199,0.048928872,0.701758276,0.205497444,1.546315314,0.115515363,0.73468134,0.202030509,1.485473882,0.202030509,0.775330992,0.188358188,1.378589933,0.863279316
COUNSELLING,0.364374381,0.336566292,0.394934472,0.406658431,0.331063159,0.271644,0.211166774,0.243807952,0.257689118,0.222492777,0.205128205,1.219436259,0.716141876,0.181309431,1.561380318,0.051282051,0.716141876,0.196657689,1.534749166,0.112628384,0.732797323,0.197540667,1.467822747,0.193185528,0.766334417,0.187496374,1.359301591,0.848367688
COUNSELLING,0.353553391,0.32076532,0.380897076,0.386958961,0.32076532,0.281098766,0.199567851,0.229652434,0.249924914,0.219626355,0.203663887,1.220600207,0.719995412,0.166666667,1.55098535,0.050522792,0.719995412,0.192287479,1.525853279,0.110960859,0.738322504,0.194712385,1.462237374,0.178098903,0.775226403,0.191505024,1.36621889,0.855230331
COUNSELLING,0.362755849,0.320976241,0.378376238,0.379170104,0.318094307,0.277245831,0.203797807,0.226093368,0.246836782,0.217708764,0.206818555,1.221556677,0.733267268,0.171004747,1.565472694,0.052381725,0.733267268,0.189262607,1.545744259,0.111876916,0.757943587,0.192022833,1.488930527,0.184026668,0.800981356,0.188864996,1.388112335,0.877799439
COUNSELLING,0.369100241,0.329228402,0.387204508,0.393912602,0.331889578,0.277954082,0.21135805,0.234110271,0.248993998,0.216365534,0.203991382,1.216834164,0.732374683,0.187785836,1.574897747,0.058670343,0.732374683,0.201918436,1.551038915,0.123842456,0.757481363,0.202202362,1.476983722,0.187173822,0.792109987,0.195274238,1.392588374,0.88842476
COUNSELLING,0.364589921,0.327968317,0.386036557,0.392474195,0.328488856,0.280616355,0.204828197,0.233255396,0.249686568,0.222167373,0.218375254,1.230343204,0.747689889,0.177840677,1.566858622,0.043570607,0.747689889,0.190219508,1.543223892,0.106369406,0.761327001,0.192993689,1.49239345,0.203712972,0.806703632,0.185367201,1.390987775,0.903520338
COUNSELLING,0.362501162,0.330964576,0.386773503,0.385888999,0.320414342,0.276939107,0.198425728,0.220193276,0.243761871,0.212023722,0.208502538,1.224341796,0.749617059,0.163142688,1.570005608,0.058456103,0.749617059,0.179646213,1.549411446,0.111083686,0.77868366,0.185367201,1.488687185,0.1911156,0.817108615,0.187100119,1.383872701,0.897448734
COUNSELLING,0.363697596,0.323899893,0.382344943,0.389279224,0.321471868,0.283638827,0.190847327,0.213172195,0.228739599,0.207723964,0.213172195,1.223769305,0.750488725,0.158942617,1.545092649,0.052820324,0.750488725,0.177029873,1.528492373,0.112813675,0.779735705,0.17842764,1.478038479,0.191746377,0.832297592,0.183808573,1.385270995,0.926023535
COUNSELLING,0.362661488,0.341666182,0.398386936,0.39557841,0.336822879,0.291563025,0.215399618,0.243288762,0.265067054,0.220337529,0.219626188,1.241794916,0.78661938,0.188575178,1.614679646,0.056291795,0.78661938,0.193994814,1.579963147,0.100074301,0.797951371,0.206308458,1.521434883,0.200148603,0.827222463,0.201900058,1.418384437,0.916257291
COUNSELLING,0.364113493,0.335441341,0.38396875,0.386090004,0.326197489,0.284988877,0.204139653,0.230120573,0.25412566,0.22435306,0.212884617,1.23097897,0.774856551,0.168229516,1.581715345,0.052660562,0.774856551,0.187149866,1.566984334,0.104959815,0.804371886,0.195877587,1.502783215,0.185825795,0.832088926,0.193045002,1.394739068,0.902582865
COUNSELLING,0.363115767,0.319626501,0.367781691,0.375561015,0.315776142,0.275125625,0.194257172,0.22069925,0.245053371,0.211347297,0.21594517,1.228182849,0.775357196,0.164499508,1.567700921,0.038506422,0.775357196,0.180303007,1.556928989,0.103681715,0.797231745,0.189622139,1.50674061,0.214481118,0.839492995,0.185471491,1.38786142,0.926657673
COUNSELLING,0.367228489,0.327197916,0.357395911,0.359712509,0.311357184,0.277370575,0.180343081,0.203792309,0.231363865,0.197630679,0.223408594,1.225904803,0.772477699,0.152019289,1.545731791,0.04381403,0.772477699,0.171852765,1.547402698,0.110875003,0.807890795,0.17620147,1.510790095,0.22007892,0.869619989,0.177141775,1.402733388,0.970873064
COUNSELLING,0.37196526,0.313226997,0.345170615,0.354720131,0.295504518,0.281142395,0.175196429,0.19295624,0.221771752,0.202508784,0.229103022,1.245536892,0.806552353,0.130103761,1.556048158,0.057176577,0.806552353,0.139142723,1.547128622,0.108652213,0.846372143,0.169720182,1.537814905,0.209647448,0.928266217,0.183698137,1.409853241,0.997563323
COUNSELLING,0.375824379,0.294275658,0.32449585,0.332072218,0.277772735,0.284233429,0.172340282,0.174746363,0.196183772,0.183957756,0.223927271,1.253541514,0.851571123,0.127113054,1.560293502,0.051483917,0.851571123,0.143230125,1.555924082,0.127113054,0.890199352,0.148213524,1.519214767,0.202557985,0.968064177,0.166227348,1.389856765,1.031439971
COUNSELLING,0.376491034,0.312734502,0.347678556,0.351334697,0.298122494,0.291327709,0.171714327,0.187839815,0.209806863,0.190261051,0.232078086,1.267914052,0.867301787,0.144050986,1.588179655,0.052768921,0.867301787,0.148484358,1.583525383,0.099010977,0.906462237,0.166297526,1.550652751,0.191559777,0.962684934,0.184251821,1.429518464,1.022071051
COUNSELLING,0.387351504,0.317138186,0.346457718,0.345153215,0.290137848,0.294432444,0.174132275,0.190484829,0.21705062,0.195665581,0.236094878,1.280632199,0.88805848,0.148476487,1.594153402,0.039611339,0.88805848,0.154940602,1.58813808,0.101955924,0.915977419,0.17446985,1.563381317,0.200125485,0.981889909,0.190896244,1.434373567,1.041503308
COUNSELLING,0.374759931,0.314112339,0.338241701,0.348863662,0.303183883,0.292251737,0.177875173,0.191441464,0.213922835,0.201089819,0.2484765,1.275458746,0.859830693,0.137178908,1.569091549,0.0478346,0.859830693,0.151916898,1.564786279,0.111299439,0.896092899,0.17086142,1.547215961,0.205744395,0.976042513,0.187379965,1.436645335,1.062601813
COUNSELLING,0.379883816,0.310432207,0.340956159,0.350235573,0.296563605,0.297306112,0.174659362,0.188883727,0.211605098,0.197799163,0.242336233,1.277028791,0.861442336,0.138279796,1.56366278,0.049449791,0.861442336,0.153136062,1.572495189,0.096851749,0.906186369,0.175117786,1.546429928,0.181303617,0.967544349,0.191413533,1.443794519,1.038445606
COUNSELLING,0.37965025,0.334701634,0.366773173,0.371096331,0.317717463,0.304220056,0.192623681,0.219223087,0.241019172,0.215359822,0.241888339,1.295224905,0.86292409,0.172871556,1.624833513,0.040974489,0.86292409,0.175043092,1.615507223,0.111838589,0.889085031,0.183243483,1.57911341,0.203433281,0.953504609,0.201255242,1.468007908,1.037087697
COUNSELLING,0.37568467,0.346557351,0.391690138,0.396864035,0.344774605,0.303331831,0.227048918,0.23703079,0.269500806,0.235140634,0.23970516,1.288677028,0.8542785,0.193058458,1.678037427,0.045633846,0.8542785,0.195682249,1.653660828,0.098652201,0.867924921,0.209018917,1.61600579,0.2122472,0.916116269,0.209931889,1.491440374,0.988329692
COUNSELLING,0.367247103,0.333469332,0.37997197,0.379703382,0.313278209,0.291622819,0.207981918,0.221475087,0.249872442,0.212350743,0.240807321,1.265701225,0.826637728,0.180683144,1.635481905,0.058895499,0.826637728,0.185365408,1.615940286,0.096034409,0.856864929,0.204818511,1.563209439,0.212350743,0.888522108,0.202916905,1.424678287,0.949768816
COUNSELLING,0.361131336,0.318411901,0.37214923,0.378637474,0.314532499,0.284309133,0.197609476,0.222408063,0.250543963,0.224093333,0.225590534,1.227538792,0.800049503,0.17003203,1.580299508,0.025172671,0.800049503,0.191399225,1.567112499,0.075518013,0.808127036,0.20805559,1.5293563,0.169448728,0.836446988,0.203338473,1.417248764,0.880076504
COUNSELLING,0.354001962,0.342058255,0.384501958,0.397386828,0.323791123,0.297765176,0.223890499,0.2490049,0.269082891,0.2291337,0.21870886,1.227984104,0.797782371,0.198796444,1.61515673,0.046147335,0.797782371,0.208352103,1.615815844,0.077853083,0.832449637,0.226255925,1.565298604,0.183253333,0.84495002,0.21654477,1.449055717,0.892836958
COUNSELLING,0.351124209,0.323352597,0.37914507,0.389537335,0.311450504,0.277862589,0.2233779,0.246891584,0.269377324,0.231339627,0.218839577,1.207628306,0.82007129,0.183641566,1.631120495,0.025092306,0.82007129,0.20113013,1.618040315,0.07759367,0.826381095,0.213376829,1.564060491,0.192431156,0.831862914,0.20510178,1.426735345,0.859480147
COUNSELLING,0.35287824,0.330966691,0.37684364,0.391483258,0.317294305,0.279250644,0.208141141,0.234028792,0.259401905,0.219571052,0.211456453,1.205792195,0.789059733,0.182936652,1.602511939,0.033950305,0.789059733,0.197057044,1.596959054,0.073791267,0.809767479,0.215828348,1.540652103,0.177533893,0.808957208,0.211925835,1.419781326,0.84455612
COUNSELLING,0.350777357,0.34318676,0.39989745,0.410662505,0.331019892,0.280879692,0.21984828,0.249813956,0.269780234,0.227046521,0.207037703,1.194872905,0.813701084,0.190235732,1.618582032,0.032333857,0.813701084,0.206454223,1.607338713,0.068296718,0.82756795,0.22419496,1.55339768,0.170741795,0.822401388,0.214572263,1.423946893,0.834173983
COUNSELLING,0.351286243,0.343684634,0.409981523,0.425096864,0.337468138,0.278332622,0.215913276,0.25122196,0.269124723,0.228966584,0.210331221,1.202791446,0.784215372,0.178263955,1.585920225,0.017961617,0.784215372,0.204990761,1.590085019,0.072405591,0.799897158,0.215632929,1.538341947,0.164865725,0.804271373,0.203311695,1.426394391,0.836758832
COUNSELLING,0.350013094,0.349500338,0.417275977,0.4302543,0.325407934,0.279557506,0.221673561,0.248059583,0.257596216,0.229794854,0.203292679,1.197265602,0.712021302,0.197727404,1.565624367,0.056464743,0.712021302,0.217407592,1.556740741,0.094694252,0.747198391,0.225594137,1.504999903,0.190333092,0.775080152,0.203782188,1.39778753,0.843977927
COUNSELLING,0.349493075,0.339058085,0.404120843,0.412679645,0.325320554,0.275973287,0.212711619,0.24072027,0.268483274,0.230668628,0.200976334,1.188224158,0.793646121,0.169299794,1.578815893,0.019707351,0.793646121,0.201169487,1.574332431,0.075815693,0.80467795,0.215162399,1.525977735,0.189231621,0.817035491,0.202995281,1.39526096,0.852169188
COUNSELLING,0.34624726,0.335909182,0.410475419,0.41329818,0.320222733,0.26784641,0.19882244,0.224741854,0.246501848,0.224741854,0.204493418,1.180180423,0.711312708,0.17386518,1.532690574,0.0470208,0.711312708,0.196217034,1.524310928,0.093431595,0.740407081,0.20523771,1.487235874,0.164746432,0.783166392,0.197282649,1.381682257,0.827103488
COUNSELLING,0.351117489,0.341925921,0.398444488,0.41824794,0.330351068,0.273498899,0.203156357,0.241185785,0.25026687,0.221136687,0.20455971,1.193832692,0.674670322,0.183629697,1.531693951,0.041430774,0.674670322,0.20455971,1.524992684,0.093461883,0.701038943,0.216869423,1.484136953,0.179107917,0.74095605,0.205304243,1.397772761,0.82233099
COUNSELLING,0.348163656,0.33878529,0.405365328,0.419361167,0.323261839,0.274226855,0.205010669,0.233107427,0.248707207,0.221725273,0.205010669,1.188280516,0.736161331,0.178728449,1.55137259,0.0361086,0.736161331,0.2024697,1.549195814,0.080503459,0.761510338,0.221292469,1.505954486,0.180011206,0.78567631,0.207612903,1.4100179,0.853991618
COUNSELLING,0.342381869,0.338797811,0.407496123,0.421565531,0.324961059,0.273055295,0.203533978,0.237045693,0.254012558,0.227961999,0.195373737,1.175098474,0.719129918,0.17717016,1.535600906,0.036298404,0.719129918,0.200464487,1.533201626,0.087151748,0.744338575,0.212749961,1.486123895,0.174414624,0.77013123,0.200947186,1.397883639,0.841336625
COUNSELLING,0.348237231,0.36063072,0.423826587,0.430118771,0.334976536,0.274699578,0.210520639,0.24456279,0.263402186,0.238061618,0.204472101,1.193138401,0.751722082,0.190160766,1.571965339,0.031933177,0.751722082,0.215674005,1.558685828,0.087899938,0.764192563,0.229761886,1.514930724,0.183335205,0.794167269,0.214214265,1.403174366,0.848485613
COUNSELLING,0.357023776,0.35850373,0.431893215,0.434473596,0.332803438,0.274699578,0.204759618,0.24456279,0.261534327,0.234492774,0.201963146,1.184825816,0.734463077,0.178237043,1.557225724,0.028007249,0.734463077,0.212928785,1.553039219,0.087899938,0.751982906,0.22212415,1.499604476,0.170131072,0.770504826,0.206571263,1.400362461,0.825928983
COUNSELLING,0.352275237,0.359672756,0.430655373,0.432598631,0.336356078,0.27722564,0.217266599,0.242549817,0.266828193,0.233869877,0.19602813,1.187146207,0.713737661,0.185706204,1.562904846,0.041899278,0.713737661,0.212363169,1.555360792,0.081437558,0.738637779,0.227356943,1.503659433,0.19402779,0.752659494,0.207625848,1.394028428,0.820531983
COUNSELLING,0.359305338,0.361169106,0.432915783,0.434905195,0.337103811,0.277350098,0.217849208,0.250531758,0.270557963,0.240531415,0.180902951,1.174706252,0.660757751,0.18561339,1.54194503,0.053282795,0.660757751,0.208214206,1.539828666,0.093116224,0.697533403,0.216347086,1.491146582,0.186232447,0.724989003,0.198304728,1.385297272,0.788270038
COUNSELLING,0.36389595,0.348300618,0.416588485,0.424264069,0.332199447,0.282378002,0.217265973,0.251151196,0.267571947,0.23446078,0.187508599,1.180866855,0.683276512,0.187908404,1.568929081,0.041092035,0.683276512,0.213696142,1.560836356,0.085977439,0.70604466,0.222976622,1.505512074,0.172499558,0.717772247,0.208001299,1.398806782,0.764625992
COUNSELLING,0.354298613,0.371684427,0.441680558,0.440811108,0.349117334,0.276998746,0.223323528,0.255830499,0.278173499,0.239006743,0.198300924,1.185946119,0.691526689,0.186331849,1.579743056,0.025538022,0.691526689,0.213576631,1.559689888,0.08263667,0.688496528,0.230175791,1.496934129,0.179729287,0.686655252,0.208945939,1.395163792,0.748409398
COUNSELLING,0.367586053,0.379353425,0.444012683,0.451588475,0.341715478,0.278017544,0.216867728,0.255773729,0.276627448,0.239586511,0.206393565,1.206781787,0.599279959,0.191773768,1.547811647,0.03975639,0.599279959,0.218726249,1.547649747,0.080715765,0.627836662,0.236020072,1.499125934,0.186370603,0.644770195,0.207232378,1.393148783,0.712402518
COUNSELLING,0.372517282,0.36824214,0.441728211,0.451256402,0.348108815,0.282861598,0.21575193,0.253556488,0.27353542,0.234805734,0.205331658,1.215229519,0.54860306,0.188574398,1.524207855,0.039551841,0.54860306,0.221166216,1.524545757,0.074380446,0.577900724,0.240584456,1.475621267,0.160719698,0.589956253,0.210832587,1.383694144,0.651515548
COUNSELLING,0.378088375,0.386163785,0.452870412,0.462478335,0.355532116,0.285962146,0.224360228,0.267132348,0.274397736,0.24189863,0.228533541,1.26094055,0.439162875,0.18528302,1.506271044,0.036214298,0.439162875,0.228533541,1.518081315,0.094598578,0.472748177,0.236496446,1.494522303,0.183924852,0.530278943,0.208313242,1.429068656,0.642589986
COUNSELLING,0.378598135,0.383306429,0.458499502,0.46596816,0.361076287,0.289514607,0.229879848,0.268213131,0.279481542,0.239011142,0.229039334,1.264438311,0.39304464,0.193431182,1.49480618,0.057259833,0.39304464,0.224016117,1.502951131,0.090429171,0.441090959,0.239736274,1.468210228,0.18683787,0.487134379,0.198839449,1.410499272,0.613226131
COUNSELLING,0.426635336,0.365176006,0.394563065,0.41993033,0.371647073,0.358693695,0.234082294,0.263010072,0.284970001,0.260987999,0.320825394,1.486588292,0.731594461,0.234243898,1.737482396,0.055704619,0.731594461,0.253634744,1.756048246,0.123030922,0.785906664,0.246061845,1.71196545,0.176153473,0.861436127,0.247594955,1.586693514,0.916766139
COUNSELLING,0.374309509,0.368181643,0.430191606,0.445247172,0.343995862,0.277790416,0.222664133,0.259022715,0.270412966,0.228822643,0.246596007,1.281237711,0.344415497,0.191635284,1.484704573,0.06009177,0.344415497,0.203958231,1.480320234,0.079038383,0.387813122,0.22500336,1.441025205,0.172076642,0.422953865,0.193136856,1.3768492,0.539689671
COUNSELLING,0.382610757,0.370053057,0.429655704,0.443066496,0.353520755,0.293300998,0.237051608,0.262406747,0.273701138,0.224821222,0.245844173,1.290741802,0.316198576,0.200608268,1.513266666,0.052269872,0.316198576,0.210925508,1.507326272,0.075159052,0.347676164,0.235958839,1.474677025,0.184501984,0.378926128,0.200516225,1.418319447,0.503889249
COUNSELLING,0.38461108,0.366684529,0.42956338,0.44525722,0.350931989,0.290949385,0.238525666,0.275470863,0.281234196,0.231782926,0.237585351,1.287575075,0.354317603,0.208479405,1.521864721,0.039110388,0.354317603,0.221326063,1.519816375,0.074307227,0.38046618,0.24225043,1.482386767,0.170368772,0.406079747,0.201934385,1.421804008,0.513436822
COUNSELLING,0.381417044,0.550087484,0.664012922,0.615016504,0.389258184,0.300700465,0.344414441,0.383173387,0.374906733,0.265099093,0.288933457,1.301899308,0.478966733,0.296200953,1.780351328,0.149604073,0.478966733,0.308416698,1.785372777,0.13792814,0.506227998,0.264676624,1.648973528,0.394966087,0.369494804,0.227870135,1.287985943,0.033452488
COUNSELLING,0.357192115,0.507062194,0.632455532,0.613075908,0.428006606,0.280470664,0.305481531,0.34397524,0.35018468,0.246090115,0.274254475,1.306894846,0.359897016,0.24913644,1.662077014,0.146805055,0.359897016,0.282003302,1.659481639,0.10380685,0.359897016,0.24913644,1.556410548,0.341459848,0.256384006,0.210192851,1.25335756,0.105862631
COUNSELLING,0.309707665,0.53857428,0.6541755,0.605104716,0.431896366,0.273745488,0.315972464,0.333025759,0.313039942,0.237677643,0.250431953,1.232299159,0.455793035,0.268644193,1.687958684,0.09603627,0.455793035,0.249047066,1.655128766,0.152604021,0.431896366,0.215814676,1.503358779,0.28810881,0.279991436,0.164247293,1.234542424,0.030369335
COUNSELLING,0.363959321,0.507384308,0.634230385,0.587317283,0.407662988,0.298405135,0.317722777,0.347857829,0.333627084,0.234739197,0.306062468,1.381415743,0.298405135,0.283636451,1.679263249,0.093895679,0.298405135,0.285186388,1.647996225,0.165985678,0.273750593,0.241678795,1.484695267,0.356927105,0.108082043,0.179387443,1.149311492,0.248867835
COUNSELLING,0.331520226,0.559016994,0.670468718,0.597360547,0.434372243,0.292194043,0.332230881,0.325779182,0.27343034,0.219884189,0.257436565,1.25,0.476326351,0.260623346,1.723382479,0.131213494,0.476326351,0.242821466,1.674024639,0.230872014,0.451674035,0.171700705,1.44392024,0.166115441,0.251879726,0.166115441,1.355718148,0.108593061
COUNSELLING,0.330566736,0.506081521,0.636819329,0.574616941,0.368930777,0.264144723,0.31356891,0.332186377,0.311508194,0.231670247,0.241648837,1.277761702,0.398041578,0.270171613,1.670919149,0.098289362,0.398041578,0.272545055,1.626978434,0.221726703,0.375563124,0.208245652,1.406679154,0.301705471,0.167059791,0.216335855,1.150447483,0.139002148
COUNSELLING,0.343238059,0.521479819,0.658346262,0.60994071,0.41193815,0.297343767,0.303103988,0.312583754,0.305943432,0.246462214,0.260532562,1.309283755,0.343238059,0.249513145,1.649915823,0.117621624,0.343238059,0.261774185,1.646768377,0.107037294,0.343238059,0.239342665,1.543853831,0.310153861,0.237073963,0.197257461,1.291245591,0.135552224
COUNSELLING,0.32496409,0.535270514,0.63784518,0.583308634,0.381360308,0.289512396,0.317210351,0.315899559,0.276687579,0.214127584,0.273292511,1.256105421,0.389967548,0.245287536,1.643041406,0.101850105,0.389967548,0.247812002,1.628200646,0.161039157,0.396300318,0.20773427,1.46925617,0.264418253,0.238424984,0.180478847,1.244073086,0.032207831
COUNSELLING,0.32877179,0.535826268,0.652518521,0.622539753,0.439357047,0.277261737,0.300420884,0.320927198,0.303235193,0.244280508,0.2304123,1.215127276,0.422855224,0.257814787,1.635310617,0.10608979,0.422855224,0.259456936,1.661271085,0.088641382,0.466549349,0.237223982,1.573903229,0.274954387,0.37832549,0.19551132,1.350223942,0.13824738
COUNSELLING,0.318626494,0.523944431,0.64390938,0.603879169,0.399237853,0.245982955,0.293759113,0.302275633,0.272234596,0.248855247,0.198471315,1.168799115,0.459529665,0.242658708,1.626681091,0.114882416,0.459529665,0.225302955,1.567499868,0.21374115,0.401267029,0.178544596,1.353768945,0.229764832,0.190110841,0.204020503,1.25346221,0.172176276
COUNSELLING,0.342615155,0.486198925,0.599703091,0.549143323,0.35679429,0.30178582,0.313302198,0.312007556,0.253292426,0.220851877,0.2932831,1.394832456,0.243515373,0.262320379,1.637572408,0.091092894,0.243515373,0.233328996,1.564959863,0.207138346,0.173070652,0.191395561,1.36757785,0.269925443,0.040238109,0.178255279,1.120633151,0.306444311
COUNSELLING,0.355074057,0.534378466,0.651589568,0.613075908,0.446490144,0.324302966,0.334767032,0.34397524,0.314176537,0.256384006,0.292507,1.39495705,0.309685603,0.259724655,1.703950784,0.089298029,0.309685603,0.282003302,1.717870073,0.12105855,0.328266082,0.25,1.600175098,0.244332306,0.2076137,0.2039481,1.400892573,0.102763538
COUNSELLING,0.364146124,0.478109987,0.585651069,0.542180278,0.389402436,0.332055197,0.279265542,0.285492555,0.224668192,0.223282763,0.304768339,1.452958405,0.195628687,0.244086028,1.617293796,0.122043014,0.195628687,0.224668192,1.525673275,0.30204105,0.077454325,0.148081092,1.223900045,0.160805791,0.231917409,0.18021731,1.168118765,0.347876114
COUNSELLING,0.385235006,0.3604179,0.430982244,0.444006543,0.352969915,0.292197296,0.242815415,0.272469536,0.284509053,0.228189297,0.25257922,1.31508986,0.340929688,0.200494076,1.523301366,0.051364667,0.340929688,0.216741585,1.527769098,0.078926472,0.382274921,0.238782793,1.484313977,0.174711194,0.410292641,0.205904061,1.426596552,0.53149264
COUNSELLING,0.380023053,0.368872744,0.436882969,0.448212771,0.349890144,0.294718973,0.239368539,0.268716878,0.280858755,0.22689607,0.250405077,1.322681904,0.355439688,0.204788892,1.545060976,0.066042433,0.355439688,0.215087923,1.538060167,0.079607612,0.4,0.234888088,1.494818637,0.173661839,0.429742332,0.201855327,1.427528577,0.543537822
COUNSELLING,0.376502564,0.359804876,0.419309619,0.43854666,0.346648802,0.300511231,0.232712112,0.266433601,0.278519791,0.22802642,0.248085354,1.321647659,0.386856398,0.195451217,1.544597253,0.034218669,0.386856398,0.213866684,1.548666534,0.079563006,0.41532007,0.232712112,1.492170401,0.166101595,0.428118155,0.199985363,1.430088634,0.538502551
COUNSELLING,0.380733377,0.367073222,0.427317869,0.447548148,0.353573234,0.29060757,0.230345249,0.263671991,0.281981496,0.229857401,0.259523922,1.336499204,0.402099262,0.19764753,1.551558557,0.043253987,0.402099262,0.216269935,1.55745589,0.067564888,0.439448587,0.238014865,1.513469305,0.148833946,0.457143692,0.208787313,1.456831268,0.554225203
COUNSELLING,0.418654144,0.340415824,0.369860928,0.39338496,0.351349164,0.357196877,0.235741011,0.26564806,0.290708916,0.258623071,0.313040063,1.474478712,0.660881398,0.220608706,1.699952608,0.022937801,0.660881398,0.253486053,1.706131465,0.137865535,0.683001673,0.237409011,1.643717925,0.213333881,0.761192923,0.239614949,1.536169213,0.887858843
COUNSELLING,0.378238077,0.349603511,0.408197813,0.416592184,0.329043242,0.282360222,0.210048196,0.244332415,0.253903782,0.222541875,0.235947751,1.274281975,0.560860297,0.185774037,1.585918197,0.053159725,0.560860297,0.193595576,1.579490311,0.08775381,0.596035272,0.218052096,1.503454874,0.162224286,0.584907982,0.200497456,1.406197834,0.650691109
COUNSELLING,0.371134165,0.33549175,0.385820014,0.406471652,0.326305639,0.283892116,0.198129234,0.229865581,0.237594303,0.208550629,0.241869097,1.274874099,0.55054403,0.165136915,1.574489625,0.041676798,0.55054403,0.179258685,1.583948614,0.106744685,0.587184519,0.186104519,1.521345837,0.188975671,0.616844765,0.188331173,1.431608616,0.714146248
COUNSELLING,0.372027347,0.349894792,0.40659596,0.414777435,0.32708494,0.28797261,0.199010995,0.232632361,0.240638271,0.216640452,0.253795889,1.301010913,0.575759001,0.173485522,1.610137761,0.050731002,0.575759001,0.186876406,1.621155623,0.114223016,0.620231307,0.198741393,1.55411857,0.188779473,0.652446398,0.198741393,1.442256695,0.728372271
COUNSELLING,0.377392776,0.345292215,0.397531929,0.405584913,0.332271302,0.285194103,0.205546979,0.225368279,0.238993202,0.209778526,0.251672787,1.288969016,0.546501897,0.166109202,1.5937598,0.054659836,0.546501897,0.17943477,1.602480503,0.118573833,0.592454013,0.184648053,1.545763528,0.214172704,0.639254839,0.19356974,1.445689308,0.750699732
COUNSELLING,0.379439593,0.345660211,0.398048921,0.415227399,0.331860712,0.291178514,0.203942653,0.23222444,0.229374952,0.206626794,0.248779459,1.289088446,0.591472762,0.167051339,1.61245155,0.042994886,0.591472762,0.179761662,1.62999349,0.121607903,0.632258772,0.187220582,1.549858657,0.209021556,0.653275267,0.184927999,1.451588732,0.760563714
COUNSELLING,0.378452036,0.352068642,0.402717367,0.405299617,0.330996987,0.286065189,0.211759528,0.228777965,0.236829024,0.206089012,0.252301357,1.295611074,0.5956901,0.166934632,1.630117574,0.043293358,0.5956901,0.179293802,1.618545926,0.121291397,0.618724462,0.185212034,1.539991581,0.207712795,0.644041462,0.188992261,1.413650806,0.727481066
COUNSELLING,0.380515246,0.367035456,0.414020841,0.43114417,0.346348264,0.287553741,0.214033305,0.248849416,0.249781037,0.212020408,0.253614218,1.298657241,0.619208922,0.180919376,1.660145661,0.016907615,0.619208922,0.198709433,1.643662335,0.126100657,0.610374251,0.208793637,1.531842939,0.209562363,0.585483374,0.196630541,1.427780225,0.694036467
COUNSELLING,0.371502158,0.339637783,0.399536785,0.413535814,0.330232599,0.267126317,0.196385593,0.232201732,0.232426479,0.209257034,0.242108919,1.253266816,0.566998236,0.165300655,1.583970665,0.072016644,0.566998236,0.184411087,1.611821085,0.132582265,0.633923299,0.192084658,1.509665796,0.192084658,0.633236566,0.186569112,1.397949299,0.710434014
COUNSELLING,0.371004504,0.354550652,0.415116736,0.423589379,0.33364112,0.282679361,0.200372721,0.232468429,0.245767151,0.219820822,0.244607865,1.283772753,0.533476916,0.173783619,1.588788665,0.054955206,0.533476916,0.189434929,1.596785721,0.102898136,0.578927648,0.199928927,1.530874881,0.192227733,0.59978678,0.194889403,1.4278901,0.688070569
COUNSELLING,0.383289012,0.365912755,0.423688454,0.437512915,0.34288902,0.292958177,0.204177134,0.242459152,0.255638876,0.223017189,0.263004613,1.311634189,0.434279597,0.188891095,1.543403161,0.047565149,0.434279597,0.207063173,1.54727927,0.085478533,0.473776382,0.231903845,1.495759652,0.203266844,0.501203951,0.20426794,1.428409286,0.642353297
COUNSELLING,0.435781622,0.365185829,0.402291344,0.401167766,0.357463365,0.358723859,0.239168303,0.282145482,0.282145482,0.259097895,0.311982029,1.533994493,0.728796851,0.239339811,1.771636282,0.118116806,0.728796851,0.275523153,1.838738752,0.191102883,0.846824186,0.259572579,1.760786559,0.222825516,0.954483191,0.259097895,1.618953192,1.045222831
COUNSELLING,0.438447943,0.362880242,0.375595645,0.4027631,0.367335412,0.389321415,0.243510979,0.274215399,0.294119822,0.267804105,0.330797502,1.588731111,0.575147654,0.228472384,1.760944126,0.091405133,0.575147654,0.246228483,1.778096346,0.150169344,0.66299048,0.239839749,1.743517171,0.249953785,0.779781476,0.25810342,1.673651415,0.973626337
COUNSELLING,0.428211209,0.353126777,0.364302416,0.387958375,0.364302416,0.365374422,0.228359014,0.253519648,0.281192392,0.262860965,0.302306282,1.477334572,0.614875462,0.225197188,1.701734373,0.079516825,0.614875462,0.237592163,1.697112353,0.148871863,0.680733968,0.240861934,1.668838079,0.236354337,0.795209239,0.24647968,1.568587077,0.946244365
COUNSELLING,0.384857196,0.357317143,0.410205699,0.423703606,0.336934864,0.291686979,0.210243314,0.241784799,0.265454933,0.22723293,0.245306123,1.299633681,0.4150122,0.19100741,1.53747773,0.056709863,0.4150122,0.206123862,1.520581215,0.078624952,0.446133609,0.224623243,1.467569741,0.15553627,0.465228306,0.198079036,1.395518491,0.558975044
COUNSELLING,0.474861534,0.313518331,0.353162835,0.359360795,0.325661691,0.364445251,0.223269899,0.272406718,0.26632073,0.245399286,0.28816281,1.601479744,0.724886212,0.231653691,1.752825946,0.099849334,0.724886212,0.243208177,1.804644393,0.173523499,0.824272138,0.243208177,1.723045535,0.202030509,0.928057866,0.254763911,1.575744552,1.00749948
COUNSELLING,0.443728999,0.321235987,0.350966489,0.361550763,0.356121502,0.375951951,0.213013051,0.24266515,0.277463372,0.24690136,0.314414073,1.528841213,0.518935078,0.208088091,1.668193117,0.103362279,0.518935078,0.23085301,1.716542557,0.146176337,0.622247584,0.233155502,1.683194818,0.207483182,0.735382096,0.255654996,1.590017249,0.872027739
COUNSELLING,0.447632512,0.387344422,0.424398686,0.446834237,0.415364501,0.387459618,0.280892137,0.322460418,0.338660865,0.281843779,0.33800135,1.564083899,0.625316771,0.261302863,1.804928,0.040082029,0.625316771,0.292870173,1.815135304,0.179252285,0.663542902,0.284836337,1.788984103,0.245814662,0.80303112,0.280892137,1.694884885,0.964285478
COUNSELLING,0.421958864,0.364251254,0.408738376,0.430174906,0.388064075,0.369118136,0.236952765,0.28168521,0.296986489,0.270497796,0.311426962,1.464921473,0.544662543,0.215565603,1.678231094,0.058582801,0.544662543,0.233303751,1.6924854,0.146808078,0.600409406,0.248545774,1.664184667,0.231976056,0.710858294,0.260017898,1.580064041,0.869002346
COUNSELLING,0.376794012,0.363950579,0.429099932,0.445705559,0.343946569,0.282304023,0.223078432,0.255854641,0.273281122,0.229943985,0.256782559,1.304355356,0.386856398,0.197777545,1.537676176,0.055769608,0.386856398,0.216840147,1.542179002,0.091538938,0.43135378,0.229943985,1.481835323,0.171093347,0.451780399,0.206467212,1.420306668,0.56622593
COUNSELLING,0.376070248,0.360623186,0.425551814,0.438552924,0.340449995,0.290051992,0.223749022,0.255034742,0.261023115,0.223830252,0.25187896,1.303484904,0.398552188,0.192666872,1.544939726,0.047093297,0.398552188,0.210348522,1.548688687,0.091245597,0.435808563,0.232044727,1.489220798,0.182491194,0.455749591,0.200435809,1.42428109,0.57686728
COUNSELLING,0.489178368,0.495347317,0.498403159,0.510592327,0.439818862,0.441197608,0.342371643,0.410350446,0.401182582,0.31415633,0.382187671,1.866644252,0.839359726,0.298289485,2.07438355,0.136103424,0.839359726,0.374765844,2.203784394,0.179414305,0.939887763,0.363870946,2.189961361,0.269121458,1.083935648,0.331786064,2.05175223,1.22014919
COUNSELLING,0.460686151,0.403380302,0.405461384,0.427028999,0.380658782,0.412492535,0.254294025,0.3153616,0.322182207,0.243875752,0.354914597,1.752740675,0.856845562,0.244163172,1.847799736,0.118436535,0.856845562,0.26615301,1.884332342,0.195330537,0.975071527,0.272661379,1.883736717,0.28841181,1.153768822,0.251241831,1.755419638,1.340218116
COUNSELLING,0.524596447,0.308924261,0.334524877,0.335593649,0.24122932,0.404540036,0.21451367,0.229045741,0.220685024,0.18200121,0.330486199,1.770594385,1.071232024,0.175999512,1.684624237,0.187811216,1.071232024,0.165513768,1.686058479,0.222704143,1.252535477,0.161683179,1.575210833,0.335593649,1.40398461,0.137765776,1.294918102,1.512585223
COUNSELLING,0.529766474,0.304615723,0.344602809,0.332161889,0.238762523,0.400403235,0.19910341,0.213555693,0.215599335,0.148074231,0.327106668,1.771205498,1.043266765,0.176699158,1.670760335,0.225150752,1.043266765,0.151006679,1.655520232,0.25475654,1.257149349,0.142643989,1.552733245,0.3617378,1.450099646,0.118459385,1.260980538,1.578779645
COUNSELLING,0.565642629,0.342061769,0.397693572,0.371737031,0.257233462,0.433609209,0.241456812,0.259186667,0.251683859,0.193186336,0.358476142,1.899481258,1.167787678,0.199353403,1.770866832,0.193186336,1.167787678,0.217269352,1.81802776,0.261896684,1.360929206,0.190557828,1.659543652,0.406721815,1.513105948,0.133994059,1.330573433,1.665671144
COUNSELLING,0.544003058,0.316502454,0.339620488,0.302723718,0.215162342,0.390477585,0.202683841,0.215162342,0.229379483,0.165331461,0.338455406,1.751553945,1.071396594,0.190217379,1.685400585,0.165331461,1.071396594,0.183020772,1.647426737,0.241460244,1.21636287,0.17997384,1.502197264,0.432887252,1.363879571,0.129415229,1.15342271,1.542211662
COUNSELLING,0.518601119,0.314161791,0.350964241,0.325687724,0.238331983,0.385887888,0.200423215,0.21876506,0.203915847,0.154943641,0.313161273,1.718727667,1.072457345,0.163324938,1.66559409,0.150838443,1.072457345,0.152390852,1.666771271,0.233005456,1.216872337,0.134914005,1.534426325,0.325687724,1.358701349,0.095398608,1.255460379,1.453122298
COUNSELLING,0.52477638,0.333461785,0.374819286,0.347332427,0.249879524,0.412046395,0.208695163,0.255975042,0.228951038,0.171713278,0.316562769,1.766915058,1.124800575,0.194845903,1.721895991,0.180468545,1.124800575,0.185211592,1.777788484,0.267029367,1.305221735,0.17559743,1.661809586,0.391910885,1.485459816,0.119419163,1.333341363,1.583118204
COUNSELLING,0.535406369,0.341099761,0.386585495,0.388913565,0.302778839,0.439978116,0.227056522,0.264594086,0.228816676,0.184124157,0.322975137,1.8129701,1.078652155,0.198792746,1.748763713,0.161487568,1.078652155,0.214331084,1.832559637,0.230563394,1.235548356,0.177466852,1.657177937,0.381361127,1.322970428,0.121838145,1.348203604,1.473265602
COUNSELLING,0.530175417,0.336605359,0.376936928,0.363492361,0.269069118,0.42543563,0.23028607,0.245502532,0.232242657,0.179491489,0.3531372,1.798591707,1.072317235,0.215255294,1.754219219,0.153392998,1.072317235,0.215675305,1.779114631,0.219006395,1.224264485,0.187384957,1.628757403,0.379091555,1.331280471,0.162558726,1.311625705,1.466488403
COUNSELLING,0.526543571,0.466612676,0.513913601,0.48182638,0.338616553,0.423784012,0.305409445,0.311672765,0.299875436,0.233720125,0.289380897,1.720258365,1.027827201,0.242910294,1.981946344,0.122248116,1.027827201,0.238629601,2.015720234,0.231504718,1.14611473,0.215359697,1.878079795,0.37335916,1.241928332,0.173628538,1.549326391,1.287863792
COUNSELLING,0.370462591,0.359996289,0.431157973,0.437820476,0.340553946,0.281619788,0.219650695,0.250440325,0.262027438,0.218379803,0.245576943,1.29037144,0.353651787,0.192646404,1.482814274,0.057471947,0.353651787,0.207486527,1.475751929,0.081277607,0.395042577,0.224744964,1.443331747,0.162555214,0.441366323,0.195039618,1.390528094,0.558508472
COUNSELLING,0.370925439,0.356102281,0.422248722,0.430598514,0.346069212,0.290100699,0.216071693,0.248759298,0.265422969,0.224626287,0.235792,1.287602731,0.341360568,0.18149334,1.468026845,0.035982563,0.341360568,0.21017528,1.462985815,0.070359754,0.367055346,0.227657363,1.436879606,0.156114278,0.408590168,0.197470678,1.39841331,0.528257132
COUNSELLING,0.460426327,0.412563834,0.446565987,0.473308549,0.400889849,0.359498812,0.255180564,0.29496391,0.316127651,0.287510985,0.30624621,1.502853696,0.588162139,0.230016652,1.750928383,0.074275616,0.588162139,0.261655149,1.749765808,0.153344435,0.649611512,0.281631444,1.73043136,0.283711114,0.769900433,0.26525962,1.650611524,0.974301242
NIL 3,0.329604411,0.376720973,0.385743074,0.394872942,0.268698363,0.228839195,0.307019998,0.268698363,0.322764613,0.18662517,0.248944226,0.713258877,1.222516403,0.269504402,1.874551673,1.031031897,1.222516403,0.262751167,0.84969883,0.239038315,0.232599716,0.28449435,0.717028518,0.220565146,0.352500101,0.232599716,0.724808285,0.563406489
NIL 3,0.324773911,0.396957685,0.420716661,0.421201717,0.284254147,0.218720177,0.313996838,0.292747248,0.331617621,0.204950117,0.243700158,0.739589475,1.247715373,0.275922539,1.92024941,1.091197657,1.247715373,0.275922539,0.840357963,0.227864634,0.198147891,0.283432007,0.717528705,0.247382894,0.33616054,0.236902399,0.671887073,0.563871538
NIL 3,0.332557705,0.401100207,0.412453292,0.404323152,0.280678751,0.237707128,0.304607936,0.291234246,0.331921752,0.212071553,0.265196167,0.756060133,1.223006148,0.27238314,1.907141012,1.066913142,1.223006148,0.258276813,0.858824332,0.235922706,0.184683673,0.273268221,0.708705728,0.258276813,0.312048043,0.240986002,0.65639026,0.556063088
NIL 3,0.305763654,0.4403032,0.351914707,0.343819035,0.295764318,0.224530043,0.265340152,0.301238664,0.29275136,0.163513505,0.206375673,0.769751847,1.129796945,0.243545423,1.89125289,1.137418517,1.129796945,0.230263648,0.77790663,0.177286095,0.061560722,0.224762196,0.705038637,0.187392043,0.121558386,0.183074972,0.760641768,0.29275136
NIL 3,0.337920395,0.395554795,0.396867377,0.405203891,0.319383693,0.265528154,0.29508102,0.234473264,0.294829137,0.179358275,0.269830171,0.829704829,1.130063313,0.24149731,1.871126509,0.929658264,1.130063313,0.248771125,0.948291652,0.308015746,0.26622673,0.297213408,0.762464527,0.272160472,0.444296863,0.235421913,0.811964763,0.715151248
NIL 3,0.331102926,0.370162355,0.404593019,0.411449664,0.306935659,0.234888088,0.299424736,0.29316659,0.332573413,0.213103596,0.267156891,0.776442348,1.199896981,0.274365655,1.880644832,1.027215856,1.199896981,0.242519845,0.862166553,0.252637357,0.248482709,0.287904054,0.715021463,0.250568644,0.408115462,0.239822098,0.726709503,0.653552427
NIL 3,0.347379028,0.389740914,0.401712561,0.394376778,0.301951226,0.227169503,0.271174383,0.313473916,0.337194333,0.221188559,0.247145675,0.724567809,1.182500575,0.23980307,1.838302915,1.02067303,1.182500575,0.262917852,0.832028257,0.239678787,0.193604926,0.281736551,0.694972454,0.231714642,0.329778635,0.25144834,0.67694635,0.551068759
NIL 3,0.302050447,0.446797543,0.338947275,0.326287621,0.290804639,0.214074233,0.254994327,0.308942219,0.290442416,0.180454118,0.212098121,0.730442478,1.158275839,0.244670902,1.879707579,1.152825028,1.158275839,0.232236107,0.755126118,0.178105374,0.071330753,0.22634413,0.679600598,0.189280415,0.10809732,0.178203857,0.722715266,0.288259519
NIL 3,0.328971571,0.367160224,0.362797064,0.371647073,0.275178318,0.232687873,0.282290644,0.282635813,0.330548436,0.187520988,0.234357903,0.735426053,1.223377531,0.274113337,1.849470056,1.025511437,1.223377531,0.245200932,0.829462356,0.23711515,0.288665753,0.285723571,0.689396924,0.269087699,0.426685421,0.227604273,0.730504387,0.691138957
NIL 3,0.337837421,0.397723176,0.408739133,0.408739133,0.298886411,0.226696278,0.275917641,0.33073203,0.352756348,0.214531615,0.250608489,0.733886689,1.201336989,0.244628896,1.846089086,1.063038666,1.201336989,0.275358084,0.793893655,0.232606414,0.212218538,0.29441508,0.673159205,0.236159872,0.380034125,0.253545407,0.683166174,0.611698325
NIL 3,0.31176883,0.435703894,0.338947275,0.320756002,0.291226663,0.227040695,0.254787826,0.308544427,0.306776576,0.18286865,0.199039733,0.754614782,1.12456665,0.244670902,1.87147568,1.136809705,1.12456665,0.232236107,0.760382091,0.168487261,0.069335091,0.22634413,0.671288399,0.185441037,0.11394458,0.182484472,0.728831374,0.268206772
NIL 3,0.342749623,0.404537482,0.403495816,0.403868148,0.264653517,0.226060232,0.318000426,0.327959244,0.342310819,0.211779598,0.23261406,0.714107904,1.302384865,0.28949835,1.929699966,1.146566842,1.302384865,0.274138298,0.805089624,0.22698916,0.190718312,0.28970595,0.693954449,0.248605804,0.340108307,0.236204787,0.664569137,0.571892177
NIL 3,0.307354663,0.435956381,0.339143692,0.326476702,0.291395426,0.232899231,0.266984119,0.302806128,0.301119172,0.18055869,0.21222103,0.756191145,1.14149187,0.250697254,1.890679943,1.147615311,1.14149187,0.232370686,0.768700921,0.174422839,0.073314541,0.226475295,0.67999442,0.186021234,0.11136065,0.18259022,0.729036911,0.273676814
NIL 3,0.325312947,0.381515309,0.367081214,0.378840322,0.259565616,0.23243616,0.295412928,0.327260946,0.358052885,0.222087998,0.24766115,0.694522796,1.258164716,0.290968745,1.865631854,1.11207011,1.258164716,0.266095067,0.766562706,0.220508303,0.205745973,0.292493863,0.650430481,0.255244364,0.355558954,0.235559894,0.658250012,0.603597343
NIL 3,0.321011148,0.409192162,0.410951506,0.374196267,0.296272358,0.22698916,0.325751978,0.318755773,0.348231181,0.223250259,0.262371978,0.705979307,1.32047043,0.30398464,1.956725357,1.18166009,1.32047043,0.281816304,0.790621697,0.240492891,0.176983821,0.297184123,0.634154829,0.242360583,0.317905882,0.25053301,0.660303507,0.559671984
NIL 3,0.311171167,0.389043602,0.366202715,0.369079167,0.247258598,0.2219007,0.301242196,0.326105826,0.35715702,0.223680681,0.251104632,0.68993328,1.282991588,0.287432282,1.87425244,1.124297533,1.282991588,0.272682205,0.767567983,0.232802405,0.211999576,0.308504698,0.641070651,0.276533159,0.365389633,0.247659233,0.649011654,0.633134441
NIL 3,0.338100139,0.403291491,0.389445346,0.376701718,0.268860994,0.220259508,0.319281334,0.344056351,0.360748498,0.234268535,0.254254281,0.681070395,1.325245838,0.298469921,1.935810434,1.206511543,1.325245838,0.290750894,0.748963302,0.234268535,0.153590542,0.298469921,0.612434326,0.249195187,0.311688607,0.244403706,0.612434326,0.557326199
NIL 3,0.336975762,0.388974616,0.376057311,0.376791082,0.259605548,0.22841376,0.289877511,0.337703572,0.359535669,0.22841376,0.233726418,0.676224553,1.25550592,0.251804194,1.846107909,1.0945931,1.25550592,0.268211012,0.767823648,0.230553514,0.203245216,0.288923092,0.650076956,0.242996677,0.350808403,0.242996677,0.650454524,0.583396171
NIL 3,0.303617165,0.435270883,0.314640701,0.29688943,0.279141994,0.223115289,0.255486091,0.314361442,0.30597998,0.194965621,0.214771559,0.737469241,1.12761981,0.233877645,1.857462482,1.159371351,1.12761981,0.238267651,0.723643998,0.167644535,0.072349834,0.226475295,0.642594863,0.188367118,0.125032931,0.18259022,0.699501717,0.278827184
NIL 3,0.330410482,0.402749622,0.370618032,0.350453238,0.225985978,0.209710059,0.308877837,0.348748689,0.36511029,0.238307402,0.246179314,0.664283726,1.321371366,0.289353835,1.916637627,1.196004711,1.321371366,0.280570813,0.738860625,0.222799177,0.158954933,0.288425591,0.614661074,0.216697644,0.305385387,0.238307402,0.593952801,0.514204408
NIL 3,0.282302516,0.437544054,0.321791665,0.292006876,0.262426351,0.206823603,0.257923771,0.316003172,0.307577939,0.18841114,0.228902089,0.685412691,1.182300544,0.229212044,1.852619058,1.161948469,1.182300544,0.240178019,0.70908702,0.17196065,0.025278007,0.228358654,0.615876793,0.190379178,0.150846623,0.1822823,0.669005482,0.330337979
NIL 3,0.321669355,0.40237748,0.365258572,0.353841409,0.224247072,0.209925748,0.318936506,0.349981673,0.365754062,0.231009804,0.226923146,0.643948355,1.35224043,0.291234246,1.914265634,1.211400718,1.35224043,0.282394145,0.723041502,0.214899298,0.177346712,0.292475307,0.605089592,0.249720641,0.31464889,0.239856079,0.579038203,0.550553326
NIL 3,0.269427617,0.44965518,0.338524061,0.302302599,0.278486525,0.183736562,0.260403953,0.326449603,0.310990882,0.19104018,0.223606798,0.65948996,1.238818604,0.240513441,1.879868376,1.180931217,1.238818604,0.243529401,0.721540323,0.180226945,0.062198176,0.23241041,0.624470579,0.200819489,0.145491866,0.186104907,0.684819759,0.342862574
NIL 3,0.326435292,0.364329521,0.344093011,0.345485166,0.234196499,0.202543822,0.288444102,0.28,0.334185577,0.20505609,0.226415547,0.673379536,1.262505446,0.273056771,1.826980022,1.046166335,1.262505446,0.259106156,0.787299181,0.227683992,0.290874543,0.285881094,0.651152824,0.272117622,0.407921561,0.243704739,0.650021538,0.661682703
NIL 3,0.329625704,0.381189894,0.369657544,0.363998773,0.255999711,0.217822796,0.308432773,0.332581244,0.362529385,0.248833349,0.240593142,0.677442905,1.285085274,0.296271034,1.882702927,1.149647383,1.285085274,0.278949285,0.758480121,0.239109512,0.161908433,0.293252914,0.616480846,0.238861344,0.312064892,0.246077104,0.601384244,0.544556991
NIL 3,0.285425128,0.44776503,0.319271315,0.301199354,0.277365195,0.194454452,0.254152293,0.331538271,0.316932718,0.190495198,0.217197943,0.661268074,1.219184148,0.239827326,1.867212512,1.189520108,1.219184148,0.237699538,0.700571827,0.171339815,0.048566937,0.23174741,0.616804506,0.189061086,0.126647076,0.192861688,0.676003016,0.308402253
NIL 3,0.317748683,0.377171373,0.34281738,0.344342602,0.221313978,0.182561429,0.285307244,0.35196883,0.371007722,0.235982065,0.225070637,0.670487004,1.315008815,0.27214651,1.816809438,1.140984052,1.315008815,0.298355845,0.714234806,0.242984287,0.2341988,0.312090984,0.592481305,0.30092089,0.41509392,0.250488623,0.5839286,0.699456788
NIL 3,0.327532891,0.381761333,0.346642526,0.311839267,0.248501237,0.181183611,0.291619287,0.347712963,0.372232224,0.254291138,0.233730435,0.601947906,1.332468492,0.287232176,1.859229903,1.193172484,1.332468492,0.301642043,0.691137545,0.24649918,0.159357645,0.301642043,0.538686104,0.252947934,0.301642043,0.254291138,0.568830087,0.552591799
NIL 3,0.287985683,0.434586439,0.311444256,0.287549388,0.251622421,0.194997891,0.251836174,0.341600906,0.321977782,0.202665454,0.209540363,0.674987827,1.207184553,0.242252703,1.862705113,1.181656622,1.207184553,0.224499379,0.701772644,0.170353572,0.02678502,0.218589398,0.615939,0.183726497,0.155837265,0.168660575,0.659504641,0.333793371
NIL 3,0.33269345,0.386235786,0.463015725,0.393439348,0.293304274,0.257756389,0.190529184,0.252657112,0.163019454,0.16757742,0.223606798,0.81130708,0.89228044,0.107906606,1.641457755,0.450266283,0.89228044,0.199313892,1.82887794,0.442440306,1.195654231,0.119359019,1.521534914,0.315142933,1.051092061,0.129276172,1.32028432,1.021012122
NIL 3,0.464151918,0.421472474,0.387810876,0.359404224,0.2878548,0.303217704,0.247117319,0.269737334,0.170796359,0.121474109,0.272250469,1.064385804,0.937550604,0.22398719,1.824943829,0.340427721,0.937550604,0.266349603,1.822111634,0.4461972,1.102108185,0.149535793,1.516612511,0.430004092,1.065451682,0.085895166,1.24359882,1.138830673
NIL 3,0.419097712,0.370948925,0.404367231,0.40580456,0.335509635,0.282258858,0.207103356,0.108359923,0.140007624,0.121848929,0.247059367,0.989267982,0.797923068,0.06608186,1.609349201,0.392308388,0.797923068,0.15004447,1.254898215,0.336231939,0.630534688,0.224635129,1.002713446,0.286354727,0.699622134,0.185866449,0.970401359,0.945737905
NIL 3,0.365066007,0.369531812,0.413917638,0.401036139,0.291068276,0.237713761,0.246354542,0.202502186,0.234937447,0.179759903,0.210641212,0.856514827,1.031171672,0.126137895,1.715278385,0.716869178,1.031171672,0.247185419,1.000287009,0.312667572,0.42525459,0.256147255,0.826050077,0.274089532,0.595301321,0.215262776,0.762656677,0.822517913
NIL 3,0.375285992,0.428484103,0.459077537,0.418535136,0.327905242,0.200265118,0.213831931,0.33809797,0.347655784,0.262633356,0.174220217,0.76279146,1.126931689,0.090944551,1.701531402,0.830519594,1.126931689,0.31230487,0.880012839,0.266321171,0.387459474,0.26573456,0.73204688,0.282804088,0.535345572,0.256774626,0.618899692,0.74336432
NIL 3,0.390972657,0.440890858,0.434396332,0.403880656,0.277897529,0.191681423,0.303874461,0.360723325,0.368706578,0.27311668,0.235497924,0.723030403,1.412644066,0.266955361,1.958972602,1.173065722,1.412644066,0.285040056,0.84783341,0.264607882,0.25851194,0.26656555,0.663638414,0.311089103,0.376980616,0.23505595,0.525601084,0.633769499
NIL 3,0.300378125,0.477558408,0.330478552,0.294986534,0.236398576,0.162763199,0.286135249,0.323201393,0.314652303,0.22292691,0.148343003,0.748566071,1.412174754,0.267700167,1.94355114,1.265427671,1.412174754,0.249995166,0.804736145,0.183007917,0.157326152,0.240292843,0.662972711,0.170764112,0.258662806,0.183746068,0.608591211,0.425071854
NIL 3,0.286435715,0.470716352,0.318315429,0.28220637,0.214315751,0.139416632,0.295380509,0.322865658,0.307927636,0.217692447,0.08924149,0.697083161,1.508269797,0.270070403,1.964487186,1.289782491,1.508269797,0.253114958,0.81281042,0.171383601,0.22057115,0.239097552,0.679584927,0.170576543,0.270872125,0.182523792,0.606956466,0.416738941
NIL 3,0.324661823,0.46900903,0.319558288,0.29510601,0.227472434,0.172585925,0.288058687,0.323211894,0.303217704,0.216902861,0.163741337,0.75855397,1.402080727,0.27534542,1.955231058,1.28437318,1.402080727,0.245990192,0.814416658,0.182399024,0.121474109,0.236829688,0.678217417,0.175174577,0.229442671,0.179151304,0.588219177,0.39453982
NIL 3,0.338185433,0.466612741,0.341345844,0.310998443,0.23794644,0.16790507,0.293958429,0.31449432,0.304656046,0.216914575,0.156219491,0.762760764,1.424735465,0.274946305,1.966182267,1.256020255,1.424735465,0.247596805,0.879569843,0.18035065,0.16917929,0.241206132,0.728083393,0.18746339,0.204975213,0.184630027,0.626001735,0.371579152
NIL 3,0.33704674,0.463652001,0.356718858,0.329052399,0.252628967,0.168990842,0.289516523,0.32422201,0.317398108,0.22688153,0.144587857,0.771709057,1.444636766,0.276341788,1.968201377,1.256350231,1.444636766,0.24782105,0.893178277,0.188937505,0.188519501,0.239154132,0.73096978,0.170616908,0.223642075,0.177305843,0.61855704,0.365457908
NIL 3,0.326515007,0.412239341,0.327844561,0.298015379,0.226642086,0.156541317,0.261403448,0.31314052,0.302302721,0.23550566,0.077104115,0.818765093,1.457610522,0.260639616,1.89823952,1.21947987,1.457610522,0.241809199,0.993435278,0.172410043,0.252731041,0.242707008,0.825643,0.164336401,0.202392705,0.183116087,0.689902942,0.304691559
NIL 3,0.29537827,0.262282188,0.291086832,0.262282188,0.231713779,0.183185826,0.091592913,0.12953194,0.119422548,0.086892667,0.119422548,0.988609626,0.155977111,0.091592913,1.129975946,0.040961596,0.155977111,0.122884788,1.100640448,0.028964222,0.144821112,0.104431989,1.071676226,0.091592913,0.122884788,0.081923192,0.985209411,0.057928445
NIL 3,0.317250057,0.38685393,0.330170278,0.308682156,0.249797543,0.161783103,0.254015246,0.313076236,0.299813308,0.236408754,0.055096442,0.868611518,1.400793854,0.254015246,1.861801451,1.18124453,1.400793854,0.235192909,1.046993486,0.181808983,0.244267797,0.242674654,0.866881814,0.122099373,0.174327015,0.184844708,0.774187247,0.261345371
NIL 3,0.31407409,0.269069118,0.283800963,0.201801838,0.162001061,0.162001061,0.042543563,0.030082842,0.042543563,0.067267279,0.067267279,0.884762923,0.438012789,0.042543563,1.322619094,0.150414209,0.438012789,0.060165684,1.182068132,0.277350098,0.302328819,0.108465229,0.904988688,0.153392998,0.042543563,0.067267279,0.752071047,0.134534559
NIL 3,0.291012271,0.400612141,0.336799109,0.30792816,0.236735344,0.173081634,0.268763843,0.312216077,0.295374828,0.236165926,0.116757152,0.956789683,1.421241226,0.250483393,1.89186445,1.167585939,1.421241226,0.23495133,1.070065523,0.179102824,0.25534114,0.236237178,0.893632785,0.146083314,0.2462824,0.188889978,0.769005604,0.352904215
NIL 3,0.329386643,0.56419749,0.288945413,0.220331708,0.149392623,0.255269463,0.375385008,0.379592645,0.377979866,0.313290622,0.085619981,1.021277264,1.972462536,0.284971515,2.160347445,1.588450004,1.972462536,0.293975789,0.900390438,0.29563356,0.433394628,0.276852649,0.605424691,0.259855036,0.525089348,0.250924819,0.348258096,0.732983495
NIL 3,0.294669998,0.464395711,0.339793991,0.314519673,0.261119763,0.129473372,0.282930601,0.312958772,0.296962193,0.201048259,0.107189038,0.667196981,1.432291118,0.257853369,1.946827644,1.213606031,1.432291118,0.216215262,0.810189944,0.169758361,0.222314286,0.210923711,0.689220201,0.160637058,0.264772967,0.161105388,0.647599582,0.404245532
NIL 3,0.340267002,0.414307285,0.418905164,0.340579603,0.188246757,0.22149088,0.154737881,0.332676448,0.345850607,0.239940754,0.251842207,0.716562449,0.483196409,0.227884768,1.087479412,0.304798278,0.483196409,0.312214539,0.805694324,0.300402341,0.369791522,0.327843119,0.582457904,0.323924535,0.50421233,0.276803537,0.493654531,0.780808977
NIL 3,0.315924721,0.467835155,0.426381011,0.352875435,0.23570226,0.166666667,0.305912366,0.365672634,0.367762209,0.260599074,0.184660816,0.739744701,1.531282987,0.235091895,1.935180449,1.217764424,1.531282987,0.357192115,0.782287147,0.306537954,0.380813809,0.349739914,0.538374167,0.363307497,0.525681459,0.271401923,0.465268842,0.852368798
NIL 3,0.300698999,0.418334543,0.348234465,0.290572397,0.16518211,0.140377801,0.313411019,0.39417465,0.380277776,0.253069679,0.188336583,0.62694294,1.494418903,0.281967792,1.891477419,1.290877027,1.494418903,0.309150037,0.65438899,0.26634815,0.265778421,0.311105156,0.473810071,0.287293434,0.436683798,0.233602781,0.460424042,0.709460957
NIL 3,0.257775144,0.463712445,0.349879285,0.3311397,0.215273098,0.102025683,0.320971895,0.415890003,0.395504468,0.26079981,0.173250354,0.496673664,1.623410827,0.289065917,1.989653116,1.432471607,1.623410827,0.336161301,0.579240666,0.262977716,0.237926784,0.307355523,0.474052223,0.236574489,0.415375393,0.227353731,0.506692695,0.63327792
NIL 3,0.26394609,0.447672769,0.24015933,0.193275059,0.1781908,0.161358632,0.257861091,0.342484277,0.319284314,0.218152668,0.2348113,0.553860361,1.296024207,0.216088085,1.844546931,1.263404039,1.296024207,0.237343032,0.593357579,0.183865439,0.049275665,0.225395514,0.494421627,0.164567783,0.136666105,0.17798104,0.555779227,0.289590284
NIL 3,0.251587704,0.456323937,0.273423451,0.219770771,0.192022833,0.167338744,0.264763301,0.36254856,0.338085526,0.222828008,0.224508484,0.539651234,1.332631526,0.223753831,1.867998737,1.317498213,1.332631526,0.248959496,0.552624396,0.168681055,0.022104976,0.233454564,0.466587011,0.170784805,0.175559888,0.180312744,0.544228746,0.331971156
NIL 3,0.235949293,0.465143458,0.277535113,0.212659406,0.177794989,0.146389662,0.260526709,0.352466456,0.329369505,0.214356065,0.228561215,0.529798422,1.359989346,0.224436589,1.884076063,1.333015533,1.359989346,0.259206092,0.551348118,0.17124008,0.05693138,0.232448729,0.456997287,0.178223411,0.201045883,0.177794989,0.531271834,0.370555968
NIL 3,0.264653056,0.423862523,0.360054834,0.350221808,0.213455826,0.207931078,0.321815556,0.356714047,0.383666106,0.236516109,0.278968815,0.54325964,1.3692396,0.271108957,1.875125822,1.271482947,1.3692396,0.318491355,0.60385441,0.291446051,0.201926336,0.332689725,0.50069793,0.212205708,0.426911652,0.242487223,0.576812377,0.637452443
NIL 3,0.206199742,0.489713186,0.33517461,0.272096511,0.223624242,0.199273137,0.287569485,0.334767032,0.312280505,0.193714622,0.23032672,0.57323678,1.376941033,0.22700022,1.949761039,1.382665797,1.376941033,0.272096511,0.581378748,0.175988836,0.089423528,0.243898871,0.516576522,0.171498585,0.251458532,0.173982565,0.609675204,0.413391455
NIL 3,0.209080898,0.473619253,0.298715198,0.25144983,0.224318856,0.195445323,0.276265636,0.334394808,0.312407585,0.196402925,0.255594073,0.619416902,1.306083328,0.22870875,1.922865279,1.358304318,1.306083328,0.253826254,0.576624063,0.175411604,0.071436612,0.233257381,0.518512811,0.178381298,0.24655221,0.172499558,0.627721093,0.396797688
NIL 3,0.25227198,0.400250097,0.444417622,0.393950034,0.286027617,0.286027617,0.105999788,0.225638918,0.244317439,0.104750238,0.340655762,0.656442254,0.665473241,0.115889937,1.321082825,0.480300117,0.665473241,0.303450429,0.885768409,0.262503344,0.285566901,0.286640753,0.812959032,0.168904684,0.408176611,0.205481416,0.895721729,0.574275924
NIL 3,0.240989559,0.364759295,0.380198554,0.350768718,0.25473855,0.25278007,0.25334118,0.287597123,0.312217213,0.180127356,0.341227087,0.573958596,1.196521998,0.152601392,1.755462088,1.074604384,1.196521998,0.312785191,0.724832127,0.247816163,0.159872153,0.312671678,0.621299839,0.205013485,0.252920464,0.234721264,0.690983566,0.455705751
NIL 3,0.212350743,0.38825348,0.389833274,0.363734129,0.262612866,0.261872762,0.298038703,0.338299467,0.338203834,0.20928193,0.347357607,0.555516018,1.367962148,0.233811437,1.880581125,1.339865069,1.367962148,0.337916775,0.646778011,0.206010481,0.125641268,0.337629471,0.57968007,0.210514823,0.261872762,0.254353312,0.688212569,0.472097836
NIL 3,0.194509352,0.499573578,0.364729383,0.318121976,0.24815631,0.230164207,0.306422286,0.294188798,0.294809087,0.178398239,0.27925195,0.595952629,1.453690993,0.251406694,2.017420277,1.357220533,1.453690993,0.261536606,0.733482287,0.184769605,0.148604507,0.273672221,0.644358989,0.134404106,0.20398323,0.203584825,0.699951865,0.338222913
NIL 3,0.197077087,0.518307329,0.360195687,0.323324698,0.264045843,0.223119662,0.30963793,0.302665191,0.281594277,0.173951336,0.305391959,0.575924578,1.48847037,0.24876899,2.036434963,1.390672108,1.48847037,0.251090884,0.756128673,0.164143246,0.214016609,0.262629193,0.682482515,0.123841784,0.25953326,0.19368261,0.731383812,0.380073623
NIL 3,0.361118698,0.409695284,0.428563743,0.385753394,0.337556633,0.290254891,0.299019271,0.265269635,0.244368463,0.187573958,0.25534948,1.307968329,1.381539266,0.209521574,1.896362595,0.040173928,1.381539266,0.217087952,1.896277486,0.144849157,1.409183199,0.187573958,1.751601683,0.239700696,1.303147107,0.165641348,1.519934252,1.208561026
NIL 3,0.191907329,0.501816458,0.379843076,0.343609649,0.274966518,0.270117761,0.317048783,0.303432129,0.293266431,0.171268081,0.321392119,0.610601034,1.472171082,0.263459191,2.031318906,1.363058672,1.472171082,0.256796691,0.781196922,0.183008746,0.180745615,0.27630265,0.68923387,0.11866531,0.210738571,0.203202267,0.747758059,0.329118354
NIL 3,0.346880102,0.399115089,0.407718932,0.384106689,0.250138799,0.327104583,0.243577252,0.154231923,0,0.049056254,0.279663679,0.880756045,0.828276649,0.09668707,1.703846075,0.279000968,0.828276649,0.060846795,1.517331686,0.443910628,0.678994073,0.159251303,1.183505358,0.349802928,0.52518927,0.137747791,0.99261434,0.646380862
NIL 3,0.272843931,0.358897977,0.370319238,0.367846293,0.258125234,0.211613744,0.287404341,0.279556327,0.305492598,0.183923147,0.240981071,0.65535662,1.197068105,0.268204824,1.833220104,1.058392155,1.197068105,0.259557744,0.775038412,0.203365859,0.193003699,0.277096839,0.672370541,0.175186316,0.300977681,0.226332651,0.668627085,0.465709501
NIL 3,0.228287493,0.449710576,0.339852125,0.322461648,0.286253364,0.172907221,0.269362191,0.304078217,0.296021732,0.179365711,0.22189117,0.699906042,1.204093031,0.23624627,1.888653041,1.169541766,1.204093031,0.240348722,0.73074282,0.170734804,0.036267364,0.229374952,0.651858891,0.160540325,0.172907221,0.186745282,0.705168568,0.327439299
NIL 3,0.308985935,0.368643631,0.369465173,0.370830365,0.22223158,0.246386088,0.296523448,0.263178461,0.341410472,0.205863385,0.284581078,0.73307154,1.156702141,0.262665942,1.861133765,1.017631918,1.156702141,0.247477504,0.845097309,0.238606429,0.176812423,0.278720197,0.677720205,0.214046555,0.284935991,0.228657077,0.653631032,0.494205747
NIL 3,0.272496231,0.358333397,0.380177229,0.376099302,0.258306061,0.21020182,0.285360334,0.308432773,0.344408082,0.224526599,0.238861344,0.690235384,1.187134241,0.269651954,1.839684065,1.049766906,1.187134241,0.249428503,0.792886947,0.22173569,0.179125316,0.278310713,0.657133869,0.200379215,0.297270265,0.228973102,0.644788592,0.491249567
NIL 3,0.300907759,0.350455583,0.340879572,0.357469286,0.241395616,0.234879989,0.282466991,0.202051406,0.312708106,0.189730117,0.274919978,0.759011331,1.083666371,0.249127849,1.804625156,0.882598867,1.083666371,0.210247112,0.924760726,0.293599986,0.229684528,0.273914783,0.705275812,0.249266215,0.318281885,0.231329961,0.688202375,0.561382828
NIL 3,0.287527585,0.376218363,0.397263099,0.382599961,0.282718921,0.205666518,0.125973456,0.308948607,0.346427003,0.218726557,0.235798502,0.687443644,0.872936807,0.070421303,1.534302452,0.6910834,0.872936807,0.239846314,0.847984776,0.258462377,0.190956568,0.25619512,0.678043723,0.206233093,0.266793047,0.224648046,0.657999869,0.46317105
NIL 3,0.338652945,0.433846311,0.402683993,0.356020293,0.220493978,0.198377621,0.290112341,0.332986055,0.376127867,0.26174391,0.227388578,0.725676803,1.284739878,0.245753887,1.904148358,1.111939448,1.284739878,0.275902306,0.845815553,0.265286675,0.178764963,0.29477801,0.617750596,0.299610759,0.261057097,0.250242252,0.508738716,0.551088363
NIL 3,0.319497926,0.428724046,0.3964394,0.358166625,0.23786364,0.187529823,0.324331754,0.35781889,0.378117359,0.254426761,0.233105886,0.697356785,1.406224713,0.315971783,1.998645751,1.254247111,1.406224713,0.272385664,0.796989543,0.252091957,0.160913612,0.287179912,0.605074191,0.26928309,0.277479542,0.222308654,0.537930157,0.538566179
NIL 3,0.279041289,0.454313001,0.337348786,0.309050503,0.277680767,0.175145677,0.283083623,0.32242454,0.307576486,0.199696797,0.189578909,0.759762568,1.246999808,0.259126174,1.940001386,1.233810134,1.246999808,0.248075341,0.77691557,0.175037529,0.017406117,0.234337027,0.663633192,0.208237843,0.161065379,0.185131877,0.675539017,0.360310834
NIL 3,0.346111403,0.423450522,0.426452892,0.398964176,0.299424736,0.208111376,0.233858195,0.360555128,0.402492236,0.257976208,0.215438606,0.747639965,1.180444101,0.177530959,1.807951785,1.007146875,1.180444101,0.296415366,0.834100796,0.245370937,0.208277004,0.30229011,0.635772677,0.274050084,0.320559855,0.252982213,0.581555583,0.58845209
NIL 3,0.32701134,0.385521942,0.367973673,0.323456763,0.204183132,0.186425147,0.264738938,0.365115391,0.400956227,0.274124987,0.200613222,0.680020401,1.292625817,0.23800714,1.829530563,1.110251755,1.292625817,0.288633416,0.76865057,0.258525163,0.206994736,0.309413953,0.543617725,0.307069874,0.307187503,0.243558636,0.462854301,0.605669266
NIL 3,0.311921184,0.435307872,0.350956426,0.339505498,0.202086606,0.127810792,0.292795528,0.399947723,0.394850544,0.269071315,0.143921989,0.610073993,1.507972367,0.282921248,1.952938863,1.29307638,1.507972367,0.29424254,0.743415072,0.272689649,0.218403177,0.29424254,0.542255266,0.272689649,0.318861671,0.238701838,0.429109388,0.551692733
NIL 3,0.258085312,0.462620008,0.228505879,0.191995589,0.15552617,0.118799098,0.290928467,0.346153846,0.319923228,0.229117443,0.158075949,0.58613573,1.465813313,0.259321656,1.951535786,1.38745666,1.465813313,0.264133512,0.65738312,0.16120647,0.079980807,0.251971278,0.533126226,0.18607359,0.139966412,0.200849786,0.487694406,0.325129604
NIL 3,0.246007638,0.453964338,0.212165129,0.169344805,0.118165373,0.094339623,0.283088741,0.349552031,0.324189282,0.23907645,0.104106575,0.547747833,1.528871183,0.252278882,1.925247533,1.386303911,1.528871183,0.264001155,0.631566803,0.155588892,0.145199954,0.24880554,0.505966927,0.182389937,0.195373894,0.200667373,0.428642999,0.362058817
NIL 3,0.250857125,0.474453275,0.205625647,0.142398097,0.083372741,0.091824306,0.288597948,0.374669956,0.334783448,0.246807444,0.135895131,0.505471238,1.569487573,0.250446892,1.947042891,1.443915806,1.569487573,0.27688771,0.580747904,0.168341168,0.128905488,0.259718358,0.441213688,0.173633177,0.189490677,0.195789177,0.364825328,0.352205711
NIL 3,0.224618175,0.485691852,0.20178019,0.142680141,0.058667771,0.061120608,0.291616693,0.391362844,0.350632643,0.255233995,0.072434867,0.490079557,1.676049534,0.246959346,1.957243182,1.489060738,1.676049534,0.279714908,0.549818335,0.176241638,0.204876742,0.264679818,0.404495391,0.197044141,0.273339667,0.203334361,0.311587822,0.441555724
NIL 3,0.271284592,0.270322246,0.347287744,0.193988676,0.091320393,0.122943841,0.15948421,0.365994317,0.390788334,0.298192896,0.106594802,0.609183002,0.691642715,0.237476921,1.079793657,0.359673688,0.691642715,0.297668062,0.739215877,0.310522908,0.517594126,0.278676864,0.438551866,0.310522908,0.48160145,0.204198606,0.271284592,0.693223442
NIL 3,0.271923349,0.333973744,0.323591623,0.206155281,0.052805885,0.119695126,0.097072534,0.35975419,0.385930444,0.291052467,0.109632252,0.593636123,1.011710281,0.111803399,1.377009022,0.728077025,1.011710281,0.304454114,0.649037749,0.284368396,0.435448487,0.285043856,0.38530707,0.321205661,0.474442993,0.212132034,0.271215214,0.725894673
NIL 3,0.269724749,0.301377726,0.331615719,0.223755357,0.066563204,0.080977633,0.141201879,0.419823369,0.410107132,0.279882246,0.147343934,0.48850318,0.750837665,0.173064331,1.096374983,0.475169909,0.750837665,0.279882246,0.623068571,0.26758077,0.38330235,0.256937417,0.393230263,0.26525249,0.408374887,0.179843875,0.30835364,0.605103096
NIL 3,0.2618257,0.37648019,0.246112799,0.186481025,0.034805606,0.05662797,0.244951883,0.403963828,0.406075151,0.291082211,0.185138728,0.479984916,1.476797435,0.238764486,1.780757339,1.236773536,1.476797435,0.29485239,0.614847528,0.253950474,0.244951883,0.29485239,0.396844965,0.299171044,0.288129483,0.215715488,0.277676015,0.53609141
NIL 3,0.242825826,0.393070782,0.234166356,0.181120263,0.072991412,0.049541447,0.27853467,0.41362604,0.376820136,0.264082561,0.118101312,0.453395187,1.590171097,0.271239354,1.871748403,1.385454865,1.590171097,0.304018777,0.537935348,0.221556087,0.225307001,0.276809981,0.386698936,0.230819111,0.326427517,0.210471172,0.323109703,0.516127222
NIL 3,0.230835819,0.463995245,0.211763923,0.15142412,0.098896144,0.051360296,0.286741502,0.397477947,0.352684258,0.242579913,0.15142412,0.402147153,1.602370307,0.248447964,1.958385698,1.485519844,1.602370307,0.266038246,0.493864798,0.175274516,0.121707479,0.240141862,0.378654092,0.184853161,0.189407411,0.174926863,0.389432672,0.369816076
NIL 3,0.263364914,0.323071329,0.303924796,0.266010598,0.168160572,0.139072175,0.247166145,0.327072047,0.356722442,0.226466734,0.219740713,0.578504278,1.204677204,0.196168447,1.733359497,1.061657908,1.204677204,0.288732887,0.671947869,0.201700124,0.244997979,0.28524705,0.557486308,0.238095238,0.356535431,0.228810566,0.563080951,0.580001058
NIL 3,0.271013217,0.368485557,0.346297563,0.285950967,0.192312442,0.137293586,0.244005147,0.397996281,0.398893497,0.252385434,0.263226647,0.516544606,1.275044845,0.193659656,1.766937166,1.155253927,1.275044845,0.313077546,0.613995582,0.250056867,0.145342602,0.290685204,0.47573558,0.234357903,0.286291723,0.238072642,0.511994577,0.516984834
NIL 3,0.196721584,0.485989626,0.224030148,0.170072912,0.150137911,0.104171903,0.284305896,0.37919145,0.334468444,0.222152393,0.192104267,0.494534259,1.474350148,0.234046103,1.960003013,1.466223207,1.474350148,0.260429757,0.498511649,0.168541224,0.022773922,0.227739216,0.42394893,0.205645437,0.184908364,0.175157733,0.49384805,0.385504351
NIL 3,0.290971711,0.362917711,0.369136805,0.310235405,0.217449638,0.214677111,0.221092264,0.295466275,0.318994026,0.206329554,0.221272821,0.639988019,1.088129385,0.132859916,1.699464302,0.951247709,1.088129385,0.297083803,0.755015181,0.212433038,0.261019138,0.282616709,0.64372121,0.223606798,0.37874857,0.224141956,0.666999384,0.592417476
NIL 3,0.248858963,0.344088776,0.38118125,0.353231246,0.217298687,0.175770686,0.162516638,0.327395623,0.349643025,0.225370027,0.237036015,0.552739113,0.986670302,0.04267896,1.523368943,0.786293184,0.986670302,0.269925443,0.741586785,0.23629597,0.256756807,0.2660038,0.61943897,0.209250817,0.336887317,0.21762085,0.598559759,0.510571994
NIL 3,0.289921348,0.339417082,0.323187157,0.336123469,0.186868012,0.228121799,0.268332764,0.259551767,0.315347043,0.202121015,0.262746735,0.659296925,1.131223344,0.235978881,1.781722892,1.007511958,1.131223344,0.26050251,0.774277445,0.236502116,0.143460671,0.274593755,0.650425362,0.215872049,0.263568738,0.208887808,0.618273444,0.465496797
NIL 3,0.287590335,0.409983486,0.391421034,0.403733372,0.253393999,0.239330492,0.303926414,0.207457898,0.281897124,0.164372857,0.253268525,0.719274198,1.192927878,0.263238185,1.898254292,0.994965074,1.192927878,0.234635967,0.903514365,0.274932807,0.215867681,0.288142438,0.7039079,0.209743585,0.267312209,0.228319269,0.667566674,0.464916647
NIL 3,0.257637367,0.423186123,0.374825772,0.35129362,0.272177948,0.208617165,0.266484354,0.253782226,0.256358761,0.146022014,0.189158103,0.773077416,1.120069082,0.235654924,1.876426277,1.049941363,1.120069082,0.224872733,0.829223622,0.177713314,0.09743132,0.220528145,0.727605399,0.15895162,0.219615668,0.171970685,0.737275992,0.378557402
NIL 3,0.322158491,0.38811528,0.403742802,0.412049651,0.284390612,0.257475162,0.311935997,0.189593741,0.285295699,0.169055751,0.276377996,0.795168083,1.116022749,0.266610802,1.900303142,0.944270631,1.116022749,0.223804359,0.956092642,0.303315989,0.199069728,0.277972498,0.749238466,0.231886527,0.308134654,0.228042837,0.736746979,0.535496069
NIL 3,0.290739937,0.36987229,0.401263054,0.419154465,0.289852857,0.253349416,0.2906292,0.225234772,0.299573722,0.18662549,0.264659067,0.813600354,1.082004287,0.265266502,1.857489481,0.928285393,1.082004287,0.217232258,0.929706035,0.247695878,0.215297297,0.269121621,0.757162839,0.200751822,0.332860885,0.218267055,0.730857779,0.527673622
NIL 3,0.260168948,0.431677875,0.392872227,0.380403286,0.293058237,0.201275046,0.275483747,0.230705421,0.23479789,0.136892481,0.212091251,0.779609709,1.147867764,0.24445167,1.907680318,1.027384464,1.147867764,0.219655441,0.882595252,0.175587125,0.143952655,0.232049674,0.781900341,0.150811343,0.229268517,0.181574142,0.780033485,0.376860753
NIL 3,0.302089672,0.403518026,0.388772158,0.389087251,0.282524798,0.244715388,0.300462606,0.164942058,0.267675787,0.145745772,0.268741925,0.784865002,1.152327851,0.272515515,1.90417927,0.929939558,1.152327851,0.219922743,0.974260236,0.311673744,0.269652403,0.278446906,0.739247542,0.262746927,0.351583718,0.222324323,0.749073502,0.609832292
NIL 3,0.301080035,0.384937082,0.400821971,0.402211306,0.276701461,0.249118101,0.311775274,0.242307205,0.296529445,0.187653198,0.290471125,0.812572912,1.144286962,0.300732435,1.909481479,1.035995358,1.144286962,0.235151025,0.878387185,0.240429386,0.169083882,0.273533261,0.713463421,0.242163274,0.322656327,0.221877178,0.686009289,0.562525906
NIL 3,0.306722669,0.363553446,0.369004955,0.376932595,0.263488731,0.266531594,0.291312399,0.151281549,0.265231785,0.153048032,0.283157507,0.839560229,1.022630048,0.255497876,1.838102052,0.850466426,1.022630048,0.192996174,0.98763572,0.318635058,0.219087621,0.275179634,0.737645603,0.236776862,0.335883545,0.219787583,0.730741791,0.572049483
NIL 4,0.388968145,0.386006833,0.431494896,0.410911522,0.33273072,0.294011631,0.138291438,0.232687873,0.243574458,0.143568746,0.228076083,0.872418175,0.197088886,0.185422869,1.067086704,0.180309975,0.197088886,0.210235332,0.964873943,0.196116135,0.139971462,0.22854145,0.873294586,0.183580112,0.264165205,0.183580112,0.921989018,0.447735958
NIL 4,0.379514894,0.383649639,0.440478348,0.413645193,0.337288828,0.296684328,0.139097599,0.232861807,0.234549555,0.146085878,0.218891844,0.950945467,0.130472386,0.179728303,1.080715899,0.156778869,0.130472386,0.20233226,0.994775641,0.171935942,0.118463627,0.213514732,0.912397031,0.163138209,0.2553151,0.167656737,0.921520888,0.418435454
NIL 4,0.378220376,0.37604355,0.427677223,0.412482757,0.337075023,0.288378747,0.16334288,0.245558193,0.243122289,0.145252993,0.201178696,0.928372259,0.128136697,0.178703611,1.05487325,0.148605426,0.128136697,0.203612397,0.97562864,0.168537512,0.109104466,0.212973059,0.903454589,0.15588502,0.243965003,0.179505748,0.910334359,0.399593423
NIL 4,0.418297403,0.396877591,0.445583803,0.444275664,0.341609398,0.358343873,0.10270974,0.160935787,0.202745793,0.10270974,0.26109432,0.973456376,0.194504342,0.230456551,1.154648032,0.241252944,0.194504342,0.256455397,1.07719507,0.264829368,0.175634794,0.265652248,0.946937012,0.251007428,0.351683577,0.184128318,0.988143609,0.602287382
NIL 4,0.391589021,0.384705294,0.436795487,0.415989444,0.340982933,0.297290117,0.158400766,0.239765677,0.245189173,0.147340356,0.219494149,0.956490964,0.114312102,0.180222845,1.063841166,0.143464187,0.114312102,0.204017594,0.986274951,0.177421283,0.082238949,0.215656543,0.904813016,0.150840615,0.234038314,0.181031801,0.911868061,0.384705294
NIL 4,0.428362491,0.41826336,0.45135072,0.441103719,0.337275328,0.345335352,0.103830001,0.155446353,0.192807472,0.098312906,0.276058288,0.965771067,0.21348585,0.224187919,1.174512475,0.224850219,0.21348585,0.250649713,1.087201653,0.259395924,0.189108651,0.269516985,0.952593798,0.27807089,0.343608665,0.177759706,0.981804726,0.619149194
NIL 4,0.399165314,0.419534559,0.473869322,0.454301474,0.354471618,0.356214075,0.096585818,0.170710995,0.207591417,0.102796689,0.264120734,0.910282311,0.259866797,0.208978678,1.167581303,0.245322796,0.259866797,0.255057002,1.068912575,0.28732548,0.22787646,0.284002016,0.928377039,0.285307113,0.38215369,0.189721865,0.998388861,0.665516772
NIL 4,0.396919164,0.390875601,0.436250882,0.414469774,0.325162209,0.314364025,0.131638306,0.220934091,0.240278069,0.145416961,0.237314332,1.010581402,0.094454634,0.170028433,1.092959838,0.147757827,0.094454634,0.205650638,1.002120939,0.180193675,0.068376183,0.230064274,0.894398417,0.166973781,0.239025214,0.176951005,0.90465042,0.399557961
NIL 4,0.378418695,0.392377049,0.431844904,0.404606195,0.32249659,0.298866401,0.131364591,0.231846946,0.230203268,0.139011076,0.225106569,0.944205255,0.152195859,0.173323185,1.092432863,0.158177247,0.152195859,0.203031745,0.983085506,0.18600456,0.083183768,0.221707113,0.89426679,0.15804382,0.235279226,0.182339086,0.903093241,0.393182697
NIL 4,0.421281713,0.341091286,0.362216481,0.387555044,0.297482059,0.343463299,0.117136133,0.126467998,0.048522875,0.020148027,0.253897123,0.990537351,0.391203928,0.072644746,1.358700266,0.28279104,0.391203928,0.048522875,1.416250116,0.375964566,0.564288662,0.16442568,1.110081343,0.28847585,0.520817738,0.11145338,1.058529113,0.753977841
NIL 4,0.417551191,0.393945499,0.4501488,0.45846653,0.346444721,0.346444721,0.073908297,0.140816875,0.209223132,0.140816875,0.276945109,0.948580754,0.285591328,0.164583408,1.232874303,0.242208733,0.285591328,0.216948719,1.130016833,0.271487527,0.246192192,0.253234095,0.968912164,0.244667768,0.353394621,0.207967603,0.932389668,0.578795724
NIL 4,0.385755099,0.379933093,0.425975796,0.398317341,0.314450586,0.306865762,0.125333892,0.22618364,0.230920497,0.134326633,0.22192011,0.930208726,0.156650427,0.18021809,1.078261347,0.16483812,0.156650427,0.216595188,0.966998105,0.188057287,0.074291537,0.234930466,0.874186141,0.154878769,0.228424986,0.185328378,0.899203841,0.381494316
NIL 4,0.381194755,0.378021383,0.416494719,0.416585095,0.312371039,0.322918665,0.052779968,0.109755996,0.223084292,0.147508546,0.257984964,0.815820088,0.337622359,0.168476347,1.153025782,0.2569615,0.337622359,0.174405005,1.107291952,0.310679269,0.370680463,0.236835281,0.886113995,0.228255531,0.395825986,0.194990724,0.869647459,0.597704286
NIL 4,0.385468441,0.389517066,0.441643033,0.420402888,0.328847433,0.315302166,0.137676061,0.226348315,0.236924911,0.136421584,0.247830785,0.930606082,0.129802235,0.195584368,1.052580509,0.144232064,0.129802235,0.204920978,0.997223861,0.20534004,0.105712371,0.230301474,0.89378303,0.173579386,0.251275436,0.184618718,0.918986993,0.424675178
NIL 4,0.413499386,0.314400462,0.328711852,0.372365534,0.294110604,0.361351184,0.166392072,0.147309503,0.062378286,0.036700165,0.271625303,0.979358958,0.479604996,0.058028056,1.444368975,0.270935723,0.479604996,0.019342685,1.459443749,0.386272992,0.58828481,0.156663812,1.124573816,0.257192263,0.476395852,0.117656962,1.067919454,0.67366994
NIL 4,0.41501511,0.330587023,0.377239318,0.41856507,0.336235044,0.346868043,0.107865403,0.080769052,0.088705807,0.075608145,0.27834624,0.946337418,0.422722045,0.047818789,1.366494721,0.257512062,0.422722045,0.090581401,1.327145617,0.33099365,0.459613829,0.197502736,1.07509421,0.245752128,0.430369105,0.179109371,0.984375892,0.601520257
NIL 4,0.380630686,0.394689946,0.446100901,0.420113265,0.330158058,0.311276003,0.122787809,0.221240919,0.211690568,0.105202143,0.249456476,0.919246085,0.156440954,0.190178139,1.070224691,0.171104195,0.156440954,0.213360931,0.981792139,0.204055933,0.115061831,0.226188069,0.907540708,0.166150777,0.276305636,0.178744368,0.9478553,0.442340236
NIL 4,0.385590786,0.408418756,0.446334891,0.420113265,0.32338421,0.311276003,0.13632693,0.220579227,0.211690568,0.105202143,0.250958736,0.916857749,0.155638001,0.196549758,1.064335422,0.17000226,0.155638001,0.213360931,0.981792139,0.197714979,0.111185334,0.226188069,0.908069772,0.172441442,0.263619972,0.171104195,0.9478553,0.43601635
NIL 4,0.436109586,0.32103759,0.341845342,0.376411774,0.297627914,0.371390676,0.193376927,0.20152674,0.036092686,0.027681827,0.279161305,1.01502128,0.512525114,0.086657824,1.514198446,0.301465132,0.512525114,0.066666667,1.580944962,0.359224367,0.669991708,0.07878386,1.304780482,0.29413162,0.583948772,0.089271208,1.16138377,0.711859042
NIL 4,0.46080091,0.348318256,0.378271485,0.411981383,0.344647353,0.375929224,0.118879259,0.109278429,0.079302357,0.07231143,0.297198146,0.941550746,0.45586747,0.053164421,1.397147421,0.267147908,0.45586747,0.092847669,1.383424651,0.34474985,0.486461712,0.202444083,1.118002388,0.244353995,0.403577137,0.189648749,1.032129413,0.560752341
NIL 4,0.383170798,0.392063238,0.448587808,0.422830216,0.326946053,0.31073001,0.128275708,0.206580301,0.197335555,0.0996506,0.247183561,0.905755997,0.158599741,0.20226457,1.05308426,0.160272644,0.158599741,0.224293904,0.994444973,0.19482429,0.120353739,0.230608195,0.931044833,0.163316067,0.255268652,0.170927615,0.965659865,0.417998828
NIL 4,0.362222845,0.38648472,0.430650602,0.41204497,0.317632189,0.312413273,0.10820831,0.208969609,0.190919871,0.094986186,0.266262693,0.851020626,0.246313749,0.187529237,1.069596752,0.166218286,0.246313749,0.215395125,0.977429954,0.192592804,0.127279914,0.234384816,0.92461895,0.135371515,0.201147562,0.168969838,0.957451539,0.332798245
NIL 4,0.348122184,0.386151027,0.424265013,0.406863908,0.313293982,0.292255444,0.068170739,0.209256564,0.199855723,0.094094697,0.26349252,0.815154331,0.325830659,0.162730793,1.132891067,0.197739722,0.325830659,0.215202805,0.970788438,0.206073403,0.158363896,0.227949686,0.911447172,0.135309133,0.230136094,0.170426848,0.946148248,0.359891726
NIL 4,0.366419757,0.384560458,0.423557437,0.393317174,0.298058276,0.315122867,0.140635757,0.193874179,0.185767712,0.088991984,0.287761585,0.776369295,0.294735647,0.203578974,1.020954038,0.173429999,0.294735647,0.224202412,0.966764059,0.205085128,0.191102883,0.237013978,0.904327806,0.116013668,0.204283228,0.166303804,0.929920289,0.306742719
NIL 4,0.374138494,0.381103072,0.419747023,0.379817006,0.278777,0.338913537,0.148523141,0.199591836,0.191671653,0.080010193,0.294841826,0.737104565,0.379709637,0.191671653,1.013285851,0.195358997,0.379709637,0.226752997,0.951783561,0.204036734,0.234792293,0.233049194,0.89670367,0.115646479,0.178908231,0.160020386,0.937082901,0.269480567
NIL 4,0.379817006,0.392851516,0.415794194,0.388730126,0.27664806,0.343276769,0.180270496,0.206815572,0.191671653,0.068774032,0.30072966,0.756756855,0.342265642,0.205232272,0.979379653,0.17879424,0.342265642,0.219442348,0.958166785,0.21226414,0.225671498,0.22494761,0.917937679,0.134702451,0.18263001,0.145891753,0.965247297,0.290452914
NIL 4,0.38179415,0.389662753,0.418902415,0.384711834,0.279776268,0.340080802,0.178407044,0.216344891,0.195904554,0.07635883,0.298090301,0.742642291,0.352648582,0.208926206,0.971971417,0.183700861,0.352648582,0.223428127,0.935819847,0.210069972,0.220459149,0.228902089,0.89482895,0.126547924,0.171909033,0.156080179,0.933255835,0.269969233
NIL 4,0.387349888,0.391707167,0.420187468,0.394095803,0.28779763,0.330794377,0.187892295,0.221993581,0.208926206,0.098915848,0.291314636,0.747012153,0.319806751,0.20261864,0.964423051,0.177396867,0.319806751,0.222622332,0.929503973,0.193855287,0.198335727,0.236875967,0.878956141,0.126390035,0.161116313,0.164307045,0.909327772,0.262848734
NIL 4,0.390325519,0.386684829,0.430265393,0.396437969,0.287476883,0.351655152,0.168911268,0.216979765,0.209879258,0.091019239,0.3030791,0.788915941,0.297969148,0.204317907,0.977747978,0.184464295,0.297969148,0.223945408,0.947735014,0.199514464,0.171169063,0.238283754,0.8841799,0.134102315,0.146350498,0.162944219,0.928783568,0.271573698
NIL 4,0.386652932,0.379751968,0.421042966,0.387108622,0.289008572,0.329425345,0.178139256,0.22567778,0.207404557,0.095542167,0.290360983,0.769980348,0.286694833,0.206931786,0.964095898,0.169460745,0.286694833,0.220497168,0.927710313,0.192004734,0.168533456,0.233694511,0.873710047,0.131591628,0.151518594,0.168533456,0.908874518,0.26965353
NIL 4,0.388942973,0.373071286,0.412745677,0.380409092,0.274325295,0.318496178,0.166842551,0.229600637,0.211040989,0.091488407,0.281304588,0.769249671,0.29755515,0.21149533,0.968103319,0.198670954,0.29755515,0.217226978,0.915597234,0.198380852,0.153039218,0.224442313,0.866983614,0.142651307,0.164991259,0.1588256,0.900523514,0.295937814
NIL 4,0.389490112,0.370155942,0.408855328,0.38167145,0.285234896,0.33323025,0.176937186,0.236978755,0.21768166,0.094693594,0.262955208,0.778012098,0.26761738,0.206005007,0.952186669,0.175070592,0.26761738,0.224154923,0.900083094,0.197577412,0.130703657,0.236978755,0.857509497,0.152410133,0.155796045,0.161401124,0.917161813,0.304883658
NIL 4,0.389490112,0.361438953,0.41149374,0.383338697,0.279209091,0.32595975,0.165888623,0.236243682,0.219801986,0.112077462,0.25145962,0.793067984,0.269918271,0.199814392,0.971196512,0.175070592,0.269918271,0.217592865,0.911772975,0.187025531,0.128014609,0.230362548,0.852831706,0.143124684,0.133483341,0.175070592,0.87797619,0.269918271
NIL 4,0.384974916,0.367741491,0.39281452,0.375216783,0.276746225,0.303902432,0.13322519,0.230668628,0.220334881,0.103721344,0.22982523,0.816607562,0.247403795,0.19479398,1.020871213,0.184029096,0.247403795,0.224352416,0.894679004,0.196777677,0.078829404,0.230584427,0.841690783,0.15778193,0.172368923,0.16022452,0.884901752,0.330002519
NIL 4,0.385168934,0.370164665,0.395203813,0.383120149,0.288834128,0.309867116,0.138576787,0.233456228,0.225220042,0.125461528,0.227307068,0.88399199,0.180943189,0.189857743,1.024222609,0.160791565,0.180943189,0.207391359,0.926739561,0.188714324,0.043911535,0.22583075,0.853507315,0.150684466,0.18202734,0.172252784,0.868520963,0.332473049
NIL 4,0.373372615,0.371887151,0.410610032,0.397003826,0.300954514,0.30908716,0.091681125,0.23726751,0.233698065,0.126292571,0.240357955,0.962305683,0.140435059,0.177106182,1.085956788,0.192098626,0.140435059,0.212179867,0.930263476,0.194748387,0.054709713,0.218088114,0.871435442,0.160082188,0.248658709,0.167590073,0.880213334,0.406646571
NIL 4,0.382326005,0.360195996,0.392009285,0.38523584,0.290574352,0.315830229,0.121478022,0.240315139,0.23579155,0.124558007,0.236720033,0.990562897,0.085897933,0.179626791,1.04256708,0.172375281,0.085897933,0.208788671,0.916138209,0.193212302,0.089757869,0.227439995,0.84776258,0.147433135,0.275713669,0.166130701,0.876650406,0.410108386
NIL 4,0.372373893,0.351470924,0.40278395,0.395993392,0.31292182,0.322422013,0.065126305,0.217973014,0.223058965,0.12399679,0.233859036,1.038296069,0.074474779,0.156558627,1.111448653,0.186515222,0.074474779,0.204755853,0.957263807,0.189120916,0.119985045,0.21722332,0.889534952,0.160164068,0.307067379,0.16799363,0.906227323,0.459847836
NIL 4,0.373537268,0.346933332,0.411349698,0.391690273,0.308173889,0.31778811,0.00907966,0.219795303,0.230505377,0.132201849,0.229878637,1.03957154,0.193142964,0.099669694,1.232377845,0.294004391,0.193142964,0.212258301,0.948335636,0.193142964,0.121137777,0.218384234,0.868259576,0.160507234,0.311168847,0.175239796,0.873584121,0.46404082
NIL 4,0.373044161,0.36792872,0.406800325,0.393740595,0.303333144,0.320428008,0.097665179,0.240185561,0.23949088,0.1361451,0.236339546,1.045013229,0.046539711,0.163399613,1.090116453,0.192538246,0.046539711,0.200486745,0.929809202,0.18001629,0.14857986,0.219432487,0.859556312,0.161476443,0.323725811,0.169775515,0.872589745,0.47435043
NIL 4,0.387367752,0.360743001,0.406867271,0.400311774,0.321389219,0.320316578,0.0353211,0.227682026,0.248895171,0.141892079,0.224351075,1.041244519,0.147394376,0.126164185,1.188476252,0.249326906,0.147394376,0.209989296,0.952879956,0.197314733,0.112844678,0.216545156,0.873229395,0.163974092,0.30574903,0.179024868,0.88119866,0.461370763
NIL 4,0.381037082,0.364239969,0.416411073,0.403411127,0.318725523,0.311206086,0.130713675,0.23982795,0.255040123,0.14829688,0.225747976,1.016048012,0.072708527,0.177504136,1.051939372,0.154580449,0.072708527,0.202542519,0.952675945,0.185085693,0.084791985,0.214705708,0.866910084,0.149716021,0.268135799,0.183939641,0.863243452,0.411815347
NIL 4,0.387929067,0.353847682,0.419045253,0.405159533,0.321271867,0.303148557,0.125699987,0.198426573,0.241788753,0.149017078,0.207988391,0.980573138,0.098022468,0.166606158,1.064936908,0.137386958,0.098022468,0.196480108,1.010873116,0.21644008,0.078689788,0.22228034,0.868911414,0.156835948,0.25376694,0.176923841,0.864180464,0.408518426
NIL 4,0.377691899,0.365044658,0.424323793,0.403421664,0.312419161,0.298619098,0.128341394,0.219723858,0.244566969,0.152171742,0.215203341,0.996673951,0.075364662,0.182821301,1.062409402,0.141303909,0.075364662,0.205333464,0.988950665,0.204052786,0.081760171,0.224737215,0.865773117,0.171984937,0.272533905,0.179566062,0.85523758,0.442272183
NIL 4,0.382441189,0.360364982,0.406474904,0.392307638,0.308870162,0.295226865,0.15255717,0.231595007,0.250122744,0.15953556,0.212557878,0.979287569,0.078960665,0.179440324,1.037886731,0.139698735,0.078960665,0.20352616,0.962995568,0.190521431,0.06567424,0.22218426,0.85208786,0.176440442,0.250463976,0.176923841,0.844612709,0.423303746
NIL 4,0.390015017,0.379920495,0.412988922,0.392307638,0.30824737,0.30511434,0.12688347,0.236159794,0.246338,0.154227554,0.221799525,0.996127789,0.120141409,0.179440324,1.07953354,0.172648211,0.120141409,0.210031548,0.946535951,0.188153212,0.055449881,0.228812427,0.843803354,0.170031234,0.239659977,0.184832937,0.845042364,0.397820427
NIL 4,0.381510114,0.378402271,0.418519461,0.403895313,0.319905956,0.299427254,0.142760268,0.240725632,0.255445825,0.161449806,0.219834341,0.973854578,0.112425109,0.18809994,1.061955666,0.157194961,0.112425109,0.200153014,0.968269832,0.190410837,0.054534188,0.218637412,0.862311947,0.178557527,0.237432877,0.179046726,0.854747102,0.413420183
NIL 4,0.389655681,0.37803846,0.423983011,0.396627214,0.314461887,0.305194451,0.151847006,0.240724565,0.259174308,0.15953142,0.224063545,1.003127451,0.085998873,0.182431159,1.044223565,0.14748685,0.085998873,0.198861285,0.963711177,0.200928845,0.062573371,0.224645278,0.841476786,0.158848199,0.263337348,0.185153279,0.844676133,0.41137993
NIL 4,0.384994162,0.365876516,0.40535991,0.384718279,0.313421833,0.288589301,0.145722439,0.240331604,0.249436637,0.148608312,0.20782697,0.956032495,0.106885199,0.178948105,1.049606269,0.160955695,0.106885199,0.202444083,0.939745922,0.197882273,0.065494091,0.221957807,0.840655563,0.164994871,0.259451427,0.177876906,0.862228726,0.417895778
NIL 4,0.374254263,0.351973239,0.404258315,0.378036701,0.313421833,0.280226941,0.158563157,0.249776933,0.257809313,0.168181625,0.207417862,0.950865436,0.061480364,0.185359859,1.01182174,0.13931553,0.061480364,0.195941147,0.937732672,0.189998815,0.107479561,0.215057885,0.828570152,0.169564824,0.283915782,0.183517728,0.829722634,0.451363347
NIL 4,0.432058102,0.378631525,0.403475329,0.395427122,0.311466265,0.361544377,0.059437529,0.098386618,0.124960249,0.069315475,0.243766344,1.018794624,0.207606365,0.17672048,1.225854914,0.201912708,0.207606365,0.212816238,1.146543625,0.271076841,0.223819986,0.242604162,0.970307427,0.273670937,0.364948366,0.13157058,1.033768842,0.638448713
NIL 4,0.376032143,0.368369061,0.401218972,0.381282012,0.309598675,0.282674595,0.186978893,0.25195862,0.260061159,0.160487589,0.182771329,0.920265453,0.088197155,0.185935928,1.008456037,0.153467555,0.088197155,0.197652603,0.927166108,0.197761894,0.123511011,0.21046518,0.815393177,0.171045895,0.296478904,0.179430579,0.817801087,0.466926914
NIL 4,0.376462767,0.348116531,0.400990087,0.367115638,0.294374372,0.293768351,0.18034397,0.256785829,0.275210282,0.176346931,0.231319209,0.950173215,0.044776119,0.178106673,0.985187691,0.133663362,0.044776119,0.173545574,0.941411329,0.223880597,0.097186989,0.207027354,0.799782773,0.167004188,0.302731311,0.168993192,0.804337761,0.465374953
NIL 4,0.377880266,0.354332256,0.373790468,0.361428319,0.28732797,0.30302551,0.175587357,0.274399646,0.285383126,0.17316006,0.24615556,0.918729158,0.095569018,0.176725494,0.988821459,0.165126169,0.095569018,0.173545574,0.89577111,0.215670351,0.073423128,0.20734991,0.782351557,0.154821522,0.285148853,0.179725292,0.808068027,0.431392343
NIL 4,0.390762248,0.337341726,0.370414444,0.358713233,0.28450228,0.311375734,0.175129334,0.264664415,0.28063132,0.165891911,0.23460659,0.922462084,0.101183061,0.162157531,0.977185497,0.146866703,0.101183061,0.158886791,0.908579262,0.217577267,0.046301806,0.192845429,0.801697971,0.146120045,0.261671882,0.171723541,0.819616428,0.4013126
NIL 4,0.398719523,0.34290021,0.362742857,0.358280015,0.28385864,0.32626472,0.188830148,0.283552097,0.292013685,0.175213174,0.245319716,0.905165322,0.126842639,0.161659653,0.96816303,0.156743172,0.126842639,0.165382568,0.87861838,0.212862063,0.032971174,0.19225333,0.785710756,0.145671408,0.243986688,0.177555206,0.804847902,0.381611963
NIL 4,0.394981596,0.37609371,0.402893314,0.383278405,0.289442077,0.322664196,0.174328647,0.275392308,0.276617551,0.162272615,0.244425634,0.902521992,0.099823995,0.185724641,0.99130497,0.165845514,0.099823995,0.201446657,0.885958235,0.203893918,0.080857966,0.228404939,0.799325624,0.148336737,0.280502364,0.185724641,0.822457359,0.424952189
NIL 4,0.385766005,0.347782736,0.386934574,0.380547782,0.288519938,0.321506965,0.129163266,0.255817635,0.270124561,0.164455528,0.236516695,0.945703118,0.078960003,0.176559934,1.019249733,0.167563624,0.078960003,0.196827397,0.893811645,0.197263822,0.095475312,0.216489283,0.81376239,0.137858735,0.292736451,0.181365163,0.813339574,0.428235505
NIL 4,0.38006743,0.357277862,0.403576692,0.403739305,0.304367531,0.326562007,0.089975394,0.232378248,0.247956818,0.142032704,0.247691954,1.032065119,0.048158819,0.163649093,1.08006943,0.183919441,0.048158819,0.212096963,0.928971432,0.205388635,0.147918636,0.224914166,0.847381444,0.152721963,0.351536349,0.189428281,0.841967639,0.500699668
NIL 4,0.39404978,0.379521669,0.447213595,0.426904798,0.33193898,0.332973812,0.021417647,0.164929788,0.172674589,0.094091503,0.23859297,1.078075928,0.162830468,0.131505049,1.240616154,0.225140119,0.162830468,0.223606798,1.038347311,0.188912872,0.108577119,0.230675116,0.959022821,0.169456768,0.296230136,0.174129552,0.965173369,0.462987903
NIL 4,0.379205458,0.350484873,0.431257714,0.410897154,0.32335562,0.316836827,0.038099558,0.120481381,0.153731835,0.087556481,0.230376343,1.040896555,0.209114171,0.116266093,1.248178532,0.211486868,0.209114171,0.222360784,1.072237757,0.193919826,0.136375664,0.229092899,0.969903181,0.168512497,0.29642154,0.179715256,0.971351949,0.464918043
NIL 4,0.401968393,0.324406047,0.411062716,0.40416296,0.309815242,0.336823042,0.093809282,0.095723955,0.145702792,0.085193202,0.232239387,1.109905094,0.240397343,0.055539173,1.345759365,0.266696906,0.240397343,0.209222605,1.106466693,0.195782244,0.149088103,0.229092899,0.984939897,0.175112963,0.319119337,0.179715256,0.977728864,0.493321237
NIL 4,0.401060545,0.349346584,0.423548153,0.402275445,0.306776193,0.347946926,0.028108237,0.143324447,0.164887249,0.085419882,0.247025339,1.147021093,0.088886049,0.119058131,1.230829669,0.208679091,0.088886049,0.219108538,1.052111543,0.18356004,0.162044153,0.224969208,0.965092263,0.17737952,0.345601566,0.173806422,0.961836248,0.517796857
NIL 4,0.398933489,0.360144613,0.434325976,0.419692759,0.323369831,0.324538817,0.044054834,0.120354506,0.154613471,0.087028527,0.229122329,1.046380066,0.145951277,0.153846154,1.182115244,0.180990045,0.145951277,0.220596287,1.092632671,0.195814186,0.107030936,0.227151124,0.992516376,0.179017701,0.261809814,0.170206975,0.99192002,0.440816886
NIL 4,0.394454049,0.357195951,0.4248136,0.41025701,0.321440723,0.329343239,0.048349252,0.137604384,0.171350187,0.094991209,0.232277779,1.024661997,0.164387458,0.146171553,1.177679014,0.177514857,0.164387458,0.2124068,1.070365526,0.190473964,0.08756422,0.225744932,0.962259446,0.178303232,0.232478972,0.174325708,0.964491845,0.410484867
NIL 4,0.401411229,0.37266397,0.432985539,0.425256459,0.329230807,0.330371992,0.055298826,0.144201695,0.171885425,0.101271554,0.232801336,1.025319286,0.155503722,0.160124387,1.166025775,0.176343704,0.155503722,0.219915473,1.065086432,0.193150494,0.082592998,0.233306001,0.970005568,0.179516559,0.240162096,0.174870241,0.981696434,0.419296057
NIL 4,0.404605027,0.37083672,0.431288232,0.417179926,0.321390531,0.336806618,0.055130496,0.162539696,0.186643709,0.104379011,0.250408812,1.088460854,0.107033139,0.152904484,1.169214507,0.171498585,0.107033139,0.218925904,1.048817765,0.197359356,0.064871878,0.232495277,0.959333991,0.165391487,0.262087384,0.175806913,0.971611447,0.419861346
NIL 4,0.367571171,0.361710286,0.425758503,0.405552166,0.314900381,0.300808167,0.163574786,0.224674686,0.241100798,0.136042042,0.241985575,0.979901461,0.029237766,0.190382541,1.002923577,0.149083941,0.029237766,0.196568267,0.986335951,0.211241597,0.128779002,0.228915093,0.868538842,0.151642289,0.314900381,0.184915871,0.884146381,0.464227233
NIL 4,0.36954163,0.352454046,0.415303222,0.395174004,0.306378759,0.287307068,0.185729247,0.255534097,0.263970858,0.154080887,0.22077116,0.933527917,0.068611961,0.177689037,0.982993245,0.148719901,0.068611961,0.185182179,0.953123955,0.209548456,0.097240861,0.216689324,0.844969021,0.148719901,0.280951036,0.173879736,0.868721569,0.4268684
NIL 4,0.389609707,0.370042836,0.426494369,0.41258991,0.322243021,0.306188337,0.167656737,0.227814667,0.2553151,0.143070513,0.22944907,0.941952354,0.125111534,0.185972691,1.014345924,0.157966105,0.125111534,0.194271287,0.986350693,0.214194253,0.066340632,0.225617047,0.8688315,0.159405164,0.232772639,0.182251734,0.903962169,0.387097276
NIL 4,0.38612254,0.358389393,0.408207129,0.387842006,0.312204209,0.30276115,0.16523223,0.235735527,0.245375011,0.144950357,0.213376899,0.921003676,0.134562361,0.177129227,1.013936838,0.165597923,0.134562361,0.185904901,0.961932194,0.198900068,0.068689975,0.216286505,0.864073246,0.160779045,0.228614056,0.178828619,0.884165025,0.388205763
NIL 4,0.385979823,0.379426028,0.423224629,0.415296824,0.319882217,0.300421129,0.153799089,0.236632851,0.251990445,0.142798869,0.235509929,0.92660953,0.12267412,0.18287178,1.036723726,0.172544531,0.12267412,0.192540329,0.965387953,0.204456866,0.103959146,0.21722332,0.873784404,0.166530668,0.27527237,0.186952027,0.884085319,0.44180041
NIL 4,0.401948842,0.37977425,0.42239941,0.409380294,0.334039976,0.312695793,0.157453959,0.234389668,0.244576231,0.13984181,0.218356342,0.919293832,0.141533506,0.181775806,1.036578144,0.176797731,0.141533506,0.202424809,0.960381387,0.200158604,0.084733055,0.226821159,0.879264414,0.16192515,0.252633884,0.18437583,0.916354989,0.413285901
NIL 4,0.4009544,0.382790884,0.425081437,0.412178112,0.337236637,0.320028275,0.169080287,0.238625811,0.247451913,0.135102665,0.235665487,0.908037434,0.135102665,0.18494423,1.022237154,0.181108564,0.135102665,0.200720232,0.956503317,0.205994411,0.101663235,0.224911146,0.870786042,0.16815508,0.269699665,0.189937998,0.916587478,0.43635492
NIL 4,0.401946683,0.373859471,0.409442302,0.403336704,0.317693358,0.308396484,0.189752784,0.257711917,0.267166491,0.15609216,0.232197973,0.896098446,0.122928339,0.186879828,0.991625694,0.171469787,0.122928339,0.189457602,0.939059512,0.208937999,0.090807274,0.226091786,0.846134407,0.154651279,0.262943361,0.192873286,0.871014191,0.416982145
NIL 4,0.408922062,0.38556216,0.408604241,0.402148936,0.31686683,0.323819032,0.16494727,0.24400309,0.259413185,0.144431294,0.233191092,0.920950411,0.161880857,0.185295132,1.029969244,0.189259113,0.161880857,0.195054097,0.95067858,0.214278202,0.056169765,0.225421257,0.86078595,0.15424893,0.24400309,0.193621612,0.888769536,0.396197733
NIL 4,0.410087963,0.395548781,0.430402583,0.406174349,0.315099437,0.323948069,0.175832977,0.244270469,0.266209125,0.154846315,0.250870556,0.929808754,0.136172676,0.191333873,1.024413742,0.182694816,0.136172676,0.194002004,0.976348789,0.222808949,0.086123162,0.230583679,0.856550343,0.164616159,0.261196371,0.19849252,0.878642661,0.424172319
NIL 4,0.397469726,0.387608546,0.428127632,0.404478604,0.321119806,0.2903642,0.184314954,0.246367846,0.262485186,0.150061262,0.234532847,0.870686686,0.166584161,0.19256911,1.010759425,0.179258938,0.166584161,0.196296306,0.966290576,0.231880103,0.120390109,0.231956317,0.845034739,0.157419268,0.256766462,0.190353476,0.882061839,0.41372453
NIL 4,0.329924387,0.408015471,0.427130117,0.3813474,0.284838961,0.19867114,0.16674705,0.161672688,0.156993506,0.122110494,0.103444747,1.049598852,0.388073221,0.084289026,1.435970788,0.20173791,0.388073221,0.092713199,1.245745325,0.276716878,0.197564328,0.096423182,0.997145298,0.151303433,0.142650244,0.068181486,0.865328819,0.271597973
NIL 4,0.383581395,0.402415049,0.447915186,0.393538708,0.284156022,0.261978908,0.224395316,0.180338983,0.203424754,0.109029382,0.15162386,1.134352518,0.580127716,0.16575768,1.694015087,0.180027785,0.580127716,0.127518918,1.592006499,0.569297843,0.458432512,0.118398343,1.051014559,0.023679669,0.152729273,0.074881687,1.029180616,0.157429731
NIL 4,0.36815195,0.389425081,0.465748685,0.440679279,0.348589884,0.266592791,0.26689488,0.269299386,0.136728202,0.152338738,0.114254053,1.09161333,0.970972746,0.228508107,1.866106358,0.160579129,0.970972746,0.234082294,2.002093988,0.274045115,1.059852665,0.092420229,1.728091829,0.064731516,0.809691498,0.102349514,1.663370364,0.754251981
NIL 4,0.438488011,0.484731022,0.505809195,0.443259127,0.336100491,0.307027892,0.299579013,0.312311021,0.166536773,0.117759281,0.145569234,1.186424719,0.901247361,0.225030727,1.974005266,0.142321928,0.901247361,0.237494977,1.980624439,0.463366628,0.859841202,0.08373488,1.542631941,0.357007052,0.396502314,0.027911627,1.24980522,0.067220098
NIL 4,0.379478039,0.373485784,0.424015581,0.405624505,0.323634472,0.282250279,0.172705238,0.239399492,0.237811658,0.143274761,0.209967244,0.877178843,0.170194124,0.185307989,1.037045443,0.182026283,0.170194124,0.189261916,0.970619577,0.186512202,0.136503943,0.206159876,0.888899652,0.170598386,0.254260385,0.164325361,0.893286634,0.421408235
NIL 4,0.426495161,0.421234618,0.435962657,0.428258759,0.32493664,0.341615591,0.124050315,0.228187628,0.253237315,0.152239732,0.275111251,0.900278764,0.229833233,0.221907949,1.118700916,0.23470083,0.229833233,0.238944353,0.977737236,0.269109781,0.127791363,0.255582726,0.858897501,0.223178021,0.328397601,0.200495586,0.892500983,0.551476768
NIL 4,0.418130204,0.378954705,0.414879386,0.423259594,0.340367517,0.340864404,0.07913384,0.082279449,0.125121588,0.070058427,0.250243175,0.984692865,0.308410772,0.156655404,1.287679952,0.239883755,0.308410772,0.205698623,1.181577009,0.290901782,0.312770151,0.232903169,1.041493385,0.276126938,0.461425616,0.171853783,1.05180205,0.720650088
NIL 4,0.419390038,0.383205398,0.441448479,0.423629977,0.34689564,0.345174063,0.05525481,0.116096052,0.200713598,0.128284534,0.277886559,1.01522405,0.169978513,0.174517835,1.184863707,0.207463682,0.169978513,0.172802631,1.165473719,0.306068393,0.251586669,0.242237442,0.921564651,0.207284138,0.362843455,0.213478368,0.911040497,0.569602574
NIL 4,0.376748948,0.387412666,0.427777746,0.400674807,0.300648841,0.299542018,0.140384137,0.210128815,0.202070768,0.108333049,0.211808192,1.000730468,0.066548463,0.189283297,1.059542659,0.154358009,0.066548463,0.207264011,0.982779089,0.167564749,0.101799574,0.206729135,0.9233944,0.153639058,0.266193853,0.155358952,0.925047577,0.41946653
NIL 4,0.278467511,0.317951814,0.325274032,0.3112686,0.290007395,0.160424164,0.246420975,0.246762042,0.018341678,0.08304548,0.164052957,0.798758498,1.042736905,0.220863052,1.659339092,0.402264406,1.042736905,0.246420975,1.657716366,0.547184859,1.211245319,0.053474721,1.147271602,0.327336012,0.90545492,0.137867942,0.972281961,0.985769222
NIL 4,0.411684856,0.338486551,0.344622758,0.366624959,0.34299717,0.354810846,0.192423198,0.214077692,0.097474036,0.052862718,0.322635854,1.110117078,0.482182176,0.070922779,1.580409619,0.332867263,0.482182176,0.060272772,1.583809731,0.350850779,0.610215308,0.048737018,1.371377505,0.32155136,0.643102721,0.09529962,1.215612655,0.802747831
NIL 4,0.430774895,0.352083493,0.349215148,0.393880778,0.361596215,0.370016547,0.135482635,0.146194713,0.068203721,0.070914852,0.306045038,1.119579108,0.312749774,0.057173382,1.424135503,0.252968297,0.312749774,0.081629125,1.387695126,0.329773126,0.396267473,0.182528273,1.14917075,0.294317996,0.468521286,0.177287131,1.067321534,0.721887421
NIL 4,0.419083593,0.373815451,0.434554947,0.433573455,0.331696196,0.351040327,0.041281011,0.129312395,0.203285402,0.124272299,0.280741225,1.01564081,0.198514024,0.157869509,1.21415481,0.202760794,0.198514024,0.216725306,1.087159145,0.249400175,0.1612075,0.247900976,0.92979692,0.206405054,0.330892473,0.200383061,0.920587364,0.537049925
NIL 4,0.404528238,0.336587839,0.344470254,0.356096738,0.326538168,0.353749682,0.178955793,0.205892464,0.06937602,0.043025181,0.293076975,1.109432481,0.477947605,0.06937602,1.546095391,0.318502605,0.477947605,0.068028785,1.551115971,0.378279196,0.639615305,0.056097973,1.280098571,0.370116605,0.66054514,0.129075544,1.089140635,0.867893738
NIL 4,0.398083959,0.323606939,0.346051549,0.409214245,0.333306104,0.358115929,0.15549616,0.120582369,0.057161525,0.081842849,0.285807626,1.070615682,0.361521228,0.040419302,1.406219991,0.243188534,0.361521228,0.089471939,1.325974903,0.309148215,0.417318284,0.180760614,1.119330091,0.325870831,0.508866011,0.183006174,0.985518406,0.758010104
NIL 4,0.417216524,0.344960286,0.392188124,0.417216524,0.344960286,0.344960286,0.061249495,0.086619866,0.139670337,0.121267813,0.282013852,0.997295262,0.231130631,0.159719141,1.22792635,0.235631511,0.231130631,0.195998383,1.169977581,0.268940387,0.257539377,0.258411901,0.987618426,0.276370317,0.356722442,0.211466043,0.930428008,0.613596447
NIL 4,0.411062604,0.402310319,0.431312988,0.417868203,0.326365499,0.326365499,0.073298932,0.129575429,0.198042808,0.132141528,0.270561439,0.912932235,0.230046569,0.202403291,1.138908318,0.202403291,0.230046569,0.208612417,1.093358668,0.285065944,0.225028914,0.255233995,0.903169555,0.208612417,0.315270626,0.191140229,0.895102712,0.518301716
NIL 4,0.336156112,0.352398254,0.396865632,0.412129695,0.337194168,0.305662619,0.068262964,0.076320314,0.150333584,0.140727705,0.275176805,0.928476691,0.355033044,0.122112502,1.283361877,0.278543007,0.355033044,0.215866446,1.1406249,0.300667167,0.300667167,0.281455411,0.977376903,0.323799669,0.425207586,0.226916607,0.975229082,0.725324107
NIL 4,0.321440254,0.337860988,0.372359332,0.400616808,0.292352673,0.284115729,0.152223158,0.210818511,0.300995499,0.191460623,0.246533421,0.710389591,0.345641702,0.237907944,0.974703793,0.251491279,0.345641702,0.235903629,0.902144748,0.284115729,0.191955994,0.270766209,0.744718664,0.275632744,0.204878766,0.215716743,0.784464541,0.473615341
NIL 4,0.329122514,0.343989319,0.399481757,0.384249232,0.291499417,0.260320675,0.199190779,0.283252081,0.34779603,0.231400839,0.26499947,0.734866035,0.276667569,0.244317439,0.943636285,0.228730006,0.276667569,0.252097939,0.859718075,0.268291515,0.125700286,0.270247494,0.697104767,0.291499417,0.213649403,0.214059873,0.71353291,0.504195878
NIL 4,0.308310118,0.36397222,0.415414646,0.439641138,0.31020078,0.294736088,0.207204034,0.31261483,0.376382628,0.24962384,0.201895462,0.815199741,0.144506256,0.241459533,0.933201668,0.195591233,0.144506256,0.233009337,0.874710586,0.266456371,0.111185334,0.286982294,0.724839694,0.272653859,0.310469935,0.229032159,0.735705747,0.582917533
NIL 4,0.342871138,0.376378192,0.427043215,0.400036736,0.290935808,0.288144384,0.194335659,0.281175239,0.323463985,0.21170731,0.274832124,0.76447578,0.218538328,0.238165904,0.961568642,0.21170731,0.218538328,0.230324181,0.909497605,0.272415381,0.171435569,0.257153353,0.755095354,0.243655724,0.288144384,0.218538328,0.746876917,0.523510448
NIL 4,0.406827515,0.374868234,0.426409755,0.407306982,0.309755002,0.329893512,0.132535935,0.222477972,0.218583864,0.125579304,0.237745152,0.976298077,0.137167401,0.180214218,1.063008339,0.180214218,0.137167401,0.221598956,0.961187623,0.186389907,0.044178645,0.221069869,0.90094112,0.168806366,0.230407623,0.177595955,0.911151753,0.397607805
NIL 5,0.385001905,0.318698753,0.383937381,0.380725953,0.316551162,0.304580762,0.130587924,0.265963717,0.252680041,0.214736744,0.235058264,1.115590863,0.078352755,0.182449604,1.083958437,0.958945817,0.078352755,0.218203004,1.902393122,0.432322955,0.9896118,0.208940679,1.84804753,0.421861657,1.167458966,0.207137313,1.675703106,1.273992125
NIL 5,0.380019699,0.29873493,0.438696996,0.403930001,0.315621384,0.310917375,0.084801392,0.285724811,0.255213831,0.216201977,0.23350379,1.071177465,0.032573117,0.158276899,1.077596522,1.060114714,0.032573117,0.246161214,1.975654954,0.402248323,1.087614814,0.223178021,1.850546155,0.410085066,1.15839559,0.21414743,1.635517946,1.196172302
NIL 5,0.392125242,0.301822913,0.419307161,0.381658764,0.290081095,0.309341447,0.139746221,0.281233845,0.2576793,0.222899281,0.244409051,1.114109809,0.078028552,0.169467185,1.043125247,1.098926425,0.078028552,0.254200778,1.978648231,0.434047777,1.075362434,0.219915915,1.841649112,0.456367296,1.169127079,0.202227685,1.619542486,1.252796986
NIL 5,0.391538886,0.295184402,0.426842057,0.39671251,0.304381181,0.312114208,0.132358103,0.286895482,0.250215301,0.213421028,0.247445304,1.118894178,0.08056378,0.170985588,1.038738465,1.107672578,0.08056378,0.246747947,1.982867458,0.423667964,1.058864824,0.227364088,1.864400925,0.456367296,1.16044813,0.209619332,1.643412345,1.240171006
NIL 5,0.387020403,0.301692975,0.419126645,0.396541722,0.313905376,0.309208273,0.117604009,0.277827192,0.249992826,0.213329149,0.233862214,1.116897733,0.06984303,0.169394228,1.063817333,1.063817333,0.06984303,0.231766964,1.955604828,0.413544014,1.063844305,0.212115125,1.8484939,0.453837456,1.181031332,0.202140625,1.639277582,1.275438429
NIL 5,0.381896939,0.30815097,0.41807308,0.396257564,0.306566156,0.308986698,0.110222489,0.28375299,0.249928356,0.215449154,0.240462782,1.090201212,0.023938795,0.168083756,1.082552433,1.076474134,0.023938795,0.239028598,1.967369923,0.423182106,1.088859975,0.212098263,1.84710724,0.451485926,1.188386978,0.201995773,1.632425727,1.266382615
NIL 5,0.393131374,0.295941799,0.419007435,0.399757446,0.30770563,0.302597343,0.101373285,0.277310064,0.251202293,0.209055433,0.220872615,1.076299407,0.05786654,0.17142431,1.062587339,1.074688984,0.05786654,0.229084371,1.952084652,0.407268979,1.109578516,0.212886611,1.854112872,0.44983944,1.224473791,0.195350375,1.625457084,1.281673931
NIL 5,0.387020403,0.304909611,0.417274067,0.391076944,0.302452908,0.29143685,0.103038486,0.274397736,0.251023729,0.208430632,0.227013547,1.06373641,0.06428059,0.170911977,1.073724261,1.054633828,0.06428059,0.22839971,1.940580753,0.391076944,1.110301315,0.219821239,1.848819857,0.453141434,1.220814226,0.194766534,1.616858814,1.273502158
NIL 5,0.378096344,0.30742432,0.427682878,0.408770317,0.301695415,0.290399283,0.109191409,0.277180675,0.261081046,0.219577989,0.218382818,1.052865723,0.059562985,0.172056241,1.066504413,1.082095985,0.059562985,0.238373965,1.956369506,0.421932718,1.135775012,0.228914833,1.876819035,0.454130744,1.269102038,0.196070506,1.627683761,1.295229748
NIL 5,0.383130514,0.296466142,0.414170231,0.389725327,0.30475523,0.290678999,0.106425143,0.256305685,0.251172356,0.207050929,0.205403283,1.035774193,0.054266388,0.16245093,1.056239384,1.031637928,0.054266388,0.225887209,1.904103146,0.378969159,1.083369272,0.218754804,1.838061121,0.426896175,1.206529786,0.18813485,1.609889164,1.236113259
NIL 5,0.377908358,0.283346141,0.416765626,0.403738468,0.307661473,0.29017973,0.101356594,0.256159281,0.237389804,0.190324139,0.200947873,1.018970884,0.062127751,0.168301562,1.02010665,1.043530004,0.062127751,0.226771202,1.890625705,0.317726484,1.091888686,0.211599496,1.822823109,0.392325426,1.180729071,0.197520257,1.608506189,1.196913092
NIL 5,0.392741099,0.292023882,0.423211678,0.409493332,0.307113783,0.305718258,0.10160592,0.260866467,0.248391281,0.200944623,0.210447933,1.094133856,0.069906998,0.159412483,1.039624245,1.031957295,0.069906998,0.237709493,1.915279526,0.295868517,1.027924111,0.239118724,1.869162671,0.3273335,1.131813515,0.208552623,1.636275551,1.083896679
NIL 5,0.375692989,0.305709864,0.425570947,0.410047387,0.312899322,0.292492595,0.10217234,0.262320713,0.259241447,0.204042171,0.213799088,0.994704616,0.055015875,0.169661361,1.044119099,1.049547729,0.055015875,0.226836266,1.910241069,0.293441393,1.100429781,0.242115779,1.887371676,0.331588904,1.206003473,0.20808894,1.643349985,1.118192819
NIL 5,0.372935117,0.280189731,0.434309336,0.42076084,0.316442045,0.290872571,0.103250117,0.271022675,0.257138651,0.207838744,0.204098987,1.039193721,0.080054209,0.154227263,1.021852677,1.048315197,0.080054209,0.249475664,1.931106367,0.226563529,1.092752922,0.246493776,1.888074741,0.31262168,1.1543714,0.22105691,1.641599345,1.054381564
NIL 5,0.368387612,0.289840749,0.42701995,0.413497636,0.315944403,0.292492595,0.094312929,0.279092092,0.263612652,0.198984388,0.218372848,1.019302253,0.061383961,0.154412922,1.045419814,1.047898514,0.061383961,0.249775982,1.933670627,0.211621112,1.106363871,0.246790505,1.886340455,0.326898584,1.153192787,0.213509975,1.619973088,1.030662166
NIL 5,0.37624359,0.293682197,0.432702473,0.417099223,0.314280532,0.298656702,0.074329415,0.278225545,0.264308171,0.20506179,0.222988244,1.082762989,0.123882358,0.14124762,1.071077437,0.984003424,0.123882358,0.258436533,1.927810108,0.198211772,1.065474702,0.247392789,1.870664622,0.323045666,1.106623843,0.204312018,1.590815413,0.976488491
NIL 5,0.387100157,0.307866976,0.439040194,0.408624037,0.313498252,0.292530292,0.094345993,0.278225545,0.261506238,0.2121248,0.204312018,1.026864442,0.077562624,0.163599775,1.052489813,1.040906721,0.077562624,0.258436533,1.944361131,0.210964053,1.111577557,0.247392789,1.868940998,0.315352999,1.130334023,0.20506179,1.604934074,1.00401282
NIL 5,0.383810117,0.317299122,0.436085932,0.412916761,0.317200075,0.301871155,0.079275249,0.280280331,0.271394737,0.214189928,0.21637932,1.041436626,0.123831898,0.150414209,1.089104595,1.007887446,0.123831898,0.258101511,1.945880386,0.215651992,1.12470319,0.250314031,1.880846006,0.319076722,1.16132152,0.206724558,1.609931782,1.032406045
NIL 5,0.392051365,0.312167438,0.42406839,0.408411407,0.31373909,0.302972262,0.054887191,0.277222179,0.26946224,0.213010566,0.22466972,1.063203981,0.130500703,0.123977527,1.131528433,0.943533332,0.130500703,0.25863507,1.923354611,0.190941492,1.071814227,0.247582843,1.860324007,0.319178934,1.100540627,0.21228776,1.593504337,0.984009877
NIL 5,0.378662647,0.335831675,0.447213595,0.415510563,0.327469408,0.290646888,0.112070382,0.289217559,0.274399103,0.215734284,0.239540523,0.995527134,0.08142812,0.182078812,1.057269868,1.093551971,0.08142812,0.25375723,1.968382535,0.201998305,1.174183022,0.257498325,1.901428083,0.335831675,1.193570065,0.208215087,1.620418802,1.050221222
NIL 5,0.385024578,0.29068201,0.42764973,0.412182186,0.318048234,0.292023706,0.054284774,0.273190682,0.25778707,0.217692317,0.20162916,1.06288332,0.159118633,0.122616805,1.110288231,0.929593898,0.159118633,0.252483455,1.910383992,0.198775419,1.073271837,0.243510925,1.839905918,0.302045787,1.101232716,0.209957784,1.591356404,1.00096177
NIL 5,0.404309116,0.329467813,0.441081941,0.417440457,0.32067515,0.301792023,0.088521661,0.291286964,0.275419439,0.216980961,0.229216719,1.036863108,0.064613954,0.157457479,1.097032942,1.068559911,0.064613954,0.264352906,1.967198417,0.205424541,1.125670203,0.251656469,1.892767266,0.337080444,1.142238186,0.209756258,1.611706484,1.009302229
NIL 5,0.393831267,0.318386613,0.436085932,0.412916761,0.317991592,0.301871155,0.088632423,0.279269499,0.271394737,0.222536229,0.215651992,1.023756281,0.087562375,0.153924691,1.095863836,1.046703509,0.087562375,0.250314031,1.946913609,0.203816033,1.131083073,0.254793166,1.89573958,0.340975739,1.172094677,0.223241128,1.638237934,1.076801868
NIL 5,0.388923564,0.320480409,0.423683481,0.394188553,0.301789534,0.305135531,0.110104845,0.276349834,0.269586578,0.209321247,0.224362344,1.017084824,0.047717115,0.176983267,1.053784389,1.089841202,0.047717115,0.25540315,1.94221127,0.245701507,1.136688849,0.245200075,1.869808711,0.390817683,1.177454882,0.207698006,1.598788002,1.111201706
NIL 5,0.386322862,0.315299454,0.426747009,0.4055404,0.310314957,0.295067767,0.085056607,0.284741479,0.270360267,0.222390204,0.222530381,1.045610699,0.078973077,0.151907747,1.113772401,1.067656421,0.078973077,0.253821976,1.972762642,0.277756295,1.141618589,0.246846141,1.898575847,0.418855214,1.198154583,0.218428739,1.645314559,1.179874688
NIL 5,0.388983412,0.309090744,0.43159321,0.40388998,0.295341902,0.298761164,0.074432293,0.275052808,0.254113587,0.213430264,0.215439739,1.014635893,0.106715132,0.144670373,1.118219796,1.04609079,0.106715132,0.245237807,1.946309179,0.300712195,1.131381732,0.237458587,1.862708506,0.4272209,1.186073908,0.213430264,1.606159274,1.167530349
NIL 5,0.385702827,0.305927129,0.42257214,0.39656557,0.296722726,0.289576582,0.093453863,0.276546967,0.255356865,0.221178885,0.209814652,1.043206796,0.072470524,0.167774359,1.071750273,1.066451378,0.072470524,0.222906352,1.929508351,0.327088519,1.136915309,0.223303101,1.860295323,0.436718988,1.233626386,0.212469755,1.633998657,1.270761724
NIL 5,0.37117007,0.317352468,0.424949347,0.396690585,0.297655127,0.296455706,0.08615569,0.27784375,0.263021905,0.229115826,0.221873902,1.059091396,0.087861908,0.175723817,1.083590627,1.04489484,0.087861908,0.216317704,1.939601668,0.365121266,1.126341902,0.215905539,1.865106519,0.45157418,1.239612421,0.205621704,1.642842389,1.296280995
NIL 5,0.374944735,0.319334705,0.431038609,0.40188181,0.308347372,0.302168213,0.1009825,0.286651656,0.26148818,0.22827019,0.235514624,1.096359488,0.055893461,0.173213589,1.077514469,1.075132189,0.055893461,0.239977403,1.979991277,0.39634344,1.102391367,0.23083799,1.881017214,0.46065344,1.207355393,0.206724558,1.648119614,1.267378459
NIL 5,0.376192154,0.315911268,0.416783358,0.393096841,0.298381338,0.302591685,0.11608335,0.287534761,0.253607606,0.218320593,0.240752224,1.080604576,0.046660894,0.180553984,1.058626306,1.086198957,0.046660894,0.232166701,1.963612137,0.402490189,1.10337196,0.222591327,1.864195953,0.451221975,1.210804212,0.206548096,1.63998094,1.271860744
NIL 5,0.388413814,0.292590419,0.412881192,0.388561809,0.297365732,0.303015755,0.129791593,0.269259041,0.242640186,0.213525302,0.237369978,1.083555733,0.061132116,0.17505574,1.026806799,1.077036164,0.061132116,0.221974539,1.925568355,0.388561809,1.05767123,0.212445521,1.835968777,0.452542852,1.171859039,0.204165217,1.632793638,1.261729877
NIL 5,0.394442678,0.318705713,0.422768134,0.404924774,0.311822235,0.310563125,0.134028769,0.295647287,0.256332188,0.218638425,0.240811616,1.116111547,0.073656512,0.18455003,1.052741427,1.139866094,0.073656512,0.236135217,1.996092995,0.406410741,1.130146849,0.217394187,1.88897005,0.470031416,1.241087341,0.207171444,1.675026755,1.333998769
NIL 5,0.3857907,0.326013864,0.426960961,0.407802335,0.308529288,0.304970141,0.136126926,0.294435459,0.253508866,0.231101893,0.206846519,1.102720689,0.085888342,0.18081485,1.078232272,1.130337572,0.085888342,0.24256425,1.995716865,0.425923051,1.183265832,0.222780519,1.87669467,0.456033937,1.297999914,0.20339404,1.654558159,1.372516131
NIL 5,0.381531419,0.319706765,0.429195709,0.409572967,0.315103725,0.289457349,0.141762502,0.288528772,0.262671586,0.232311499,0.177612797,1.110749605,0.120130726,0.178283036,1.109567842,1.135886411,0.120130726,0.245418391,1.998702543,0.395725265,1.238122652,0.224478511,1.895992616,0.475595612,1.358860727,0.204458621,1.660562898,1.432792805
NIL 5,0.393270663,0.36125574,0.445906916,0.420114774,0.326593509,0.308107701,0.136279002,0.303594561,0.277689226,0.234575627,0.213868515,1.173626825,0.101439013,0.174443165,1.1819373,1.132489432,0.101439013,0.253597531,2.044706751,0.389422835,1.223771123,0.230936485,1.935803042,0.482404672,1.342192511,0.216202756,1.700685976,1.434061212
NIL 5,0.385070369,0.359496449,0.447429311,0.409755593,0.328842918,0.312390219,0.15920355,0.317293962,0.290517002,0.237522324,0.214015207,1.208791639,0.118422134,0.170141749,1.236415408,1.1458457,0.118422134,0.258903843,2.075109425,0.379093398,1.260631852,0.226855666,1.955832672,0.505804201,1.370037318,0.218918656,1.721059463,1.487008174
NIL 5,0.404217273,0.359436844,0.445584293,0.424014368,0.341505871,0.316489936,0.142213135,0.328362407,0.289319027,0.242929885,0.218015924,1.224197779,0.115197153,0.169440153,1.242612469,1.116906399,0.115197153,0.265516319,2.083876625,0.402239488,1.22438017,0.232873216,1.94876639,0.464717915,1.332857407,0.224929632,1.716770591,1.42871087
NIL 5,0.396267565,0.360925154,0.449509221,0.41899265,0.325697905,0.3184071,0.170519423,0.322123063,0.283569582,0.251850661,0.217148395,1.212802936,0.089672575,0.179345151,1.236571485,1.137251912,0.089672575,0.26382641,2.082335453,0.387982883,1.224022444,0.236028031,1.945295601,0.484231908,1.318156358,0.22514782,1.715162361,1.427591908
NIL 5,0.390267198,0.369734549,0.452046617,0.4268068,0.335443839,0.306620273,0.165545191,0.332741716,0.290863363,0.25896363,0.21123951,1.183728127,0.113563064,0.181167794,1.249245323,1.141887762,0.113563064,0.271722028,2.105377739,0.381578655,1.255192979,0.237805503,1.968166177,0.495595769,1.333024317,0.218147522,1.736326886,1.433775847
NIL 5,0.392085143,0.368325903,0.452620857,0.421196784,0.327952482,0.314552677,0.154293285,0.332004482,0.284502761,0.245624374,0.218054151,1.187073828,0.098581116,0.193994091,1.199291033,1.171031552,0.098581116,0.263062102,2.101845313,0.415741646,1.260748207,0.220434076,1.954361222,0.47696755,1.352351538,0.210598392,1.72050827,1.441981707
NIL 5,0.385473763,0.351812239,0.435885503,0.41565634,0.327486902,0.305827873,0.161734253,0.320794758,0.272629622,0.235054746,0.192364122,1.146475478,0.090368082,0.199846822,1.141120694,1.188445499,0.090368082,0.252586467,2.066212883,0.409314792,1.262578666,0.227187451,1.93887057,0.485859771,1.365462911,0.218015924,1.713013041,1.459329108
NIL 5,0.38745641,0.338820802,0.438127439,0.418179755,0.335378967,0.312702171,0.144737073,0.322444735,0.282030246,0.245626959,0.192685639,1.146174787,0.113541102,0.185353893,1.141102195,1.166134,0.113541102,0.261514515,2.071712897,0.410164775,1.258130705,0.228355969,1.957785765,0.499709855,1.371945845,0.219137268,1.755633302,1.494370857
NIL 5,0.389850422,0.330493887,0.443005666,0.413021939,0.325591714,0.303435169,0.14491442,0.308893629,0.262542471,0.235173988,0.211004558,1.095692634,0.067850166,0.186915092,1.067147156,1.177477784,0.067850166,0.266239594,2.056786679,0.447255898,1.206705948,0.216754251,1.910942062,0.458809766,1.28917762,0.215733539,1.726763315,1.392780419
NIL 5,0.357982025,0.29968498,0.426005087,0.40932155,0.313325404,0.302359873,0.119096423,0.303790445,0.25983295,0.227145154,0.233066992,1.08519129,0.089733096,0.181695671,1.043168578,1.142901937,0.089733096,0.251966561,2.025938947,0.433999456,1.174335866,0.221624398,1.90607901,0.457550807,1.274180795,0.207030353,1.706363221,1.35859217
NIL 5,0.337269326,0.287151041,0.424816577,0.4106353,0.324704822,0.285374293,0.124008755,0.287046831,0.247655353,0.221509682,0.217832352,1.050256984,0.107742402,0.1738327,1.012369642,1.098870128,0.107742402,0.244616522,1.981544818,0.433254464,1.144690325,0.22552529,1.887403129,0.425520266,1.262681009,0.210142535,1.699213486,1.32917064
NIL 5,0.321715342,0.296093284,0.427160103,0.414207354,0.318290717,0.282735065,0.125087488,0.274430363,0.257490524,0.22343656,0.232778205,1.007128323,0.106128781,0.180140314,1.004252753,1.076891632,0.106128781,0.24438909,1.982833481,0.437023278,1.143707555,0.219033438,1.899675531,0.419102469,1.25296604,0.212973441,1.711506408,1.296688206
NIL 5,0.342970414,0.22744597,0.429199451,0.422310708,0.329988418,0.275918548,0.13242017,0.279290387,0.26259238,0.220338698,0.251050834,1.054224101,0.14693966,0.177519747,0.919200629,1.130625991,0.14693966,0.248050118,1.975276201,0.435119723,1.055850649,0.237117374,1.912093053,0.369339758,1.182741204,0.215615073,1.696486228,1.169690013
NIL 5,0.312622303,0.249280341,0.428688299,0.424143772,0.315808738,0.264371189,0.152493645,0.300076428,0.266318702,0.222295777,0.246544493,0.956282285,0.072334087,0.180611826,0.918133324,1.182795516,0.072334087,0.253774554,2.017557454,0.467881937,1.188434458,0.233215032,1.938012983,0.375773001,1.286943572,0.219370705,1.722814533,1.250334236
NIL 5,0.315032783,0.235431538,0.430472598,0.426107647,0.316279619,0.248445479,0.157255904,0.292577916,0.268372156,0.233753857,0.238201416,0.938970777,0.054330355,0.197225757,0.892003762,1.238737389,0.054330355,0.25224476,2.013222933,0.423095156,1.221057185,0.235431538,1.94546845,0.373349654,1.314974183,0.22907689,1.739420064,1.283035103
NIL 5,0.318703786,0.23032672,0.411471024,0.418022529,0.318195891,0.259639794,0.164052957,0.299338297,0.258516077,0.222468289,0.245025557,0.949048072,0.079625181,0.201726391,0.871953425,1.227053734,0.079625181,0.25050896,2.005959291,0.437014224,1.177328919,0.233811437,1.933235767,0.370780481,1.266592662,0.220863052,1.732667006,1.239877824
NIL 5,0.332966594,0.219666924,0.41088048,0.427468858,0.321904102,0.273092585,0.165801983,0.289644471,0.26975625,0.216553027,0.241946612,1.030486139,0.165801983,0.191169885,0.867182319,1.221227724,0.165801983,0.257864652,1.998398453,0.434968884,1.110516587,0.251386839,1.960311246,0.349181264,1.254049069,0.220841622,1.721130379,1.184854836
NIL 5,0.321808533,0.207993344,0.408234705,0.42742895,0.316806024,0.286582944,0.156925536,0.301962522,0.281663705,0.224015688,0.27008349,0.990907079,0.138688893,0.193917491,0.852909282,1.214444403,0.138688893,0.269219615,2.007539864,0.392949511,1.102560928,0.264229014,1.976669243,0.340010766,1.205229868,0.22267471,1.714011942,1.072977725
NIL 5,0.315950543,0.218332591,0.419386496,0.438667325,0.34153937,0.276805167,0.150940503,0.310805518,0.292444883,0.231576683,0.26962086,0.96416697,0.097999621,0.161051574,0.900208334,1.180784343,0.097999621,0.284793971,2.031180015,0.379088878,1.162566025,0.261704623,1.998123901,0.323081032,1.255621778,0.227453327,1.7546693,1.131178752
NIL 5,0.346989656,0.238184698,0.434309454,0.443530091,0.353591715,0.316376281,0.120824419,0.324829495,0.305214729,0.235130922,0.292766495,1.05486549,0.152073667,0.167669408,0.943783746,1.166242433,0.152073667,0.289539636,2.061232901,0.368013561,1.125884458,0.275338393,2.028791106,0.335338815,1.233637579,0.232036959,1.773325842,1.119124261
NIL 5,0.323143611,0.248482968,0.438821543,0.446770655,0.363309565,0.308278389,0.130712927,0.329436289,0.309465449,0.238852823,0.279588421,0.979551882,0.160889585,0.14582755,1.001282451,1.09723766,0.160889585,0.2916551,2.065191105,0.329436289,1.192143871,0.276157759,2.02763774,0.327762597,1.265079173,0.235139859,1.790300838,1.150735216
NIL 5,0.31506971,0.229990526,0.416217265,0.43532388,0.342431269,0.287970795,0.144171948,0.324483535,0.303954253,0.234159878,0.283960562,0.93713678,0.09351078,0.166976966,0.896963852,1.184553926,0.09351078,0.288343895,2.036366615,0.365612625,1.190468887,0.274201301,2.011025373,0.326684941,1.279917213,0.231078693,1.764073489,1.145299778
NIL 5,0.298017016,0.2141826,0.4367207,0.441366362,0.342173853,0.288747434,0.150620749,0.318561499,0.299812676,0.233983853,0.298017016,0.880337795,0.053503866,0.171295952,0.880825426,1.180878935,0.053503866,0.282356484,2.014546683,0.307472713,1.206182931,0.265640096,1.985292664,0.323797866,1.260297171,0.223982547,1.750198075,1.124377099
NIL 5,0.313149374,0.203487809,0.421164896,0.43817613,0.33138082,0.276115502,0.177806142,0.321742476,0.29211742,0.231317377,0.294620819,0.883902023,0.083632974,0.194525336,0.804008284,1.262525549,0.083632974,0.286313184,2.018952656,0.337135297,1.203065493,0.264073682,1.985680007,0.338687732,1.261112041,0.221430046,1.736426794,1.116868192
NIL 5,0.293636207,0.2,0.417481255,0.433234703,0.325129823,0.273377107,0.18135294,0.318114101,0.287042092,0.218932921,0.298142397,0.87338618,0.062974693,0.188743031,0.810613359,1.223641755,0.062974693,0.275990833,1.987929387,0.308733282,1.169410692,0.261095653,1.952495664,0.329309041,1.211737468,0.218932921,1.689869261,1.038605245
NIL 5,0.310885288,0.217305866,0.426364688,0.435008094,0.319416261,0.282418305,0.166056607,0.311217726,0.281929692,0.219829095,0.290480426,0.903750782,0.066939558,0.18565693,0.837763398,1.238903595,0.066939558,0.291664615,2.02142802,0.328984919,1.186171994,0.260714161,1.969574165,0.324766989,1.225898208,0.22798792,1.726389844,1.085418438
NIL 5,0.323658996,0.241241172,0.421309594,0.427994813,0.317236112,0.299158982,0.139450407,0.312161811,0.290859083,0.241241172,0.278900813,0.998401846,0.098606328,0.192477405,0.900516373,1.225961189,0.098606328,0.278136351,2.027227722,0.388989702,1.140082051,0.263324814,1.985558221,0.358214958,1.240492587,0.231329051,1.753532377,1.167637907
NIL 5,0.326639944,0.23714606,0.425444856,0.42925072,0.328515616,0.296965522,0.137355599,0.32307973,0.300594563,0.245385341,0.271668313,1.042989498,0.146275628,0.183140799,0.912738945,1.224361175,0.146275628,0.272067141,2.05534596,0.384948866,1.161089058,0.257320183,2.002618641,0.355159822,1.265642332,0.232062117,1.77431272,1.209122713
NIL 5,0.333236987,0.251719037,0.425761705,0.433414004,0.338400424,0.298951761,0.125500227,0.314612917,0.301837927,0.245323282,0.282551362,1.058508042,0.145247174,0.167429557,0.951083024,1.167590917,0.145247174,0.281654981,2.054404183,0.435575683,1.135212519,0.255140065,1.993070142,0.366681882,1.255146187,0.232003428,1.767376088,1.216235331
NIL 5,0.317097876,0.259507541,0.426019811,0.42978294,0.318561499,0.262387237,0.132415313,0.305604979,0.289613616,0.242249058,0.254495121,0.936279442,0.068204315,0.190108204,0.935093915,1.186803316,0.068204315,0.272817258,2.039209864,0.474950419,1.225694054,0.245914153,1.973723471,0.352983623,1.331805704,0.239276564,1.76197582,1.275284603
NIL 5,0.300026522,0.292553871,0.435407875,0.430774895,0.32958757,0.263039517,0.122814387,0.308777472,0.284763816,0.238192413,0.242224978,0.936657091,0.100162464,0.193472673,0.967363364,1.141058028,0.100162464,0.268248726,2.03424974,0.474784507,1.220826447,0.258395327,1.973129534,0.353100548,1.331743904,0.23423813,1.743953982,1.254480657
NIL 5,0.307395341,0.30618965,0.429273818,0.422164836,0.316875764,0.260627241,0.111543684,0.297047592,0.272609043,0.234836741,0.236690932,0.951440533,0.102756415,0.194932092,1,1.110784507,0.102756415,0.25633411,2.012152868,0.451717491,1.205414065,0.254358734,1.943879375,0.35953056,1.312982199,0.230938166,1.71358621,1.247851068
NIL 5,0.325395687,0.283095384,0.423013624,0.424164475,0.328872766,0.283095384,0.125158333,0.294241118,0.266539348,0.221379256,0.248361547,1.048762367,0.086832088,0.181174445,0.979012788,1.105956338,0.086832088,0.253156864,1.999024787,0.460178993,1.080990651,0.241999041,1.927007308,0.359557739,1.205986584,0.219017809,1.709804642,1.180741355
NIL 5,0.315863598,0.272008859,0.419987316,0.41747428,0.316695367,0.250484568,0.167186518,0.289461962,0.260017959,0.222685767,0.20532215,0.9500861,0.092465232,0.200295737,0.915538702,1.192379619,0.092465232,0.257731484,2.008220528,0.486854489,1.221747472,0.243427245,1.930134521,0.381243918,1.341910372,0.228372277,1.71989538,1.319721155
NIL 5,0.321719108,0.243645352,0.405456415,0.412001484,0.325654657,0.239559043,0.185114872,0.298189868,0.263489566,0.228537304,0.19418292,0.947305935,0.085956588,0.209488306,0.873130396,1.237137646,0.085956588,0.255512474,2.00346833,0.495392786,1.208910654,0.231994948,1.915425149,0.407337166,1.320586629,0.232680312,1.715459865,1.326289782
NIL 5,0.325954072,0.253803869,0.41135308,0.416762344,0.319798833,0.27146059,0.152786939,0.294748998,0.25430055,0.219692932,0.216073361,0.993670822,0.073230977,0.190963025,0.923065801,1.167650179,0.073230977,0.261999109,2.001655466,0.486862096,1.121766295,0.222971048,1.890504247,0.396594335,1.204251145,0.231576683,1.705825979,1.230141948
NIL 5,0.323832964,0.256642523,0.400195265,0.400195265,0.308921822,0.25,0.164448379,0.278323449,0.240317298,0.216228601,0.201258062,0.954021095,0.077521709,0.203485257,0.907533905,1.147740255,0.077521709,0.240692111,1.953562451,0.466162732,1.152443057,0.224946575,1.860666366,0.408518077,1.255085808,0.218303115,1.666302043,1.277321604
NIL 5,0.319024865,0.253823654,0.409012455,0.393652035,0.312227156,0.235031779,0.164914843,0.273425075,0.248773129,0.216841942,0.17120812,0.946086879,0.118412481,0.196672427,0.912793686,1.15876721,0.118412481,0.24889457,1.963048592,0.476512269,1.213092883,0.217815268,1.850511443,0.416189944,1.311093173,0.219886458,1.655768389,1.341487616
NIL 5,0.298039544,0.277748748,0.401078801,0.392646552,0.30311791,0.238022539,0.132270367,0.258479174,0.245669354,0.2211449,0.18784155,0.975782612,0.153244333,0.186587168,0.971199182,1.059632204,0.153244333,0.234418753,1.921567224,0.414043387,1.165186106,0.22233635,1.847611319,0.414397725,1.285449599,0.216720214,1.641396321,1.311560223
NIL 5,0.282466897,0.278469026,0.405407532,0.403071711,0.306128993,0.236653166,0.13912851,0.268323759,0.245946783,0.21998149,0.18260112,0.972353146,0.164403838,0.194343133,0.963573804,1.091532365,0.164403838,0.238516117,1.945859106,0.461501009,1.202657626,0.222912929,1.852402681,0.413479004,1.326756673,0.217282229,1.636771322,1.341992635
NIL 5,0.288141121,0.259699527,0.381845629,0.372268748,0.286160746,0.226229934,0.148157099,0.254389947,0.241429729,0.217646313,0.162438064,0.939028349,0.187314499,0.186248906,0.935357352,1.05641278,0.187314499,0.22496959,1.886304892,0.437962559,1.190236081,0.20360694,1.796040253,0.40158911,1.309031205,0.204859918,1.590578602,1.327836742
NIL 5,0.290036175,0.260442959,0.383844783,0.382102665,0.29497817,0.221319999,0.136067631,0.258836923,0.231270501,0.215206412,0.172145752,0.943912472,0.164211502,0.191124072,0.945119202,1.030314452,0.164211502,0.215206412,1.8737092,0.410376367,1.147423009,0.208913995,1.798259534,0.403269745,1.264106437,0.202563357,1.5960483,1.286666173
NIL 5,0.286073948,0.276654558,0.392882862,0.392882862,0.29686542,0.237084851,0.139271504,0.266575396,0.244344226,0.218548119,0.166686082,0.939081068,0.161899834,0.195624314,0.954766821,1.076792811,0.161899834,0.236961977,1.929138415,0.458938359,1.200341672,0.213833122,1.832259846,0.400154327,1.310933306,0.214919955,1.627413256,1.322192995
NIL 5,0.289528629,0.267974809,0.391436535,0.389374778,0.294939008,0.229237598,0.130894345,0.255790189,0.235546366,0.217129923,0.180234105,0.954613089,0.155580012,0.184646083,0.965363474,1.048142589,0.155580012,0.226207893,1.905382777,0.440373242,1.165660766,0.212445521,1.820369993,0.408119174,1.285944699,0.206962131,1.61072485,1.303419294
NIL 5,0.271006887,0.269335279,0.37836966,0.371898753,0.294659093,0.235808684,0.121151377,0.252010097,0.23340241,0.211581783,0.185873463,0.951725138,0.164783688,0.182965424,0.977389176,1.004815098,0.164783688,0.20631336,1.868020297,0.421023662,1.140517008,0.202864215,1.803253116,0.39594022,1.275833869,0.204112622,1.617931862,1.313571992
NIL 5,0.282059375,0.282059375,0.408368388,0.396005119,0.29361011,0.236933451,0.107667668,0.263619263,0.246548494,0.216017426,0.189770151,0.955648212,0.181042188,0.179573593,1.006656672,1.044750154,0.181042188,0.225741361,1.928765543,0.431285087,1.20656866,0.2071171,1.848966517,0.421905204,1.327438324,0.203100598,1.637503273,1.348002938
NIL 5,0.288173898,0.260494426,0.377770937,0.381889065,0.291314851,0.232944468,0.114128985,0.249907554,0.234889758,0.197964731,0.174932036,0.928475635,0.18854639,0.176550313,0.979309296,1.015493423,0.18854639,0.205852597,1.86808277,0.407539435,1.185415611,0.196667533,1.818150405,0.413428538,1.325758683,0.192280344,1.604307097,1.335951963
NIL 5,0.315307579,0.260272104,0.393659872,0.383469385,0.290380569,0.239763063,0.141009836,0.249543795,0.23593044,0.199275122,0.166229295,0.941545888,0.15096167,0.182407679,0.942513562,1.083485252,0.15096167,0.220062558,1.90249141,0.409340021,1.195483944,0.204356606,1.835441869,0.472705319,1.31782707,0.188702087,1.600834445,1.343898057
NIL 5,0.318365301,0.249934497,0.397933768,0.389056805,0.290041582,0.242366128,0.123030564,0.260428977,0.247123523,0.201438617,0.163111448,0.956192455,0.151451805,0.176152961,0.965040666,1.108982521,0.151451805,0.222451739,1.92799895,0.420760103,1.230707793,0.213777095,1.871598718,0.486051585,1.371709095,0.18875656,1.605663987,1.371921286
NIL 5,0.32140295,0.250909393,0.402645484,0.393709504,0.294765427,0.254091342,0.126989194,0.258013602,0.243480266,0.206910734,0.182443167,0.97489285,0.125397503,0.177338849,0.952381294,1.094921104,0.125397503,0.22927745,1.924321416,0.411596604,1.168599206,0.204679825,1.849688795,0.480375272,1.286415058,0.189388505,1.616024489,1.325719533
NIL 5,0.313999263,0.266062857,0.39948432,0.389725327,0.296466142,0.255863397,0.115116393,0.263818463,0.241868552,0.207050929,0.180766167,0.97902455,0.129471774,0.178876574,0.979602828,1.062813717,0.129471774,0.218754804,1.908974578,0.371498452,1.159057268,0.210845372,1.836751208,0.449008169,1.263571697,0.19347728,1.598858467,1.281108543
NIL 5,0.329154297,0.266942087,0.419929107,0.40266042,0.292041893,0.262765708,0.129934758,0.259421078,0.246061129,0.205444891,0.184545847,1.011835416,0.086995746,0.171463637,0.981994269,1.114089144,0.086995746,0.228900951,1.927183492,0.348735021,1.158408691,0.214185196,1.847744156,0.410038784,1.250696959,0.196167507,1.59730299,1.234674934
NIL 5,0.338430738,0.247433395,0.430354348,0.423439464,0.296593801,0.257718264,0.131523315,0.268928593,0.247791044,0.206889257,0.207601442,1.051316444,0.081678576,0.175214727,0.971916437,1.174697827,0.081678576,0.238317795,1.942328859,0.328516382,1.142260273,0.231659907,1.869408062,0.388842498,1.236283821,0.210986471,1.594394775,1.180213341
NIL 5,0.344517666,0.267285068,0.424088919,0.41580942,0.301063,0.265500173,0.133085456,0.269830171,0.247783638,0.211693799,0.20280353,1.039602164,0.058713296,0.177986092,0.989994522,1.141621068,0.058713296,0.224104624,1.93262442,0.311827285,1.136246002,0.233329795,1.875310772,0.361357849,1.233750247,0.209435667,1.598383284,1.145077974
NIL 5,0.324283284,0.272102548,0.418924164,0.408861808,0.307623333,0.258586912,0.114335697,0.266301037,0.252818449,0.214172752,0.179012149,0.981374439,0.082266033,0.166106571,1.013473554,1.087133961,0.082266033,0.229302909,1.910857576,0.277574608,1.166520671,0.237725027,1.857626201,0.319883279,1.243144086,0.20591103,1.59189438,1.118809773
NIL 5,0.321649471,0.284516414,0.436669157,0.424485068,0.323013362,0.24997069,0.109619399,0.275727749,0.262104388,0.223213239,0.192015289,1.004824237,0.104134911,0.159865125,1.042699176,1.075137331,0.104134911,0.238449466,1.939591816,0.264331314,1.174289838,0.246903449,1.884408789,0.32201374,1.243435282,0.207282422,1.614431545,1.115278105
NIL 5,0.337059295,0.2676958,0.428113419,0.421802167,0.319149364,0.260969559,0.108964177,0.273486895,0.264980303,0.225271721,0.205546289,1.033666644,0.103576357,0.162104054,1.00342951,1.080476787,0.103576357,0.252757216,1.930381868,0.197928033,1.136002397,0.25144232,1.887282976,0.322904191,1.187618948,0.217928354,1.61194313,1.054219606
NIL 5,0.32424584,0.263635089,0.429643929,0.431054451,0.320952964,0.250893753,0.117901196,0.283173024,0.267747496,0.21870745,0.210360519,1.030846335,0.120950868,0.155237172,0.996808066,1.108971001,0.120950868,0.253660826,1.945053775,0.206281119,1.177698354,0.260041741,1.902057313,0.33465603,1.234691374,0.218290732,1.609976334,1.085654244
NIL 5,0.339813833,0.272424472,0.452058383,0.45281716,0.324786928,0.262625159,0.097723926,0.287148531,0.278317863,0.221214312,0.213313801,1.078094151,0.161139442,0.14524913,1.028554313,1.070045415,0.161139442,0.264991199,1.96392469,0.172549768,1.153582848,0.253924935,1.912184852,0.346543473,1.188363991,0.229250998,1.605340317,1.034725694
NIL 5,0.343434249,0.262646349,0.455756927,0.448921067,0.320980328,0.261063761,0.105022122,0.290207844,0.281283093,0.223571155,0.21617712,1.078671422,0.128004224,0.159093704,1.004325995,1.147241011,0.128004224,0.275674037,1.987288261,0.189793774,1.181760221,0.256630281,1.932359539,0.36807575,1.221473997,0.223571155,1.605715803,1.057028633
NIL 5,0.353351865,0.287558045,0.446731974,0.438795478,0.327112609,0.276787593,0.104659097,0.296127554,0.280310796,0.222940393,0.217186121,1.075413935,0.119621199,0.158543772,1.02495147,1.102852966,0.119621199,0.266888705,1.985926169,0.183703545,1.149571442,0.256608243,1.926025248,0.349024945,1.177675288,0.222940393,1.617716433,1.01915925
NIL 5,0.330565393,0.290855128,0.455472871,0.454823997,0.332544844,0.256182976,0.084579189,0.301491556,0.27651152,0.218882831,0.218732859,1.04030478,0.17525612,0.146046767,1.055337055,1.063853595,0.17525612,0.263756517,1.989026138,0.179328083,1.203487527,0.261256399,1.928515087,0.359569941,1.226926576,0.210631642,1.605860665,1.048442718
NIL 5,0.333718658,0.301680685,0.456429431,0.457080595,0.334213423,0.267420174,0.084877736,0.303537199,0.285586791,0.227634753,0.219655441,1.057563324,0.175874738,0.138922299,1.073935631,1.062146874,0.175874738,0.272682205,2.003648358,0.179961074,1.203239733,0.262178579,1.943637407,0.36403046,1.228355232,0.219504941,1.621484962,1.058313015
NIL 5,0.324632976,0.291658719,0.445052849,0.436481971,0.330991142,0.25787916,0.102085337,0.30132472,0.284308121,0.217904972,0.210454313,1.014003431,0.174592789,0.155868297,1.030063308,1.067572999,0.174592789,0.264364561,1.972454089,0.173845064,1.206433178,0.252261316,1.905266315,0.343354436,1.218252809,0.217904972,1.600698408,1.050040863
NIL 5,0.347562249,0.32450812,0.468613807,0.451631217,0.336681377,0.284884242,0.036626105,0.305778629,0.280375169,0.229461892,0.229461892,1.090449642,0.278213786,0.099969812,1.191615577,0.922003552,0.278213786,0.266642072,2.001609119,0.175843454,1.18081564,0.255071308,1.916861437,0.34436331,1.181525461,0.212936,1.616224168,1.038561619
NIL 5,0.358390782,0.297627344,0.445052849,0.437003945,0.31568147,0.278287886,0.098182533,0.293328853,0.276291282,0.218054375,0.215349254,1.053292394,0.122927024,0.153128005,1.043975437,1.066901665,0.122927024,0.264364561,1.972008245,0.181363156,1.151009344,0.253420552,1.905744862,0.354002158,1.169562305,0.209989563,1.595685579,1.011398594
NIL 5,0.351285426,0.327290871,0.457271147,0.44030612,0.333278396,0.277715513,0.033475854,0.294085849,0.277121469,0.219815947,0.219215356,1.097308987,0.327290871,0.086307082,1.22016133,0.854974971,0.327290871,0.265954333,1.982720343,0.167182239,1.158557055,0.253778304,1.9009764,0.345419218,1.159694457,0.219215356,1.596180345,1.01459358
NIL 6,0.416823457,0.535317244,0.557031834,0.477502621,0.324357638,0.37841082,0.280824045,0.28453963,0.249112209,0.151144431,0.230117466,1.319671068,0.969107058,0.218408807,1.994763385,1.107997583,0.969107058,0.207728151,1.005412051,0.130978476,0.326777248,0.188045341,0.875086742,0.056133632,0.449848017,0.118340088,0.870875713,0.469274779
NIL 6,0.412641472,0.554687535,0.57338327,0.478898276,0.346362718,0.385176816,0.315461748,0.291076701,0.247879715,0.146164325,0.241726043,1.362124109,1.013242006,0.232484664,2.06471135,1.131901717,1.013242006,0.224899422,1.052619085,0.096027173,0.329060536,0.185525722,0.957844212,0.0557151,0.413966876,0.1114302,0.984356783,0.405949545
NIL 6,0.418435458,0.527785266,0.547714699,0.461479967,0.311883376,0.374006963,0.296895068,0.286417438,0.254764363,0.164406063,0.216397608,1.308457073,0.987221445,0.236542773,2.027974283,1.132520676,0.987221445,0.207461736,1.01282981,0.130222527,0.305187426,0.178465333,0.883796735,0.038254054,0.427693325,0.11735808,0.872573308,0.446115097
NIL 6,0.413984284,0.518366995,0.545287216,0.455787279,0.311559695,0.370641464,0.284069133,0.286863564,0.256742154,0.156586306,0.213138048,1.294653351,0.963259923,0.213924538,1.980105096,1.080285398,0.963259923,0.203463173,1.009028019,0.129591749,0.303366506,0.176263835,0.882033468,0.037782163,0.417920832,0.110723239,0.889286492,0.420424874
NIL 6,0.408178594,0.528627383,0.558157482,0.467536055,0.331178307,0.381592501,0.243031947,0.276852524,0.244083279,0.141324757,0.202830769,1.304063036,0.85416658,0.177709719,1.896070581,0.955880615,0.85416658,0.205132172,1.025660859,0.105337254,0.305994508,0.177709719,0.925022953,0.061975006,0.388574445,0.111631496,0.95162975,0.384267248
NIL 6,0.412584295,0.541390292,0.556693119,0.465321091,0.330623797,0.367838883,0.299366272,0.281434399,0.242694773,0.152291557,0.218999523,1.333632325,0.997897317,0.226272004,2.030487047,1.102881988,0.997897317,0.209188542,1.039479734,0.113810871,0.318076664,0.172501291,0.928476691,0.056905436,0.414172182,0.104594271,0.935566373,0.426765133
NIL 6,0.409118497,0.543749988,0.5453957,0.451563045,0.305994508,0.382820747,0.295782347,0.285354356,0.243908372,0.161346756,0.198363052,1.286966203,1.028154366,0.233904907,2.039763474,1.158194048,1.028154366,0.213291684,0.989618354,0.11124854,0.314251239,0.176504894,0.879424142,0.029215298,0.41502179,0.114276264,0.868878872,0.4325443
NIL 6,0.406566009,0.516850397,0.522436454,0.442191111,0.305304393,0.370888741,0.27836577,0.281104096,0.246569758,0.150524536,0.220867504,1.302033441,0.931278407,0.209629495,1.968732362,1.068414449,0.931278407,0.199378166,0.997093017,0.119802019,0.321888677,0.183147419,0.881642776,0.040157728,0.42470476,0.108500206,0.89813367,0.417427945
NIL 6,0.405789821,0.5365161,0.545287216,0.443271981,0.31557653,0.378487783,0.275058296,0.279750137,0.249274706,0.148041203,0.214512513,1.314062888,0.958847588,0.206738444,1.980105096,1.085248688,0.958847588,0.211556297,0.990041946,0.113346488,0.348334328,0.184184481,0.881414447,0.037782163,0.440611946,0.127633071,0.8890504,0.444123609
NIL 6,0.397270027,0.538600545,0.547405738,0.461058677,0.316802592,0.378954705,0.294371906,0.284132276,0.250243175,0.145450891,0.227201555,1.325854884,0.961165198,0.214755667,2.008065315,1.097166452,0.961165198,0.203215249,1.002873083,0.113786856,0.345671624,0.176948646,0.893499509,0.046906503,0.439733431,0.116360713,0.901513964,0.445849096
NIL 6,0.422643693,0.533574323,0.561389714,0.477114995,0.326762948,0.394696151,0.207086091,0.272748489,0.236114472,0.13621371,0.227813909,1.360079486,0.726580196,0.14032794,1.806303993,0.833242891,0.726580196,0.206663034,1.029114081,0.092137995,0.373856855,0.179950788,0.945291518,0.050379272,0.432570343,0.113039263,0.963766824,0.435293158
NIL 6,0.40899826,0.523036458,0.577013569,0.484025931,0.32615526,0.372380377,0.276115957,0.289127898,0.250033633,0.140792065,0.22511595,1.311238737,0.9349168,0.221095699,1.96698921,1.033044487,0.9349168,0.218648069,1.013409067,0.110851692,0.336309849,0.190358698,0.91041945,0.059897961,0.413469511,0.128815436,0.928176838,0.419499593
NIL 6,0.424614216,0.531301937,0.553693497,0.472807794,0.337504676,0.378401485,0.275032662,0.282691648,0.249231264,0.158134988,0.223636644,1.335770961,0.848442133,0.208393765,1.963378338,1.012953392,0.848442133,0.201666105,1.038075519,0.101602362,0.307278732,0.173945929,0.945662642,0.03773417,0.390894858,0.113985928,0.943778662,0.398113376
NIL 6,0.420781321,0.534300441,0.552562053,0.48135654,0.347111137,0.364797006,0.271814296,0.271814296,0.24383632,0.151065118,0.226163165,1.302468382,0.839950702,0.198358217,1.951071519,0.986265745,0.839950702,0.189106124,1.037969379,0.109447091,0.27801618,0.17063419,0.93549029,0.033714414,0.368967612,0.121559048,0.916368211,0.392506535
NIL 6,0.405409592,0.52790958,0.531101324,0.45221181,0.316574961,0.358625811,0.312680571,0.271451634,0.229812806,0.14850958,0.247515967,1.296274612,0.885540046,0.249725217,2.039267217,1.084638541,0.885540046,0.187491197,1.02960241,0.083241739,0.268005484,0.160540325,0.946828762,0.009192512,0.349798948,0.107202194,0.946873385,0.349436399
NIL 6,0.417932099,0.549561674,0.539229608,0.464820819,0.328677953,0.370788213,0.288613154,0.270171613,0.236258222,0.161837877,0.240580377,1.325963603,0.825734642,0.213337985,1.989625303,0.980575623,0.825734642,0.193496671,1.075309376,0.095407647,0.260955736,0.167059791,0.991721855,0.00926681,0.334761503,0.11311583,0.982456678,0.343997164
NIL 6,0.415264307,0.548128128,0.566470554,0.486712327,0.345896581,0.377241449,0.260768096,0.266166197,0.232856656,0.151143787,0.226666667,1.322085894,0.773333333,0.188797363,1.925362881,0.891091715,0.773333333,0.208699678,1.094024172,0.053333333,0.248908729,0.16465452,1.055988215,0.038873013,0.272111088,0.11508451,1.046900186,0.292422829
NIL 6,0.410867616,0.549976552,0.568184765,0.474493199,0.333743927,0.372769853,0.324872068,0.294971398,0.239449138,0.160172007,0.259925756,1.342613555,0.95268317,0.250079874,2.084252057,1.113195343,0.95268317,0.217888911,1.0708491,0.086524756,0.278247571,0.187727159,0.985330178,0.009555061,0.359808627,0.124582751,0.975786465,0.369201418
NIL 6,0.410867616,0.549976552,0.559195598,0.474493199,0.342519278,0.372769853,0.287288123,0.271941799,0.244915427,0.162436034,0.223678239,1.314923576,0.912345709,0.220595709,2.01212884,1.00182432,0.912345709,0.199515528,1.098873538,0.1114302,0.239449138,0.175667656,1.005508429,0.034451262,0.311090242,0.115058169,1.023105656,0.299273291
NIL 6,0.420781321,0.545234588,0.561119679,0.468375608,0.33895467,0.383834398,0.290022355,0.276281027,0.242578034,0.163302886,0.243118097,1.350423105,0.887577603,0.227512254,2.015264821,1.065897321,0.887577603,0.210961318,1.047653586,0.097624133,0.308431259,0.177416983,0.955419693,0.018701392,0.395502388,0.114139791,0.954504102,0.398146444
NIL 6,0.413259416,0.526050383,0.555415375,0.471113338,0.333127436,0.385197161,0.219867157,0.277509084,0.247962765,0.152894907,0.246535629,1.365790839,0.641017408,0.150569373,1.809271972,0.794576269,0.641017408,0.202751016,1.070758772,0.088606399,0.312213171,0.175461887,0.9962881,0.029700932,0.372151615,0.122460081,0.986231967,0.387252778
NIL 6,0.433977252,0.550570769,0.565535332,0.489815064,0.348211529,0.396766482,0.289619237,0.287861532,0.257757738,0.158427262,0.262194513,1.364602128,0.767824397,0.23134465,2.003065842,1.037899512,0.767824397,0.216722676,1.028566778,0.067925128,0.33621223,0.173175777,0.979865587,0.034635155,0.387232808,0.125247747,0.960798474,0.403911849
NIL 6,0.399142314,0.548844448,0.530692422,0.449272014,0.327422699,0.371431468,0.318718877,0.257915123,0.226534991,0.16182179,0.273299182,1.306365381,0.855048072,0.255862716,2.072436058,1.024523551,0.855048072,0.167688723,1.11744436,0.115951023,0.189579129,0.15516871,1.003727674,0.026513915,0.305198083,0.119312618,0.984457422,0.327422699
NIL 6,0.394696151,0.525975043,0.508375501,0.458786289,0.337306388,0.352282448,0.308721468,0.243953665,0.22237047,0.159038332,0.231056296,1.244557555,0.885240827,0.246096783,2.038144906,0.882220279,0.885240827,0.159313247,1.235771461,0.156821661,0.020918854,0.159313247,1.085202734,0.050379272,0.161495722,0.119804964,1.038595303,0.20602682
NIL 6,0.404848874,0.531306428,0.52638566,0.463943393,0.341883405,0.359982161,0.319336822,0.252894326,0.216837148,0.151445633,0.277350098,1.306739763,0.843527392,0.245818954,2.053900536,1.005629883,0.843527392,0.185244312,1.12742329,0.089102797,0.180663718,0.159668411,1.0425408,0.037569038,0.268953381,0.119543946,1.004971762,0.305789813
NIL 6,0.405821315,0.509104242,0.493222482,0.442646188,0.317830282,0.363094238,0.303660981,0.223890623,0.215409737,0.157510265,0.23460201,1.288554448,0.819171222,0.23169661,2.004736137,0.86526733,0.819171222,0.143147159,1.207161807,0.177717202,0.090627692,0.153149272,1.039808815,0.055972656,0.249978831,0.117120403,0.984640725,0.305883598
NIL 6,0.415799097,0.541438413,0.548614416,0.472910609,0.34176015,0.370705034,0.329983165,0.262636208,0.231900362,0.16465452,0.253859104,1.301930191,0.874934918,0.256124969,2.079850422,1.060733499,0.874934918,0.196864307,1.084886067,0.092855922,0.217050941,0.169967317,0.999377584,0.02981424,0.305359533,0.122927259,0.971139079,0.334796787
NIL 6,0.406430498,0.526363444,0.514904372,0.461425616,0.333460245,0.370828466,0.303710377,0.247693942,0.230529339,0.171853783,0.246838348,1.306566824,0.811715019,0.231627975,2.013010907,1.000719044,0.811715019,0.186268025,1.068088986,0.111153415,0.239883755,0.169123802,0.965907818,0.029090178,0.341484496,0.112289595,0.938355545,0.369800131
NIL 6,0.402271209,0.546731562,0.530215034,0.455003516,0.325356471,0.363759593,0.316707574,0.254418652,0.220824721,0.151636052,0.25081213,1.304090012,0.891171449,0.235835157,2.060116038,1.057562375,0.891171449,0.194501421,1.071864595,0.091741408,0.235835157,0.167927264,0.987382438,0.018629857,0.316707574,0.121451811,0.96875258,0.335337432
NIL 6,0.404670717,0.527196587,0.517155358,0.446650472,0.328332169,0.35768176,0.302256613,0.250167729,0.226217808,0.153537701,0.245769576,1.291492555,0.869409273,0.240943336,2.028322943,1.049528498,0.869409273,0.182497587,1.053676848,0.115856889,0.238845096,0.162303056,0.943451467,0.025906388,0.348534805,0.127244942,0.92549642,0.368198954
NIL 6,0.401622404,0.510399386,0.511020499,0.442220624,0.322804916,0.356318296,0.284965599,0.251403672,0.219038342,0.144965746,0.243227049,1.300186042,0.825111436,0.225461022,1.978031608,1.017686574,0.825111436,0.188697274,1.041943527,0.082101656,0.258863495,0.160540325,0.961800123,0.01781035,0.338396649,0.108701513,0.943990551,0.356206999
NIL 6,0.401738237,0.501427405,0.519571959,0.437353968,0.316504889,0.34925508,0.270672687,0.274031732,0.222607309,0.14213652,0.238480105,1.301707466,0.834063617,0.221060809,1.952805212,1.044449347,0.834063617,0.193277269,1.022503524,0.089042923,0.279404064,0.165666231,0.934624475,0.017462754,0.367133379,0.099553015,0.93429814,0.368377199
NIL 6,0.394782617,0.479333105,0.518283486,0.45518483,0.311735666,0.336014138,0.236482212,0.251651807,0.22533473,0.144967289,0.200317097,1.259911341,0.736706351,0.178142746,1.836416606,0.922375054,0.736706351,0.183409182,0.990967671,0.092375025,0.270818641,0.171280748,0.898596304,0.016795459,0.362661374,0.109492998,0.898910169,0.364600753
NIL 6,0.400980972,0.506774765,0.526628155,0.450132352,0.324236238,0.341289788,0.264554507,0.261651025,0.210665077,0.145253507,0.206303008,1.271164943,0.814251023,0.197842124,1.92400168,0.975807768,0.814251023,0.183732768,1.05797737,0.086984986,0.213239491,0.164733545,0.972409487,0.024125294,0.299022294,0.104116788,0.955350996,0.317433322
NIL 6,0.387762035,0.509913459,0.515279234,0.440870756,0.321814571,0.352800569,0.274055381,0.241170925,0.208552645,0.145843593,0.218345896,1.285091275,0.793890785,0.208376725,1.953189168,0.955823392,0.793890785,0.172351817,1.096254977,0.102770768,0.19015678,0.160907285,0.99348767,0.025692692,0.292315146,0.115219939,0.967795958,0.317916423
NIL 6,0.394309644,0.496574495,0.489467124,0.423037892,0.312539283,0.346731203,0.271998334,0.228868102,0.206987258,0.144748898,0.22050772,1.277822366,0.747705591,0.200065014,1.930405359,0.921960323,0.747705591,0.167645178,1.088823093,0.101999375,0.191767566,0.144499115,0.986909478,0.033999792,0.292106496,0.108186675,0.952942352,0.325782059
NIL 6,0.385645899,0.495323782,0.48916681,0.418317076,0.315679631,0.346518465,0.271964147,0.23372096,0.201917493,0.146641824,0.235566154,1.261346254,0.751003562,0.215069456,1.934860708,0.935578261,0.751003562,0.175123402,1.063505261,0.094974,0.199942263,0.156173762,0.969330529,0.030628195,0.294878593,0.108785659,0.943259656,0.323469787
NIL 6,0.397917297,0.505418059,0.490763022,0.419682097,0.312554469,0.356010074,0.281370019,0.231835763,0.213742012,0.147120334,0.251664996,1.302569757,0.707414866,0.213742012,1.946890726,0.917896187,0.707414866,0.160122338,1.085065809,0.122022945,0.221255726,0.148838228,0.964393696,0.038113565,0.343127937,0.121126803,0.929572575,0.380468075
NIL 6,0.40114463,0.507542178,0.503848806,0.424993699,0.310229889,0.350889047,0.273998312,0.235469084,0.214640305,0.146493976,0.252722668,1.291958576,0.71731369,0.216678076,1.949332567,0.938019126,0.71731369,0.176433244,1.071972357,0.103055211,0.227398872,0.14946375,0.968938223,0.017116539,0.328017378,0.108928986,0.95185502,0.34457
NIL 6,0.382534277,0.507735953,0.496875605,0.419397001,0.3077809,0.352025365,0.28346755,0.239485873,0.209082386,0.154786037,0.249584985,1.269593943,0.740687361,0.217379765,1.953174663,0.90966875,0.740687361,0.164931377,1.117366183,0.128789768,0.169342085,0.150193388,0.988731199,0.025757954,0.287854655,0.109281742,0.963009168,0.312534554
NIL 6,0.390436715,0.500665238,0.481998429,0.424821578,0.318209674,0.337936656,0.283938905,0.233636039,0.209253392,0.155757359,0.224267381,1.234908904,0.768509277,0.209253392,1.952865441,0.858864325,0.768509277,0.165205628,1.178518275,0.137872679,0.100295422,0.152154157,1.040773779,0.036487819,0.211538462,0.107760967,1.015741487,0.225746624
NIL 6,0.404589578,0.505526691,0.498068248,0.436155205,0.323133943,0.352348411,0.278386181,0.240500763,0.219976216,0.156757172,0.238765412,1.260821898,0.733712195,0.21894265,1.9516498,0.875641089,0.733712195,0.160333842,1.140712435,0.148839962,0.142613908,0.152106038,0.992219848,0.027497027,0.280954498,0.110673399,0.966589925,0.302467297
NIL 6,0.405972997,0.521431916,0.511913252,0.448552695,0.328811121,0.360039093,0.304175921,0.264824371,0.212560408,0.152285008,0.248465905,1.284048476,0.781278338,0.226405601,2.007124456,0.974730712,0.781278338,0.181071492,1.117846218,0.09877296,0.193455499,0.161212916,1.019600003,0.032242583,0.277361187,0.114519667,1.002555711,0.286299167
NIL 6,0.41063347,0.56078161,0.542984163,0.465485234,0.336869644,0.378585353,0.303146526,0.258568693,0.235354243,0.15609474,0.262933712,1.320236098,0.784514143,0.250621014,2.052058339,1,0.784514143,0.184785061,1.112392352,0.093638838,0.218254683,0.15609474,1.019868385,0.045910218,0.310700599,0.104691404,1.049327212,0.27392669
NIL 6,0.402389237,0.539861813,0.515073942,0.439507791,0.315946026,0.370984546,0.289188833,0.254015676,0.22566109,0.154015762,0.265851111,1.312584811,0.717619211,0.235492264,1.990342616,0.969791455,0.717619211,0.177234074,1.063594758,0.100597309,0.256078943,0.173074155,0.971917873,0.020119462,0.355949617,0.114521985,0.98140912,0.34143859
NIL 6,0.404495836,0.545037257,0.531329693,0.447084559,0.324436157,0.365531919,0.308816487,0.252909219,0.224232581,0.154341501,0.268097054,1.306385696,0.764625503,0.237617863,2.030512385,1.007922786,0.764625503,0.182709576,1.081000684,0.08613012,0.243612769,0.158816095,0.99872157,0.040602128,0.329102728,0.109324576,1.017850894,0.298639624
NIL 6,0.404495836,0.545037257,0.526028736,0.450848195,0.33047738,0.370348389,0.299741619,0.249793848,0.219401818,0.155405938,0.260138947,1.295456057,0.778566319,0.238828882,2.024129092,1.004482207,0.778566319,0.182709576,1.081000684,0.100279859,0.227697951,0.162408512,0.980900694,0.020301064,0.324436157,0.109324576,0.990642004,0.310546565
NIL 6,0.407251346,0.51003524,0.503645249,0.439912026,0.328324354,0.351383852,0.295101959,0.226405601,0.224097996,0.16705938,0.268423508,1.303579791,0.739365495,0.236764814,1.993712628,0.863540224,0.739365495,0.132939576,1.19149995,0.236764814,0.124232952,0.15996801,0.957221756,0.036870804,0.356355447,0.120308812,0.921249434,0.393164302
NIL 6,0.419187673,0.545484256,0.540380657,0.46663784,0.330350137,0.36058232,0.314077038,0.257217414,0.223330192,0.163619225,0.272663967,1.325041,0.788916314,0.252027333,2.056184979,1.017034552,0.788916314,0.173482974,1.099415047,0.129599289,0.233592822,0.161257316,0.969920183,0.029199103,0.36058232,0.118247354,0.942547762,0.385715616
NIL 6,0.423112594,0.531800074,0.510038617,0.46336979,0.336065162,0.366769834,0.302534983,0.222958075,0.225392801,0.167218556,0.275058296,1.341665821,0.742188588,0.241054587,2.024723333,0.883222673,0.742188588,0.136225525,1.201679626,0.206738444,0.14488798,0.155779847,0.99886576,0.037782163,0.351215157,0.123282559,0.962169645,0.388991172
NIL 6,0.415002321,0.516042388,0.506853955,0.465307888,0.337470794,0.357335136,0.303800371,0.221609844,0.218143968,0.160703365,0.267487447,1.307828315,0.77873951,0.232972181,2.006467106,0.806672008,0.77873951,0.104917209,1.262800672,0.256663936,0.049553468,0.160966598,1.012245097,0.055972656,0.29803193,0.130782832,0.957169126,0.351602115
NIL 6,0.399200348,0.48912801,0.491884154,0.45339992,0.332334979,0.357170362,0.289655038,0.186605987,0.206609349,0.154675858,0.275743381,1.321830072,0.744225345,0.220237851,1.952172919,0.63555709,0.744225345,0.072413759,1.374461274,0.412226099,0.12607587,0.149832625,0.977627658,0.077337929,0.344441434,0.128649112,0.90535301,0.418831601
NIL 6,0.410769776,0.513598855,0.530562797,0.452757777,0.314447673,0.37488737,0.319302775,0.261134579,0.220564387,0.161592902,0.289813188,1.358885443,0.787638382,0.237800035,2.017985657,1.055664849,0.787638382,0.179164148,1.039590516,0.101955924,0.3196932,0.161592902,0.939456206,0.032879797,0.421066856,0.106347409,0.912650751,0.45017899
NIL 6,0.40251111,0.511678878,0.540262202,0.452546219,0.320560285,0.357699344,0.304044442,0.265879152,0.224097996,0.156173762,0.260409053,1.344350062,0.853855007,0.233191442,2.002337698,1.076409094,0.853855007,0.18948783,1.039792062,0.130204526,0.304570016,0.169671697,0.912834428,0.025293163,0.432579646,0.109156923,0.894427191,0.452811202
NIL 6,0.394621799,0.500959878,0.537380557,0.457241672,0.31610621,0.368327128,0.281098099,0.270649857,0.228620836,0.158053105,0.251054655,1.355717814,0.832192404,0.237363173,1.96702251,1.043629332,0.832192404,0.189258028,1.018355745,0.123987056,0.340456808,0.178816676,0.894942662,0.024797411,0.464248337,0.113973715,0.87689621,0.48497803
NIL 6,0.395912573,0.501384405,0.515418463,0.446882816,0.323223139,0.344054331,0.275291813,0.263770471,0.211499357,0.148436086,0.212371523,1.290832169,0.833006714,0.217700977,1.951216503,1.025659699,0.833006714,0.19033971,1.032735899,0.100644871,0.25810342,0.171327318,0.937294648,0.019227214,0.355157407,0.116954578,0.920057862,0.373324971
NIL 6,0.395441092,0.49015174,0.507504452,0.436871166,0.315981874,0.33624132,0.277526424,0.257861142,0.203140966,0.143888107,0.218233309,1.304263132,0.808466365,0.211658502,1.937549576,1.00063575,0.808466365,0.17329481,1.052400416,0.110564102,0.25218099,0.162347463,0.942413401,0.018796461,0.361850186,0.107649747,0.925274775,0.379111156
NIL 6,0.39816653,0.503217766,0.518938327,0.447534294,0.325836304,0.34818653,0.271559606,0.254796174,0.215936119,0.156173762,0.231333233,1.304583026,0.785129,0.213261884,1.947739005,0.98427376,0.785129,0.171498585,1.05925585,0.113000044,0.245767617,0.158227267,0.948645489,0.026783579,0.356130971,0.110431526,0.923198544,0.381983046
NIL 6,0.397541295,0.472050502,0.492522072,0.434538991,0.315304947,0.339896534,0.250607763,0.252243957,0.222954266,0.14672753,0.214969443,1.286116898,0.731906654,0.183852798,1.855751097,0.896150301,0.731906654,0.167663571,1.044140646,0.133516044,0.243672057,0.168885922,0.911173169,0.018515344,0.377095335,0.111092064,0.902592161,0.388116237
NIL 6,0.37019268,0.481890776,0.493898637,0.398709718,0.28120027,0.337667677,0.27304063,0.240625242,0.208921216,0.123057749,0.224111848,1.253417966,0.819665447,0.215857571,1.920814917,1.013036851,0.819665447,0.176958297,0.962287371,0.09254817,0.300061663,0.159225892,0.869795255,0.00827776,0.390461157,0.09967743,0.868652213,0.393520217
NIL 6,0.376746776,0.49649745,0.510564547,0.428025215,0.299762658,0.345575451,0.259107314,0.24596386,0.213492333,0.12298193,0.224736363,1.280446345,0.749121212,0.199232032,1.897038336,0.976208917,0.749121212,0.183682858,0.976734561,0.070681637,0.306088415,0.158048945,0.907167976,0.02481798,0.376746776,0.107544578,0.903198684,0.385633746
NIL 6,0.36371892,0.50114681,0.492315338,0.404325777,0.281248453,0.349397021,0.265063038,0.245879052,0.21205043,0.130905304,0.240238874,1.303411953,0.799487463,0.217791179,1.93909598,1.023843511,0.799487463,0.175627894,0.986056744,0.08154045,0.319794985,0.149942297,0.906106805,0.008279178,0.401262659,0.099694509,0.904403133,0.404410532
NIL 6,0.376355229,0.509736658,0.509598873,0.414959048,0.290896522,0.355731561,0.27856474,0.25,0.221397502,0.136416827,0.234790129,1.307632091,0.814932616,0.219326087,1.961568966,1.063602369,0.814932616,0.179144346,0.969514242,0.112429753,0.339364906,0.162710538,0.859881426,0.016760038,0.451277836,0.101947332,0.856280499,0.45776693
NIL 6,0.376355229,0.519426001,0.498311757,0.403112887,0.290413305,0.355731561,0.270507222,0.243020552,0.209500476,0.124577939,0.261934249,1.336448841,0.786160132,0.212165136,1.952832141,1.016472475,0.786160132,0.169475397,1,0.105999788,0.341222192,0.1517686,0.894427191,0.016760038,0.446742265,0.100560228,0.890808243,0.453606026
NIL 6,0.371171897,0.512600873,0.496184313,0.406422843,0.29328507,0.348354073,0.275203609,0.245015991,0.211220682,0.125600847,0.264084988,1.323125198,0.807073094,0.22369457,1.960419248,1.022622266,0.807073094,0.180615298,0.998035046,0.080152613,0.332523345,0.15301477,0.91824411,0.025346482,0.41191824,0.109834755,0.9129817,0.42345401
NIL 6,0.368862058,0.503914882,0.493096508,0.403719052,0.284978154,0.35642054,0.271031139,0.244069597,0.211911754,0.130614987,0.245796526,1.309303495,0.802050597,0.212576056,1.939697166,1.016258386,0.802050597,0.171250558,0.985620979,0.09827558,0.33045402,0.154819189,0.887980286,0.008396249,0.428126395,0.101104231,0.88611265,0.431815441
NIL 6,0.375698764,0.521152937,0.505047203,0.407358712,0.286054019,0.356346679,0.290659836,0.255392661,0.214744619,0.134176727,0.261248104,1.336974541,0.816165168,0.227426616,1.984407603,1.037516574,0.816165168,0.17519792,1.006325453,0.096036713,0.338071056,0.164107607,0.910436144,0.019207343,0.430861411,0.111667202,0.91492297,0.430261623
NIL 6,0.378546259,0.506531107,0.509633498,0.413378755,0.288292242,0.351151393,0.286422218,0.251669214,0.21844448,0.125834607,0.247796046,1.304557407,0.820188414,0.221538518,1.956208987,1.028991511,0.820188414,0.180951447,0.989737409,0.086321828,0.32176432,0.154463573,0.903449639,0.018927313,0.405680804,0.10157462,0.908077167,0.405062186
NIL 6,0.379689909,0.518381701,0.495458348,0.404150879,0.271239867,0.351376943,0.293859495,0.253381517,0.219930729,0.126690759,0.25792684,1.304333353,0.825768799,0.224182572,1.970845681,1.044197243,0.825768799,0.173818287,0.981083336,0.094130142,0.331597874,0.163926687,0.887490225,0.008522143,0.420962794,0.102265712,0.895838946,0.413038285
NIL 6,0.388419515,0.497776383,0.485574657,0.412185703,0.298855942,0.331303725,0.271991564,0.239511988,0.214491002,0.143242039,0.220529585,1.267630372,0.776701928,0.21332934,1.93486407,0.985878279,0.776701928,0.169360551,1.008448514,0.092686026,0.25957011,0.151901917,0.917196574,0.016852005,0.350464978,0.110826757,0.90063678,0.367087569
NIL 6,0.393232707,0.486308484,0.47029,0.396687234,0.278057514,0.335008386,0.26411987,0.225072679,0.201450103,0.134877706,0.22646729,1.276414172,0.761744503,0.217644567,1.926911074,0.989802469,0.761744503,0.150797859,0.996074017,0.117405004,0.280562587,0.150565684,0.881480639,0.011829557,0.395362142,0.1017617,0.874627585,0.402900205
NIL 6,0.377552059,0.47877632,0.456355173,0.380337088,0.267496189,0.343906971,0.262182925,0.231392592,0.208352974,0.125819623,0.218731624,1.282016283,0.735324537,0.209699372,1.913432946,1.00466792,0.735324537,0.159371523,0.971738837,0.117431649,0.310808144,0.151216368,0.855285568,0,0.428115533,0.102044119,0.855285568,0.428115533
NIL 6,0.387152267,0.488846181,0.467555983,0.386878242,0.274531687,0.344847333,0.262821662,0.227182726,0.196296306,0.128348807,0.253510422,1.298820384,0.713923025,0.210378349,1.920452111,1.005815949,0.713923025,0.159980909,0.982453527,0.117717739,0.319961819,0.143928794,0.865698787,0.01681682,0.437560597,0.095870624,0.863572764,0.437237316
NIL 6,0.391784137,0.483642466,0.440980349,0.377205166,0.265293466,0.341986867,0.250811831,0.223993327,0.205966369,0.141421356,0.246357548,1.290395717,0.67909975,0.200345722,1.895560284,0.978559071,0.67909975,0.147411342,0.99778301,0.167207887,0.308697453,0.15180574,0.830641558,0.008318903,0.469483999,0.093008166,0.829599478,0.468524888
NIL 6,0.390663768,0.473475927,0.433017668,0.369947209,0.27723557,0.333459459,0.248991636,0.22087445,0.199772802,0.13730857,0.239411421,1.26129385,0.704303548,0.200632043,1.888974336,0.99430706,0.704303548,0.152954346,0.966549882,0.141260703,0.304217018,0.151371627,0.825395114,0.018548439,0.442449286,0.092742195,0.841126204,0.425079072
NIL 6,0.384871351,0.457209663,0.416441921,0.35424706,0.267643507,0.328910138,0.24491364,0.197177339,0.191177487,0.13181682,0.247751354,1.264790007,0.663363095,0.197346083,1.864189203,0.912962084,0.663363095,0.116822772,1.030685579,0.195822152,0.253068513,0.136774059,0.835477569,0.008159256,0.441656257,0.084004685,0.834799988,0.440070683
NIL 6,0.386625583,0.459659146,0.425110391,0.361015996,0.250896947,0.337649804,0.246439203,0.209450871,0.197055926,0.13216372,0.244523489,1.278645572,0.652531825,0.197396559,1.861477664,0.927394449,0.652531825,0.13517925,1.00211399,0.172320408,0.28628955,0.141492595,0.831121238,0.008196446,0.456800222,0.088278425,0.822957463,0.46489097
NIL 6,0.383054698,0.474033228,0.437174813,0.353723678,0.247492587,0.341044103,0.25770975,0.214093907,0.206067629,0.131170809,0.26194781,1.285875409,0.674478208,0.208061879,1.89222701,0.976319761,0.674478208,0.150246414,0.971904,0.175003687,0.319152353,0.150246414,0.799173696,0.00829597,0.493941268,0.094588616,0.807441304,0.485721804
NIL 6,0.380768564,0.470337403,0.423871183,0.356128642,0.251347947,0.339710059,0.247942914,0.217712756,0.204172724,0.13297015,0.254039115,1.278227692,0.674850595,0.199455225,1.880933884,0.99642339,0.674850595,0.149349718,0.941866884,0.148665147,0.341706022,0.141156635,0.794404094,0.016492917,0.489953471,0.081218199,0.810841198,0.473579409
NIL 6,0.405997038,0.473931187,0.446302398,0.393944305,0.294330565,0.348133555,0.246385092,0.155368622,0.209235418,0.147831055,0.270562059,1.319023458,0.651599726,0.204400944,1.886737177,0.515991937,0.651599726,0.059757162,1.420662909,0.559615535,0.137571319,0.141663551,0.883800147,0.037793748,0.442364477,0.105889961,0.852205018,0.478057298
NIL 6,0.376650963,0.485977156,0.483406014,0.395324647,0.284907199,0.346371267,0.260837834,0.243749757,0.198682084,0.107012463,0.239287142,1.312298999,0.828101913,0.205351115,1.911920381,1.021196704,0.828101913,0.172552412,0.972231498,0.08568862,0.348697234,0.147734662,0.886901806,0.018352486,0.433367445,0.09176243,0.901478894,0.422107178
NIL 6,0.370815718,0.501904246,0.499225939,0.416652343,0.282404838,0.349925101,0.259703403,0.240459055,0.200720599,0.119584476,0.260364395,1.330319155,0.797771044,0.199690376,1.910618768,1.006885883,0.797771044,0.183169453,0.9758162,0.060364426,0.363418323,0.149480595,0.915584484,0.018540786,0.422794969,0.09270393,0.930148933,0.411672256
NIL 6,0.372605186,0.495788936,0.478151825,0.38373815,0.274306744,0.354350339,0.26276761,0.243749757,0.210214088,0.118369978,0.255620551,1.319772172,0.769973732,0.198512488,1.908658543,0.999326145,0.769973732,0.172552412,0.98027017,0.093579684,0.342950957,0.147962472,0.886901806,0.032829925,0.436156396,0.08568862,0.919127971,0.405419667
NIL 6,0.372858187,0.497661584,0.482088411,0.399577462,0.288861874,0.349081916,0.26423121,0.233727258,0.204339543,0.118167789,0.255849089,1.324323028,0.712122211,0.19961819,1.912267568,0.968300795,0.712122211,0.165270129,1.004044678,0.090785161,0.320496176,0.148786614,0.91461653,0.018454708,0.40976102,0.102086402,0.929428649,0.394948003
NIL 6,0.385822576,0.487769887,0.477268514,0.388509456,0.278297798,0.338373528,0.268353168,0.225995189,0.20480798,0.116434733,0.238845096,1.290361793,0.743337296,0.206277327,1.907667327,0.976674264,0.743337296,0.164051064,0.985975482,0.106814774,0.306090306,0.147689135,0.879482764,0.008192319,0.411414323,0.099663865,0.887572665,0.403424935
NIL 6,0.367287647,0.493754893,0.453681753,0.372644306,0.273534174,0.342806311,0.256884892,0.2201516,0.194672097,0.123121445,0.250304036,1.291443225,0.732299887,0.209136955,1.916862542,0.952563798,0.732299887,0.152169486,1.030917641,0.116743711,0.260647005,0.143950636,0.915906458,0.026369716,0.376727184,0.097603578,0.919921451,0.371523006
NIL 6,0.37788798,0.483383243,0.461758498,0.389144433,0.27301329,0.345337531,0.262944797,0.215581882,0.186201943,0.125366243,0.238743196,1.299863788,0.672163957,0.205981384,1.894146482,0.940237852,0.672163957,0.148062245,1.004710659,0.123195234,0.29612449,0.139862616,0.883042418,0.025971836,0.419185752,0.099915647,0.857385335,0.444186734
NIL 6,0.38705322,0.483246994,0.436443177,0.372597146,0.273687957,0.337565772,0.261658734,0.203347794,0.181319878,0.12887171,0.247136529,1.292918305,0.677537009,0.206490403,1.899451913,0.911260599,0.677537009,0.130180086,1.038638041,0.16466623,0.255365418,0.134028601,0.87575502,0.024699935,0.419979599,0.103163098,0.85138174,0.44467505
NIL 6,0.38118125,0.454794027,0.424511941,0.379105838,0.269535847,0.317161971,0.238613131,0.162976909,0.189292603,0.137842872,0.254609058,1.259963578,0.623714984,0.186493298,1.825831883,0.594794425,0.623714984,0.064867234,1.292317867,0.423581672,0.032433617,0.124034735,0.877245405,0.061751767,0.391309271,0.101598014,0.82534634,0.450655159
NIL 6,0.39223227,0.463720333,0.448146587,0.409170887,0.289146999,0.334156079,0.253757012,0.172005229,0.195493966,0.145712599,0.243252128,1.291812014,0.668572517,0.208753782,1.878765508,0.564034001,0.668572517,0.076923077,1.379200069,0.455465322,0.104543494,0.131921989,0.938224137,0.060741445,0.359157462,0.108785659,0.883621318,0.418506785
NIL 6,0.383930766,0.496189622,0.475632143,0.392908441,0.277501174,0.349562541,0.262569936,0.234044029,0.211028994,0.141857328,0.274870772,1.329046262,0.679789716,0.214613245,1.919275351,0.951340653,0.679789716,0.138750587,1.045322378,0.153657433,0.290920855,0.145896778,0.892719879,0.017046762,0.443543503,0.091799621,0.875961409,0.460578136
NIL 6,0.384019659,0.502666301,0.498117845,0.411538773,0.284091697,0.350165114,0.278440122,0.238158882,0.204713249,0.140704257,0.246653908,1.317786285,0.775808361,0.229664243,1.965673633,1.01680248,0.775808361,0.162397144,1.038597598,0.110829766,0.28102311,0.155115098,0.928553166,0.012021176,0.391842395,0.099492934,0.918538988,0.400956227
NIL 6,0.385248348,0.48507125,0.495647607,0.417173957,0.297102846,0.352900566,0.271644,0.238629338,0.207247723,0.127084088,0.267512292,1.335999191,0.741021205,0.21709085,1.931222568,0.987107987,0.741021205,0.16707804,1.023258923,0.085087126,0.312741379,0.151106834,0.938224137,0.016686958,0.397783626,0.089862021,0.93569803,0.40092132
NIL 6,0.373561486,0.5,0.483647376,0.402753605,0.282584785,0.349230127,0.275280292,0.240341003,0.203627385,0.121942152,0.262110176,1.321956635,0.776495577,0.220483779,1.948672953,1.014373397,0.776495577,0.169314587,0.999642487,0.08455167,0.324065715,0.143986305,0.91605013,0.018906328,0.406288149,0.102861546,0.905176863,0.418338558
NIL 6,0.374108725,0.491935934,0.494934083,0.423782108,0.288903474,0.351931885,0.26362285,0.241129707,0.205377376,0.13115727,0.249405817,1.32589556,0.755265468,0.208040403,1.904501109,0.992228801,0.755265468,0.174394787,0.970244713,0.078694362,0.362146099,0.157825309,0.893141524,0.018548439,0.44081332,0.100914418,0.883186215,0.454417827
NIL 6,0.378983916,0.491267229,0.497779001,0.412579213,0.295159471,0.339463484,0.270937635,0.243047366,0.20006924,0.130256512,0.217005559,1.27811864,0.837197872,0.208709264,1.928141212,1.021683202,0.837197872,0.183079233,0.987771492,0.097403976,0.295159471,0.158332726,0.892101382,0.008321783,0.392537734,0.100207541,0.890897335,0.395613063
NIL 6,0.375769969,0.498353001,0.493864798,0.404906195,0.281911029,0.347444967,0.269485874,0.235282027,0.198997212,0.126345865,0.248866986,1.310962067,0.823487094,0.20841439,1.924104643,1.008493663,0.823487094,0.174607574,0.978600855,0.076311947,0.34813444,0.148989471,0.902517717,0.016554386,0.422055677,0.092541829,0.900389672,0.429457904
NIL 6,0.368107265,0.479494035,0.473630765,0.386235902,0.277350098,0.33871397,0.256025352,0.230484154,0.189292603,0.116094681,0.253444386,1.307893398,0.799449186,0.203357744,1.893846223,0.978701524,0.799449186,0.170276489,0.983893966,0.076923077,0.337255037,0.138081149,0.90821367,0.008108404,0.413449115,0.092450033,0.907163398,0.417011691
NIL 6,0.372856437,0.484846249,0.481285519,0.397632115,0.286044136,0.331077244,0.259328488,0.23489799,0.197795609,0.125096927,0.230550335,1.293517369,0.806800773,0.205489585,1.911093028,0.979244986,0.806800773,0.172473328,1.004710659,0.0857464,0.297714736,0.148062245,0.919931077,0.011614958,0.382853403,0.103887343,0.910719375,0.393625429
NIL 6,0.372370459,0.487417521,0.467426965,0.388146686,0.287561107,0.331910066,0.260703778,0.233822839,0.204423106,0.126031094,0.231331394,1.281365631,0.781282849,0.206579353,1.914047086,0.982844181,0.781282849,0.165337715,0.989308171,0.090822286,0.297694919,0.148618287,0.899170583,0,0.384529375,0.100445527,0.899170583,0.384529375
NIL 6,0.384945341,0.475002029,0.452223212,0.377025619,0.268601891,0.327641267,0.250519107,0.211319729,0.186725918,0.121730405,0.229423425,1.297039676,0.708575038,0.196693875,1.888148991,0.910836524,0.708575038,0.141354963,1.039033035,0.109247858,0.258553553,0.137263823,0.936963158,0.02456542,0.361129306,0.095493186,0.912711772,0.385641445
NIL 7,0.406398271,0.364725154,0.41638944,0.345900652,0.288534873,0.366768448,0.242671527,0.268546423,0.251295128,0.155846623,0.283175435,1.107245266,0.626316713,0.21886924,1.733193826,0.220400407,0.626316713,0.225429201,1.851888111,1.066400242,0.755271933,0.225429201,0.786298101,0.13668653,0.324842664,0.172896304,0.806936893,0.366972151
NIL 7,0.391561378,0.390408594,0.42548756,0.329467264,0.279508497,0.372285851,0.252689856,0.277350098,0.234655281,0.143467532,0.28614858,1.093166053,0.676984707,0.23126949,1.769147482,0.202337601,0.676984707,0.226842085,1.869864763,1.091515575,0.783122755,0.234174594,0.778504792,0.139754249,0.31868872,0.164904547,0.832772247,0.331172887
NIL 7,0.381701279,0.400984757,0.42753183,0.339756097,0.279904637,0.375995708,0.254947257,0.287391469,0.236585495,0.136314789,0.277864984,1.096241035,0.683185561,0.234492489,1.778926913,0.20330974,0.683185561,0.237704864,1.892844238,1.093851538,0.803528434,0.226597058,0.799317115,0.132648983,0.300801609,0.175045365,0.836773332,0.326436036
NIL 7,0.37713651,0.391276644,0.417763716,0.338883347,0.289924887,0.381611589,0.25562413,0.269280308,0.235177023,0.140334081,0.28453963,1.095596641,0.676540974,0.231783703,1.772080734,0.172421338,0.676540974,0.218719513,1.853781255,1.05821639,0.766183331,0.235177023,0.795605906,0.128254068,0.306989923,0.165954615,0.843302874,0.326060656
NIL 7,0.384828921,0.38760889,0.421997858,0.344631434,0.293076975,0.369616109,0.261711961,0.275495582,0.215813212,0.112195946,0.291175915,1.106173983,0.663983246,0.229611007,1.768308784,0.207236716,0.663983246,0.234871782,1.868799138,1.055336749,0.768213379,0.223896364,0.813528704,0.129075544,0.297216508,0.165521178,0.878767607,0.292318035
NIL 7,0.395379716,0.381750145,0.416836904,0.355777352,0.295829383,0.372285851,0.253728211,0.28614858,0.217372034,0.124095284,0.28125,1.101551845,0.657793514,0.23126949,1.758414694,0.208373394,0.657793514,0.226842085,1.868277211,1.047332348,0.773762194,0.234174594,0.821007604,0.124095284,0.286935064,0.174208374,0.859145511,0.313100385
NIL 7,0.39422358,0.397560359,0.432299905,0.361419396,0.30966005,0.380584024,0.249328884,0.282083431,0.239472573,0.134267713,0.281255801,1.118164298,0.65522995,0.224742019,1.771485668,0.23138607,0.65522995,0.238659973,1.908832039,1.092788901,0.796487744,0.238659973,0.816052333,0.146712624,0.307898459,0.177181462,0.881907314,0.319418424
NIL 7,0.383523601,0.385117472,0.42885938,0.341714442,0.289954319,0.377790789,0.247498975,0.288896088,0.254364656,0.149527075,0.276712266,1.088784534,0.666928228,0.223092561,1.753687867,0.236423064,0.666928228,0.236908367,1.900370722,1.135026361,0.816793492,0.245167693,0.765448352,0.138356133,0.326708022,0.175881068,0.831703357,0.321748668
NIL 7,0.382960433,0.381297719,0.415087704,0.329562062,0.285441854,0.369651523,0.244539713,0.27680016,0.225454475,0.131688665,0.292554746,1.09668632,0.653715075,0.220425118,1.748181038,0.244539713,0.653715075,0.234872724,1.877648625,1.070297832,0.788474686,0.216317458,0.807351482,0.127653478,0.297746557,0.16517748,0.856325561,0.318840777
NIL 7,0.394687399,0.372170644,0.415357739,0.338181713,0.285834394,0.371366384,0.253101556,0.285310887,0.234872724,0.131688665,0.275717848,1.077814159,0.669978568,0.220425118,1.745763511,0.228255259,0.669978568,0.242698735,1.890740354,1.09886526,0.817289622,0.2249566,0.791880232,0.131972172,0.290632131,0.16517748,0.847992361,0.300122066
NIL 7,0.396323725,0.395643507,0.430215555,0.351342551,0.298784156,0.383694924,0.258159145,0.289628849,0.228256368,0.125604587,0.293194052,1.100079055,0.68807651,0.242638262,1.785844671,0.194783439,0.68807651,0.246258754,1.913152069,1.101092969,0.815097271,0.228256368,0.812117707,0.130414147,0.291614898,0.158878632,0.88759515,0.273221226
NIL 7,0.408185449,0.378850607,0.421906664,0.351013835,0.290689764,0.385396018,0.255763185,0.289495961,0.237509265,0.125604587,0.280860394,1.095768232,0.677708568,0.232267036,1.770458592,0.223658417,0.677708568,0.237509265,1.89593832,1.089111034,0.804118229,0.228761547,0.806936604,0.131589073,0.291614898,0.167600381,0.870656174,0.285615322
NIL 7,0.407137153,0.394627421,0.429556511,0.358753083,0.309361875,0.381206142,0.254354918,0.288885028,0.229011384,0.129193312,0.283939603,1.110570354,0.669823829,0.231670531,1.779452089,0.223084021,0.669823829,0.245626316,1.903116211,1.084727027,0.800141631,0.228174045,0.819195854,0.126195379,0.294137913,0.166481535,0.870665459,0.29724509
NIL 7,0.387903394,0.391370326,0.425279954,0.346518465,0.297708572,0.376116225,0.261185061,0.286008961,0.225403536,0.128784183,0.2751769,1.101321056,0.671309661,0.231156648,1.77260792,0.226731404,0.671309661,0.243951215,1.88243585,1.080962673,0.797745416,0.216747231,0.802622344,0.120661093,0.306281946,0.174123374,0.826666263,0.343909757
NIL 7,0.390654256,0.396072206,0.437613478,0.349084879,0.299819807,0.378783496,0.263037285,0.287905069,0.227002012,0.121516775,0.281353318,1.10648595,0.679047267,0.230990639,1.785008016,0.234425024,0.679047267,0.245681223,1.90113778,1.093337746,0.805673292,0.219674679,0.808314232,0.137944813,0.304355154,0.157039128,0.867276934,0.317572809
NIL 7,0.402553125,0.396072206,0.429715253,0.358125564,0.301212853,0.378783496,0.254357668,0.296757737,0.227504414,0.124914341,0.273812636,1.109131201,0.67607033,0.239563718,1.785008016,0.21011128,0.67607033,0.23620406,1.89833315,1.08477612,0.798699277,0.227504414,0.81492584,0.140676659,0.296757737,0.165763524,0.860359931,0.316131473
NIL 7,0.384233573,0.391659529,0.427031126,0.338358805,0.290140281,0.374469594,0.25145491,0.278964176,0.224908109,0.125950442,0.290784323,1.099712896,0.663428733,0.229029157,1.761947713,0.18000133,0.663428733,0.2250744,1.871688435,1.065955721,0.775301546,0.219008404,0.805733718,0.127720325,0.297902475,0.164355926,0.844458316,0.31900774
NIL 7,0.386247519,0.40235601,0.429269393,0.339576073,0.291661041,0.386149623,0.262170668,0.270824548,0.217391304,0.12111642,0.283910047,1.105476999,0.684972368,0.238774439,1.790143144,0.141554962,0.684972368,0.217565148,1.862453613,1.037992828,0.760658356,0.211574349,0.824621125,0.120803861,0.288008612,0.156521739,0.866167274,0.309643371
NIL 7,0.384838779,0.393327472,0.428843002,0.347530806,0.299125483,0.383666678,0.251850977,0.277786952,0.208114908,0.120674678,0.291242337,1.112363137,0.655374006,0.227912598,1.765445915,0.184197827,0.655374006,0.216771634,1.86018581,1.025862825,0.751018925,0.219353364,0.834351077,0.116238912,0.282874558,0.173495203,0.865093133,0.307295079
NIL 7,0.385735642,0.39085751,0.424812344,0.353553391,0.297925453,0.369944811,0.257475162,0.275844447,0.206158854,0.103702807,0.284261078,1.096950291,0.667893195,0.216101964,1.762738802,0.206337424,0.667893195,0.214562635,1.852111824,1.002097094,0.760799288,0.200360606,0.850014732,0.123778653,0.254742871,0.154723316,0.894600117,0.281134372
NIL 7,0.396405732,0.395648871,0.419905608,0.34036544,0.293937749,0.382455242,0.25969403,0.288923792,0.216584752,0.11774069,0.282630686,1.109413382,0.67431605,0.225234568,1.778962024,0.215022196,0.67431605,0.233884877,1.883413433,1.059666206,0.776818501,0.212215913,0.824002968,0.136870772,0.286580072,0.165381582,0.871040256,0.296096751
NIL 7,0.408682564,0.400129217,0.432891983,0.369919592,0.29823871,0.393905989,0.270432335,0.301029605,0.192018004,0.102054313,0.288653188,1.14309876,0.656484248,0.226863911,1.794629022,0.225013304,0.656484248,0.236060362,1.916315995,1.039474786,0.776194778,0.22229401,0.876864637,0.125748481,0.269305528,0.157185602,0.916541682,0.287861995
NIL 7,0.42247809,0.407418322,0.441995588,0.341500224,0.299063789,0.416894433,0.274124987,0.300106735,0.232495277,0.126542969,0.281990825,1.117702075,0.701060415,0.247468041,1.810266854,0.194037025,0.701060415,0.249980471,1.923489675,1.119343214,0.80587206,0.227227986,0.804271132,0.156362735,0.313473916,0.171605722,0.881070346,0.28295868
NIL 7,0.412581051,0.426029358,0.443570247,0.363105827,0.316804532,0.405739752,0.270826247,0.293264483,0.219163077,0.102701837,0.30212231,1.139125318,0.70201102,0.243203769,1.83287535,0.204215215,0.70201102,0.234888088,1.918776656,1.08229341,0.780492381,0.222834406,0.837459696,0.154971698,0.307446461,0.154184368,0.936265076,0.286122571
NIL 7,0.409945253,0.414608287,0.423307645,0.370858526,0.297511843,0.413253671,0.278026874,0.293172332,0.216471663,0.110705408,0.296432921,1.125175767,0.709933185,0.241815731,1.82520798,0.184509013,0.709933185,0.243137138,1.909729889,1.067116481,0.784594132,0.230103831,0.843487215,0.133051341,0.284294661,0.153199353,0.903950176,0.283023906
NIL 7,0.408280741,0.406622445,0.421689388,0.369440775,0.304966833,0.413600269,0.268807648,0.292051567,0.205256829,0.096025964,0.295299691,1.139059384,0.709967643,0.231810459,1.830778197,0.214720582,0.709967643,0.242207652,1.925830608,1.044708067,0.786865549,0.220564387,0.883023063,0.133736803,0.259171972,0.152613689,0.93815094,0.269545929
NIL 7,0.407426419,0.39499107,0.420873973,0.373138946,0.298640691,0.398209172,0.265165043,0.298640691,0.202475399,0.106270018,0.291298093,1.118172351,0.702937613,0.228669202,1.810995022,0.19528001,0.702937613,0.23135952,1.916354993,1.046933878,0.798213119,0.232859166,0.871057241,0.122183619,0.252003114,0.167335703,0.908056624,0.27812135
NIL 7,0.417747282,0.410875492,0.43032458,0.362222845,0.302103195,0.410973076,0.263537932,0.304087691,0.188063053,0.089553835,0.285731471,1.133130302,0.749903087,0.225490794,1.846329915,0.26596132,0.749903087,0.237106356,1.948408276,1.05266714,0.81656206,0.219543925,0.899336332,0.134330752,0.236428908,0.161196903,0.957514359,0.245906416
NIL 7,0.405993531,0.405498114,0.429101393,0.353823349,0.304478644,0.407081324,0.265547355,0.302491596,0.215392258,0.102238356,0.292766098,1.151260186,0.736487451,0.2270237,1.848877626,0.311268882,0.736487451,0.246222568,1.948046772,1.104094145,0.796843899,0.230538208,0.846220473,0.152700754,0.308805145,0.161653035,0.92093132,0.30854466
NIL 7,0.422967687,0.399907523,0.43087783,0.355297383,0.295771709,0.409837226,0.258800245,0.306715069,0.197271735,0.092319855,0.286098823,1.139960319,0.748185336,0.219826183,1.837754555,0.329708792,0.748185336,0.246222568,1.95675692,1.070671537,0.817611879,0.21105569,0.888085031,0.15427233,0.25314616,0.152700754,0.949856423,0.266152247
NIL 7,0.416616389,0.416909815,0.427052739,0.348881888,0.295766091,0.421576862,0.269366463,0.300143995,0.198847158,0.092961142,0.278883427,1.147878895,0.767108789,0.237520756,1.873898394,0.256657642,0.767108789,0.239060338,1.942429186,1.071775972,0.79672,0.221353175,0.874386883,0.167952537,0.275056877,0.15455474,0.945265477,0.288086169
NIL 7,0.429626401,0.422559204,0.431399689,0.364931492,0.315031838,0.419436183,0.272747836,0.311647939,0.193630002,0.090708374,0.281170318,1.153352977,0.764211359,0.242278325,1.882388882,0.202830091,0.764211359,0.247987916,1.971938175,1.08740895,0.82377102,0.225786906,0.891900958,0.15684133,0.263735409,0.15684133,0.966483886,0.268516501
NIL 7,0.419516446,0.408433862,0.419811914,0.349777619,0.299899407,0.426163439,0.267559334,0.304820601,0.218398206,0.097924228,0.282439098,1.130378174,0.766378303,0.237961362,1.854151331,0.194578073,0.766378303,0.244810569,1.946672699,1.110159596,0.825775154,0.222894009,0.843013682,0.160854542,0.287515432,0.163909015,0.92587112,0.2655435
NIL 7,0.426615364,0.419597698,0.419597698,0.35183408,0.310542969,0.417999986,0.278149263,0.321135698,0.210545024,0.094158597,0.284099653,1.139705843,0.778710535,0.240580318,1.881394527,0.181532821,0.778710535,0.235129855,1.958117845,1.112484282,0.826339561,0.235129855,0.854259397,0.16180026,0.287028593,0.165631894,0.949458827,0.263796306
NIL 7,0.438128883,0.427594192,0.436540015,0.369279819,0.30741156,0.427695746,0.275997752,0.32725575,0.214557491,0.104198329,0.28175968,1.147090625,0.798733037,0.246754315,1.9005958,0.214557491,0.798733037,0.26244744,2.012770831,1.142044108,0.875514019,0.228477261,0.879522781,0.152855788,0.268338516,0.168014757,0.947918491,0.266552279
NIL 7,0.421385863,0.435934603,0.438608769,0.348851981,0.304861718,0.434541519,0.26650782,0.318071277,0.224138793,0.108933966,0.302007144,1.151833983,0.797625319,0.246412106,1.902108424,0.206645756,0.797625319,0.259592912,2.006593721,1.165402809,0.866087912,0.228160399,0.853241342,0.164655105,0.300713746,0.15849006,0.953850667,0.27372287
NIL 7,0.421454499,0.419072259,0.434227259,0.341031308,0.299200782,0.428132199,0.268795386,0.30907623,0.229080534,0.110367014,0.288843676,1.139231095,0.788918748,0.241836513,1.879038562,0.214017376,0.788918748,0.254772566,1.974579819,1.15613267,0.845725207,0.223923719,0.82853337,0.162626942,0.312165055,0.15554708,0.937074059,0.26677024
NIL 7,0.418479918,0.421613176,0.41808661,0.347614344,0.297089055,0.423462579,0.268587989,0.310227092,0.217858595,0.085562171,0.29206275,1.131190525,0.80228554,0.238583189,1.88203999,0.264887404,0.80228554,0.240129657,1.950485204,1.105148837,0.824184098,0.224368819,0.851284539,0.14875204,0.281302977,0.154182724,0.95057595,0.239443571
NIL 7,0.417861678,0.412428899,0.426313996,0.357346078,0.305503257,0.424482452,0.270171613,0.307510087,0.217348153,0.109426155,0.284225362,1.151950909,0.768868559,0.229283988,1.871190326,0.30267134,0.768868559,0.239774902,1.955986632,1.103404661,0.80559228,0.229283988,0.854645595,0.161240577,0.297891659,0.153954942,0.929085678,0.289939006
NIL 7,0.418479918,0.424626473,0.44468658,0.3489134,0.304202692,0.41621332,0.27284191,0.299158426,0.217858595,0.109588055,0.284645883,1.153655259,0.788844238,0.22234329,1.882739162,0.350090177,0.788844238,0.247551139,1.964666918,1.125211906,0.812068629,0.231229622,0.842494406,0.173273929,0.313261493,0.154449245,0.937725323,0.299433261
NIL 7,0.416089831,0.410283642,0.429704714,0.34274336,0.301668027,0.412228125,0.263006333,0.303649665,0.223740868,0.096313496,0.277793327,1.130189837,0.80977633,0.227989492,1.868465556,0.352406475,0.80977633,0.235240015,1.94564277,1.120989453,0.818664715,0.227989492,0.828520019,0.16489125,0.302594406,0.161212916,0.934307673,0.26117564
NIL 7,0.407732542,0.414075869,0.430282408,0.348725556,0.30645628,0.416038325,0.256859943,0.30645628,0.225808891,0.109051163,0.272851892,1.129585403,0.804200101,0.221253988,1.865061835,0.366491748,0.804200101,0.247821822,1.964082468,1.135949112,0.836616216,0.238953217,0.829625756,0.172425028,0.300009503,0.162702997,0.924140683,0.269245762
NIL 7,0.40837661,0.403731417,0.431398886,0.349810206,0.299060669,0.394973925,0.258158302,0.288629756,0.204092058,0.099115865,0.281600715,1.149744036,0.740124122,0.215699443,1.843661666,0.368945412,0.740124122,0.240833197,1.930129741,1.068283283,0.780640481,0.224448747,0.862296634,0.172130902,0.289852481,0.150968788,0.934258385,0.307355086
NIL 7,0.399081478,0.414316059,0.433705802,0.334073899,0.300659904,0.400273955,0.257233119,0.291947153,0.214087983,0.09964589,0.287007841,1.117811941,0.794472124,0.218495058,1.857416493,0.353483173,0.794472124,0.233265048,1.931897137,1.096394629,0.814564772,0.22722759,0.836550836,0.163856145,0.281841138,0.160426788,0.931185376,0.254906573
NIL 7,0.409049627,0.402073375,0.430030376,0.357367334,0.3060739,0.393678435,0.268309411,0.3060739,0.186169042,0.091272743,0.285893867,1.14391904,0.715503969,0.230665426,1.841657059,0.276957467,0.715503969,0.24001598,1.936187265,1.042932533,0.793422346,0.215699443,0.894462338,0.127855624,0.258462555,0.15981953,0.945712873,0.282853827
NIL 7,0.406865122,0.401575313,0.410290613,0.353704555,0.287088346,0.403024874,0.264682377,0.285594852,0.194792639,0.094971134,0.288843429,1.110698936,0.710096907,0.238734189,1.811268497,0.156003664,0.710096907,0.221150514,1.875032073,1.012517873,0.764360483,0.214547513,0.866530287,0.110487325,0.252658672,0.158721272,0.903732681,0.276886058
NIL 7,0.401631289,0.39942266,0.416764091,0.343063125,0.295868994,0.39942266,0.263117406,0.285549403,0.210493925,0.098058068,0.296777565,1.104745011,0.702796611,0.229548051,1.796513718,0.167561699,0.702796611,0.219439846,1.875879281,1.037304198,0.771212831,0.215013416,0.840238062,0.124034735,0.267178995,0.157870443,0.910536613,0.249306731
NIL 7,0.399036125,0.414163221,0.424008263,0.35007858,0.299245179,0.401136832,0.262813441,0.2905658,0.183769948,0.058636713,0.295778158,1.130065342,0.680286956,0.22009389,1.799827654,0.167909992,0.680286956,0.218700876,1.893601696,1.014752129,0.763629219,0.211417674,0.879898096,0.189097716,0.251675316,0.123617044,1.018509926,0.207772268
NIL 7,0.391399751,0.413147321,0.422835347,0.34134872,0.298350191,0.402942266,0.262813441,0.289643994,0.183769948,0.055969997,0.30077325,1.121650134,0.696217514,0.229940994,1.802309372,0.179351249,0.696217514,0.227435205,1.893177979,1.015805713,0.772037678,0.210512241,0.877942137,0.181889364,0.243810921,0.132276014,1.009013474,0.187678196
NIL 7,0.411541472,0.401627819,0.419878253,0.338961501,0.298291173,0.393670252,0.260975458,0.286962755,0.173598292,0.055578572,0.29689876,1.111876395,0.68796195,0.219757885,1.78149829,0.178096958,0.68796195,0.216997865,1.871523246,0.983630045,0.760719126,0.201329118,0.88874866,0.160049717,0.223159913,0.131350943,0.99330995,0.183102999
NIL 7,0.407640421,0.41825981,0.436849976,0.354410625,0.312866856,0.397427121,0.274895866,0.293228191,0.186044008,0.081585694,0.299438263,1.131073184,0.692560308,0.224044128,1.813375865,0.194078349,0.692560308,0.230249601,1.91235115,1.03460107,0.781340735,0.21403386,0.878259117,0.156558525,0.25478967,0.141863645,0.976665896,0.230759191
NIL 7,0.403185444,0.409710525,0.42723214,0.362540008,0.312256145,0.39665135,0.26627962,0.293587206,0.186309926,0.088319375,0.291587724,1.113945077,0.699509523,0.232332002,1.807010961,0.169655979,0.699509523,0.229630375,1.904301724,1.017859244,0.790446072,0.21361607,0.887071291,0.132479063,0.229630375,0.159953191,0.949135414,0.235168476
NIL 7,0.401882883,0.429301842,0.431508118,0.347955514,0.314508954,0.41209075,0.267017916,0.286876304,0.204793393,0.103740291,0.291799231,1.128907535,0.712819123,0.225220035,1.822893461,0.15738023,0.712819123,0.213495757,1.892183729,1.036181716,0.765233312,0.215157228,0.856804592,0.138954597,0.272154758,0.160368729,0.928605994,0.239357638
NIL 7,0.404750605,0.390182936,0.415294712,0.343684964,0.294707425,0.403221797,0.254959303,0.273653297,0.20208899,0.11114113,0.280342348,1.138213509,0.644534714,0.22245585,1.77312777,0.186389342,0.644534714,0.219661946,1.860452391,1.004160264,0.722470777,0.213784232,0.856805491,0.145442087,0.283899787,0.150400274,0.898328736,0.311641394
NIL 7,0.408739623,0.405683767,0.433429662,0.377281116,0.318176605,0.399200389,0.260458812,0.287281234,0.206275969,0.116480722,0.276603168,1.173254179,0.627267883,0.23570226,1.799276419,0.196509359,0.627267883,0.233133688,1.899362703,1.025720919,0.732426309,0.226850486,0.873731763,0.1364755,0.308959553,0.161529698,0.907799997,0.351275317
NIL 7,0.399043442,0.405083148,0.422778947,0.375715877,0.308065673,0.388734678,0.260144497,0.276753242,0.205420185,0.107815601,0.280042081,1.179576735,0.615226125,0.225909344,1.794586694,0.189703087,0.615226125,0.223250452,1.876650017,1.001988469,0.70766954,0.217103104,0.874988626,0.129919132,0.321719108,0.160611887,0.893892939,0.381916054
NIL 7,0.397785423,0.388222586,0.406456989,0.378929752,0.28659851,0.390907903,0.257698213,0.273028845,0.21145059,0.117444044,0.290359101,1.199799802,0.563654429,0.245533522,1.762342318,0.155737488,0.563654429,0.229549025,1.844812197,0.979961966,0.661148543,0.212911406,0.865051794,0.123239246,0.354087222,0.167253262,0.847312683,0.436427326
NIL 7,0.411570401,0.395369774,0.412247725,0.366492102,0.290681639,0.405325254,0.260299977,0.285702898,0.214463097,0.127832593,0.296787637,1.239479442,0.545498627,0.245160411,1.784437396,0.202416647,0.545498627,0.241722265,1.871094977,1.019928959,0.644379693,0.226044363,0.851229388,0.121436861,0.399780729,0.16070788,0.868977308,0.441924124
NIL 7,0.416842486,0.401876131,0.417658226,0.388417221,0.300328842,0.409635479,0.268146704,0.304549126,0.221580743,0.125467133,0.303429456,1.260220301,0.557301922,0.251780589,1.815006278,0.234818123,0.557301922,0.258451429,1.92635867,1.062743986,0.676479293,0.232267656,0.863614785,0.123070541,0.40430377,0.175266014,0.871070873,0.450493263
NIL 7,0.42080428,0.400497478,0.425929489,0.388417221,0.300328842,0.409635479,0.268146704,0.304549126,0.221388649,0.123070541,0.309262501,1.242677668,0.56360275,0.255137812,1.805770382,0.215348752,0.56360275,0.249232996,1.915239304,1.071713794,0.68485513,0.24265942,0.843527392,0.123070541,0.408595529,0.18472101,0.851858977,0.45677712
NIL 7,0.430434632,0.409748503,0.418022907,0.370116605,0.289218361,0.420066042,0.269766515,0.305346199,0.232061931,0.130855981,0.292602868,1.234839571,0.572261196,0.254076356,1.805646585,0.229091416,0.572261196,0.259741705,1.910004303,1.088427608,0.686962742,0.2342651,0.822052643,0.117041147,0.426939571,0.175805387,0.843843539,0.464584805
NIL 7,0.419336259,0.411130122,0.427804277,0.378895359,0.299000007,0.421894511,0.266661436,0.303169531,0.246387093,0.144854352,0.302577403,1.237165096,0.585651607,0.26002152,1.820692476,0.227660423,0.585651607,0.256374961,1.931994828,1.120797587,0.703865633,0.239746698,0.811557919,0.119779808,0.436210695,0.17991908,0.834653426,0.469477257
NIL 7,0.41149614,0.391274312,0.409813982,0.36252194,0.281238457,0.412648646,0.270917109,0.306789307,0.251581647,0.15126899,0.291638654,1.202456973,0.586893078,0.244444357,1.786651906,0.230817935,0.586893078,0.260352527,1.916056343,1.113380714,0.720384243,0.224752692,0.80372374,0.114940395,0.411601047,0.167262843,0.818573781,0.453806969
NIL 7,0.436518935,0.408943244,0.417622052,0.369428967,0.286596813,0.434563057,0.265819434,0.312634476,0.255849781,0.144854352,0.300943042,1.244968352,0.580190687,0.26002152,1.817661046,0.234451954,0.580190687,0.265819434,1.939175526,1.139207671,0.697723805,0.239746698,0.800432541,0.123102528,0.450171337,0.17991908,0.834169834,0.465930365
NIL 7,0.418548843,0.398765291,0.417587274,0.36861411,0.286058651,0.42647761,0.266160708,0.302600249,0.264814754,0.155880504,0.300229202,1.196631864,0.621369211,0.25953326,1.808329446,0.207290733,0.621369211,0.255893548,1.917076716,1.134905914,0.721117688,0.246468717,0.782262721,0.131646165,0.41554999,0.179581233,0.813720119,0.427419178
NIL 7,0.419156598,0.39416085,0.412837293,0.355838588,0.28331323,0.420409061,0.272915739,0.290188911,0.271628393,0.16348166,0.293790152,1.17605506,0.627950449,0.258910603,1.793882974,0.211813726,0.627950449,0.2627739,1.898677755,1.133136929,0.723400856,0.225441111,0.765596107,0.113108579,0.411561788,0.168756612,0.797659123,0.412837293
NIL 7,0.430908953,0.415356618,0.424777294,0.349426259,0.285409225,0.425509398,0.266725946,0.292335774,0.274124987,0.172084751,0.295211525,1.210080676,0.607424056,0.258944054,1.804224084,0.220149915,0.607424056,0.265556456,1.908721878,1.152837858,0.699234162,0.228085776,0.756592487,0.105432687,0.456269015,0.169743352,0.793033249,0.452845359
NIL 7,0.439824519,0.420243335,0.429774846,0.372226506,0.288767097,0.435142635,0.27816945,0.30531627,0.277350098,0.1647055,0.299445702,1.210822086,0.627470085,0.252614909,1.822531314,0.215891205,0.627470085,0.258316386,1.931178202,1.154950162,0.720402962,0.239290409,0.776591997,0.108785659,0.435142635,0.191061048,0.792833169,0.448534761
NIL 7,0.438890382,0.395883436,0.414693345,0.358270031,0.283862578,0.427015212,0.267793765,0.292020766,0.26429522,0.162530298,0.299069265,1.215244597,0.585405941,0.258530552,1.786642913,0.186884943,0.585405941,0.254904902,1.891292641,1.118975116,0.676055974,0.227721551,0.773932634,0.105264324,0.44371129,0.169733623,0.810576308,0.439193239
NIL 7,0.430908953,0.405936385,0.424777294,0.359462075,0.283533569,0.439187576,0.276064575,0.30176596,0.274124987,0.164691123,0.295963657,1.204002514,0.629283896,0.268222083,1.813197015,0.213380757,0.629283896,0.264717943,1.919917369,1.155034219,0.716011382,0.227108959,0.765879762,0.10200306,0.439187576,0.1700051,0.812365527,0.417705094
NIL 7,0.427909067,0.408175069,0.417084917,0.342080939,0.275265621,0.429477845,0.266661436,0.293704875,0.256374961,0.156173762,0.305379788,1.201721923,0.627273483,0.26002152,1.811731458,0.235215643,0.627273483,0.266661436,1.912823898,1.134949231,0.711468363,0.228053959,0.778395971,0.102427495,0.425386987,0.161258501,0.825199424,0.407625486
NIL 7,0.431523385,0.415948875,0.425068389,0.342062926,0.284722003,0.430695919,0.277906071,0.292752615,0.265095404,0.153731203,0.291684449,1.198448713,0.625564937,0.259313282,1.806796724,0.207115035,0.625564937,0.265935112,1.904197956,1.154481688,0.70574966,0.227432793,0.750100323,0.113716397,0.448945175,0.17024751,0.81412659,0.410010299
NIL 7,0.429716738,0.422693867,0.441555715,0.356245749,0.29811837,0.44030248,0.279791518,0.307096636,0.278967388,0.165665934,0.306195617,1.200862341,0.661829322,0.263518284,1.839428183,0.237604859,0.661829322,0.278967388,1.966775984,1.217882657,0.766120424,0.250253141,0.749408805,0.130530183,0.451762273,0.182591,0.815951215,0.416658992
NIL 7,0.429792941,0.41833539,0.41833539,0.351479559,0.28519967,0.430211435,0.277686787,0.303539198,0.276550385,0.163746843,0.288493259,1.194507857,0.649538533,0.258906492,1.826784701,0.208035448,0.649538533,0.266273479,1.923964026,1.164103803,0.729466688,0.228443497,0.761038378,0.110620154,0.435201971,0.171004085,0.807168263,0.421335785
NIL 7,0.419782398,0.413453657,0.422807332,0.33866654,0.291226367,0.42301515,0.274446342,0.290622162,0.253816016,0.125076879,0.310506252,1.200903451,0.638389276,0.265162453,1.820277959,0.206460942,0.638389276,0.263166221,1.903568177,1.141431197,0.702680502,0.216436569,0.763062264,0.140623627,0.439122153,0.140935777,0.864323852,0.371818844
NIL 7,0.439592357,0.415891527,0.424777294,0.340663439,0.293701482,0.432659576,0.276064575,0.30176596,0.274124987,0.15351231,0.292943541,1.191044096,0.672789432,0.276064575,1.836975108,0.19440827,0.672789432,0.254789602,1.914792293,1.168772581,0.725389149,0.228085776,0.747308792,0.11355448,0.443920446,0.1700051,0.822374962,0.388015209
NIL 7,0.427744433,0.394938179,0.41357952,0.346354506,0.28331323,0.433644635,0.272915739,0.290188911,0.272915739,0.1695337,0.280515774,1.182964131,0.641001779,0.266252307,1.80869594,0.212227021,0.641001779,0.263606256,1.900730393,1.137459243,0.717868188,0.226410754,0.763705248,0.109566907,0.420513264,0.177857719,0.787710103,0.428665304
NIL 7,0.4290249,0.393648138,0.411190373,0.335176082,0.281676599,0.41994452,0.28059826,0.288512561,0.271339171,0.169834199,0.291350702,1.178300999,0.649949193,0.264714233,1.813094185,0.20496226,0.649949193,0.26125592,1.893962508,1.15348719,0.715720887,0.234340666,0.741050254,0.108535669,0.438608769,0.176830279,0.78376776,0.42618901
NIL 7,0.429840359,0.405126057,0.423617113,0.355073925,0.294633469,0.40812386,0.270763766,0.291663298,0.25349108,0.151899882,0.28379541,1.157437008,0.668984506,0.25349108,1.814228099,0.199695022,0.668984506,0.261438371,1.925201198,1.147881393,0.767765927,0.236245484,0.778520974,0.121663123,0.381208581,0.168219439,0.825423204,0.377536408
NIL 7,0.416086673,0.398937858,0.423125208,0.347081965,0.286408712,0.413680369,0.273785322,0.276054927,0.246438863,0.139526177,0.273785322,1.130466015,0.705870322,0.237849489,1.814023758,0.188036531,0.705870322,0.228210138,1.879325294,1.090421158,0.749930668,0.239938983,0.789753431,0.147073504,0.340792851,0.173540982,0.841567747,0.336369973
NIL 7,0.407265253,0.405735133,0.423732047,0.34653463,0.287547727,0.404199222,0.273353574,0.284648987,0.246050238,0.13930615,0.278016337,1.115416182,0.723110896,0.238345878,1.81836068,0.173983792,0.723110896,0.23694999,1.902630631,1.117496076,0.78908628,0.239560608,0.786348948,0.142542838,0.329104597,0.173267315,0.830511616,0.329985399
NIL 7,0.412531273,0.388812183,0.416690057,0.341363431,0.291566162,0.402195435,0.269257868,0.279918414,0.251389594,0.14440122,0.276603948,1.134191451,0.666559726,0.23352783,1.786144444,0.172027299,0.666559726,0.233012126,1.878518433,1.093143865,0.744805844,0.2267322,0.786290829,0.140173924,0.348340244,0.170387791,0.82700433,0.355518573
NIL 7,0.405603589,0.404079713,0.422003198,0.345120751,0.293747741,0.409237741,0.272238277,0.282470214,0.245549344,0.129856509,0.281741257,1.121844097,0.717184683,0.246385402,1.817380195,0.186092058,0.717184683,0.235808871,1.8948678,1.098916289,0.774373631,0.228365987,0.796316683,0.146242454,0.325621633,0.172560375,0.846585155,0.315876409
NIL 7,0.413124312,0.412428899,0.420112735,0.353654864,0.294847633,0.417468951,0.271836086,0.292052806,0.253734512,0.138532809,0.284225362,1.139963208,0.706671701,0.246021405,1.828405232,0.192110441,0.706671701,0.244516673,1.915803391,1.114645317,0.776352287,0.229283988,0.801714312,0.138236482,0.338366549,0.163262482,0.854357658,0.328153527
NIL 7,0.404581192,0.397683565,0.425545651,0.349718905,0.300372693,0.410973076,0.268810719,0.288802439,0.251389594,0.136991025,0.285731471,1.12085488,0.698806884,0.243283339,1.802859048,0.183749106,0.698806884,0.23283997,1.890689099,1.098924444,0.770371216,0.2267322,0.79279173,0.129156377,0.328553969,0.170387791,0.845655681,0.317632189
NIL 7,0.397119418,0.403130003,0.41317599,0.337901723,0.287603303,0.402738614,0.258127622,0.276561672,0.239920609,0.129292715,0.288151119,1.104891563,0.708221038,0.242373013,1.794984163,0.158101415,0.708221038,0.21330156,1.8504657,1.05636751,0.74696463,0.224820102,0.79473508,0.135545182,0.310160181,0.159837483,0.84657254,0.296778689
NIL 7,0.403452616,0.404242152,0.414176831,0.348657963,0.297993824,0.407189279,0.268441021,0.2879263,0.241227101,0.136575436,0.289720251,1.12431725,0.704367743,0.243692859,1.807164344,0.151516842,0.704367743,0.223205389,1.877771633,1.092931746,0.756741984,0.234864682,0.786342163,0.139748678,0.337977479,0.169870886,0.83152321,0.332148819
NIL 7,0.405081273,0.410014982,0.42074048,0.355305387,0.296379882,0.411358982,0.276561672,0.285401523,0.248794602,0.14455365,0.290874726,1.13081454,0.687429657,0.23359265,1.80285218,0.14455365,0.687429657,0.230876364,1.876173869,1.092944499,0.74696463,0.223589165,0.784046898,0.132008611,0.346769624,0.177597203,0.809821824,0.357186786
NIL 7,0.407287149,0.413116937,0.43188945,0.358131638,0.306824204,0.413599044,0.269182368,0.2879263,0.249990036,0.147247903,0.289720251,1.136972408,0.686950621,0.245160411,1.809786953,0.166074409,0.686950621,0.241227101,1.90999135,1.119770517,0.773927471,0.234864682,0.79038664,0.139748678,0.346709178,0.169636096,0.832672782,0.339389647
NIL 7,0.402879426,0.39898866,0.418453517,0.353705027,0.29476889,0.407116325,0.266269236,0.275058403,0.266269236,0.152456934,0.277176984,1.122446491,0.683293684,0.249795174,1.795943049,0.150396611,0.683293684,0.238453013,1.87681223,1.106454463,0.754571642,0.223598077,0.771185711,0.130396909,0.351936491,0.168032518,0.81485506,0.351714798
NIL 7,0.401566093,0.39768801,0.434559011,0.352222148,0.302514325,0.40578918,0.274161749,0.282239343,0.246635634,0.151959945,0.283881875,1.144364424,0.649859163,0.234888088,1.787164187,0.176056065,0.649859163,0.238326855,1.893769224,1.110270464,0.749531689,0.230391409,0.783894449,0.13918454,0.361879805,0.176056065,0.810623,0.387723264
NIL 7,0.415262419,0.395593734,0.421766318,0.350367301,0.292260752,0.405641856,0.272717979,0.289492944,0.254087879,0.144415016,0.281979334,1.132158088,0.670197164,0.230346145,1.786079004,0.192840732,0.670197164,0.236586158,1.894389978,1.108615934,0.762615617,0.22834019,0.785790459,0.125373235,0.346958657,0.175347706,0.818153936,0.337889932
NIL 7,0.403683122,0.408599802,0.428067721,0.354410625,0.295356917,0.401348549,0.275607111,0.292559788,0.24793588,0.145944927,0.28234392,1.128959577,0.692842928,0.24299102,1.813419048,0.169987793,0.692842928,0.239092516,1.91235115,1.124685634,0.783392618,0.231606017,0.788027086,0.131552979,0.34158413,0.17698422,0.815328866,0.359347708
NIL 7,0.402942266,0.40360539,0.422835347,0.358489428,0.2905658,0.396442771,0.273218837,0.280259223,0.253640968,0.161176906,0.289512067,1.140664511,0.656917302,0.233240172,1.788585275,0.155629882,0.656917302,0.236654814,1.880483018,1.091826155,0.73989732,0.22009389,0.788827857,0.133712277,0.351928845,0.166309724,0.796634885,0.383113133
NIL 7,0.402252425,0.416777452,0.435301732,0.352824144,0.303031363,0.394346171,0.266876521,0.291522924,0.247057168,0.153997103,0.284367068,1.142277309,0.678687977,0.249406418,1.815299261,0.181784603,0.678687977,0.247057168,1.918363414,1.129235584,0.77662171,0.23078518,0.789185122,0.126252376,0.35414394,0.167539121,0.823088413,0.363569206
NIL 7,0.405502639,0.406456989,0.425822813,0.352222148,0.292618739,0.409968767,0.266421171,0.290625853,0.255281295,0.145179551,0.283472134,1.119029856,0.696812914,0.250377476,1.803908967,0.174730656,0.696812914,0.238326855,1.900264057,1.114484955,0.781419247,0.221648923,0.785819694,0.142213639,0.333229998,0.167253262,0.819843022,0.339792767
NIL 7,0.394165114,0.415227399,0.434559011,0.352222148,0.292618739,0.407789327,0.275149215,0.291025522,0.255433022,0.145179551,0.280863229,1.127618138,0.696812914,0.241716707,1.812287476,0.176056065,0.696812914,0.246635634,1.919435052,1.135834543,0.792154478,0.221648923,0.783894449,0.129971833,0.343760456,0.167484754,0.829147436,0.33462233
NIL 7,0.401234723,0.401518248,0.429013757,0.348406149,0.289538926,0.401518248,0.272253268,0.287435073,0.244039793,0.137719623,0.289931699,1.132319984,0.67039898,0.247742252,1.795897676,0.197472843,0.67039898,0.253942437,1.903721614,1.10536621,0.77211472,0.218449544,0.798536329,0.121005323,0.333838729,0.165721977,0.840699056,0.32403645
NIL 7,0.404511421,0.400849759,0.427504298,0.347826087,0.288139853,0.41127769,0.264467936,0.286956522,0.234943584,0.126610607,0.292179089,1.129029227,0.672776039,0.247329785,1.787585841,0.190710541,0.672776039,0.244098589,1.888238394,1.088451146,0.759315182,0.218085847,0.79985821,0.140213178,0.329173795,0.156521739,0.853282331,0.316526517
NIL 7,0.413356996,0.406456989,0.432772166,0.352222148,0.300458129,0.409968767,0.275149215,0.290492508,0.237838647,0.119731069,0.281827215,1.119029856,0.704719244,0.250377476,1.812287476,0.193060548,0.704719244,0.238326855,1.902912794,1.103865913,0.783894449,0.229549025,0.799311986,0.144376708,0.320426875,0.158694793,0.87258828,0.299036293
NIL 7,0.415536185,0.408599802,0.43505371,0.354079039,0.293228191,0.409939163,0.267825724,0.292023964,0.247777908,0.120362283,0.292158012,1.135529985,0.681101876,0.25340284,1.808056451,0.194078349,0.681101876,0.248409191,1.911040339,1.116299121,0.775758401,0.221937083,0.794854242,0.145137852,0.34158413,0.15953142,0.868350672,0.319675834
MEDICATION SUPPORT,0.354516989,0.363194751,0.301616823,0.298936768,0.31042083,0.317442545,0.209801799,0.293860671,0.251656513,0.188730798,0.246032194,1.022763993,0.214257388,0.201464199,0.917141023,0.225088428,0.214257388,0.19689685,0.739186094,0.126590649,0.284421749,0.211628363,0.7551549,0.860655437,0.295641301,0.194032743,1.5891955,0.709921688
MEDICATION SUPPORT,0.353590307,0.366828535,0.31771022,0.319349321,0.309609412,0.311738107,0.219482669,0.284780434,0.259051256,0.196382176,0.254305084,1.063589075,0.192081315,0.186565865,0.923076923,0.206574839,0.192081315,0.200590843,0.760905171,0.125152187,0.303248453,0.213860151,0.762960873,0.862451036,0.343605502,0.201801838,1.603359682,0.714476629
MEDICATION SUPPORT,0.365748037,0.368293549,0.30914549,0.321329418,0.306785996,0.321113978,0.228429269,0.299942324,0.256270834,0.195803729,0.247058824,1.06948877,0.212580129,0.184709629,0.905996937,0.200345722,0.212580129,0.184146775,0.750962474,0.142396687,0.318843064,0.202578534,0.769846972,0.853123713,0.350974915,0.201207428,1.604427266,0.712372128
MEDICATION SUPPORT,0.367284889,0.372256176,0.323587253,0.316964712,0.303868348,0.337699999,0.237825747,0.294774436,0.259028161,0.197910465,0.26762002,1.094676805,0.272852578,0.195031614,0.891212124,0.193576133,0.272852578,0.194123217,0.758436711,0.134534559,0.336441486,0.215524458,0.761413903,0.873382474,0.365451589,0.203372304,1.615837377,0.678220489
MEDICATION SUPPORT,0.356342024,0.359207429,0.313938995,0.321834567,0.303868348,0.32456898,0.212883936,0.286009564,0.234532847,0.189702375,0.26762002,1.071173343,0.23558558,0.202501327,0.901387819,0.1984456,0.23558558,0.199865622,0.759042398,0.140950635,0.312132136,0.204758162,0.802375574,0.823938368,0.312923921,0.194123217,1.603252492,0.695868951
MEDICATION SUPPORT,0.362816609,0.381519119,0.328050071,0.325068238,0.313202471,0.33597959,0.223413171,0.297372607,0.251510153,0.199898994,0.282316892,1.091857288,0.240365417,0.196073693,0.912541646,0.205591206,0.240365417,0.19366779,0.758915085,0.136151455,0.332960457,0.214855122,0.767374252,0.86431632,0.364700353,0.196073693,1.61286751,0.690854025
MEDICATION SUPPORT,0.371194812,0.3662377,0.320916964,0.318166982,0.309202728,0.331688973,0.221989724,0.285563606,0.250131775,0.197346189,0.266856991,1.093871729,0.24444622,0.19356974,0.906954191,0.191194561,0.24444622,0.197346189,0.765926389,0.126045714,0.327959018,0.212111321,0.773597717,0.852165648,0.352545352,0.19356974,1.602480503,0.676286771
MEDICATION SUPPORT,0.368949063,0.364861398,0.328718713,0.318119205,0.30341107,0.326210621,0.207177315,0.279009,0.235719093,0.205620219,0.257580404,1.069636512,0.211273473,0.194555225,0.924402933,0.192711058,0.211273473,0.198911479,0.781197774,0.119514325,0.288448262,0.208722795,0.795511261,0.84699322,0.306222661,0.195105076,1.613089225,0.705134515
MEDICATION SUPPORT,0.371194812,0.361990203,0.310224138,0.305198083,0.309202728,0.327422699,0.189161502,0.277194075,0.241989411,0.204002137,0.266856991,1.105538064,0.210113368,0.193024216,0.941524023,0.207588887,0.210113368,0.187481692,0.775050313,0.117382106,0.330840119,0.204174363,0.772506477,0.867535953,0.367483247,0.210280589,1.61462995,0.694290043
MEDICATION SUPPORT,0.380582148,0.358133805,0.304330089,0.299084592,0.29607864,0.325312335,0.227776039,0.290802613,0.249543725,0.195243797,0.253238842,1.030732598,0.23491435,0.19150758,0.90359649,0.195771722,0.23491435,0.18548439,0.759399459,0.116131597,0.274241038,0.212620457,0.75558427,0.865001833,0.291275463,0.199772802,1.591386884,0.687494331
MEDICATION SUPPORT,0.377644245,0.355369192,0.301980814,0.299615834,0.301868616,0.315477012,0.226017722,0.296433178,0.261587814,0.193736613,0.251957109,1.043498389,0.207743066,0.197717326,0.894465064,0.198230656,0.207743066,0.201787406,0.737175816,0.115528713,0.306324482,0.21605605,0.741528488,0.877604525,0.331294578,0.198230656,1.593091454,0.710166208
MEDICATION SUPPORT,0.370985587,0.358374442,0.294969289,0.308406883,0.302720962,0.324343352,0.217137283,0.289372525,0.256283042,0.200836297,0.259190936,1.045565425,0.201513656,0.198275594,0.902895949,0.198447335,0.201513656,0.202357166,0.739257282,0.116733727,0.306412136,0.216666099,0.751868513,0.857377238,0.321176891,0.190565798,1.581558917,0.694590198
MEDICATION SUPPORT,0.366253019,0.347627495,0.308804324,0.306892205,0.305195092,0.320145396,0.208709264,0.28403991,0.260645906,0.202477727,0.247144355,1.078112642,0.197806531,0.199896095,0.914525746,0.189765857,0.197806531,0.202477727,0.771057122,0.10850278,0.308804324,0.218436905,0.757465156,0.889847321,0.358223533,0.200415082,1.612644805,0.748451772
MEDICATION SUPPORT,0.375,0.349733253,0.293693133,0.285514737,0.305608398,0.314164121,0.210378349,0.304565561,0.28190127,0.196296306,0.237974342,1.025205531,0.197015343,0.18517602,0.933484992,0.22593446,0.197015343,0.196296306,0.74094267,0.104006287,0.286009564,0.223417006,0.706506606,0.937415155,0.329755497,0.210378349,1.605213684,0.73249751
MEDICATION SUPPORT,0.390631679,0.322386679,0.285390896,0.285390896,0.30599077,0.309609412,0.225428393,0.312741379,0.288182369,0.193525555,0.231822633,1.027739181,0.200937587,0.176005885,0.910357312,0.207247723,0.200937587,0.178363212,0.743459707,0.093282933,0.284780434,0.213860151,0.717975651,0.92548705,0.322278695,0.209253392,1.596659409,0.743459707
MEDICATION SUPPORT,0.393116754,0.347941179,0.28482404,0.290944504,0.31271421,0.307625238,0.197257461,0.319909318,0.289933399,0.197814949,0.226210048,1.060707758,0.173495187,0.188697598,0.940526433,0.238223856,0.173495187,0.191593383,0.722690647,0.103176194,0.338095827,0.216763168,0.720197462,0.936105741,0.36027708,0.206352389,1.615235625,0.751280629
MEDICATION SUPPORT,0.384502798,0.324716647,0.294158258,0.292238562,0.309208273,0.316168431,0.181922194,0.324716647,0.284957454,0.2,0.242717572,1.055353546,0.168204289,0.181922194,0.942632138,0.240855262,0.168204289,0.192348964,0.722150219,0.10395554,0.333270788,0.22739243,0.710838102,0.942074673,0.364256677,0.208631744,1.6096566,0.75967802
MEDICATION SUPPORT,0.388547839,0.336776859,0.286755163,0.29362136,0.312461202,0.325788891,0.184044363,0.318172612,0.287955259,0.193384337,0.247912582,1.109113419,0.185496003,0.175081952,0.955159906,0.250373313,0.185496003,0.193384337,0.72278317,0.097873787,0.38647135,0.21885244,0.727907295,0.936074637,0.403259005,0.202104037,1.614175841,0.757722649
MEDICATION SUPPORT,0.414017926,0.336511133,0.297094177,0.295392368,0.314345844,0.335356717,0.211365573,0.312737926,0.284559611,0.202750038,0.248629221,1.041227253,0.205599124,0.176137977,0.938544397,0.218048572,0.205599124,0.185781735,0.753079976,0.098464123,0.290761069,0.228640392,0.723506976,0.941720669,0.325855258,0.203323049,1.61531586,0.741716582
MEDICATION SUPPORT,0.398853139,0.327649685,0.296047506,0.296047506,0.304735657,0.338295362,0.203199708,0.303326319,0.293404172,0.20377399,0.269459253,1.066574799,0.220660783,0.185355058,0.929796568,0.212568615,0.220660783,0.194982241,0.74962336,0.100636801,0.318852922,0.237658936,0.708812445,0.959851578,0.365738175,0.203199708,1.615140463,0.742732526
MEDICATION SUPPORT,0.409084536,0.337928371,0.296403255,0.287625984,0.31535369,0.332872973,0.204445854,0.305186502,0.298524236,0.195574056,0.266120629,1.036593852,0.182213865,0.186703091,0.937982263,0.213503153,0.182213865,0.205023658,0.752388416,0.092715773,0.28542403,0.230552758,0.713159319,0.961400136,0.331567351,0.204445854,1.618236958,0.766511208
MEDICATION SUPPORT,0.399224208,0.368255458,0.313577237,0.296374489,0.30782069,0.335617505,0.180310631,0.295434255,0.279250644,0.199363056,0.267176249,1.024035472,0.20370183,0.178538493,0.98679678,0.265983492,0.20370183,0.2098527,0.744881847,0.117268867,0.285861874,0.22852955,0.713764288,0.942420184,0.318606864,0.214720582,1.615947944,0.734024341
MEDICATION SUPPORT,0.380413239,0.352587956,0.317112486,0.314629001,0.298420697,0.325483463,0.203444379,0.294006879,0.274695471,0.201785086,0.256699548,1.078537174,0.19729209,0.181719673,0.932259197,0.214003585,0.19729209,0.195006777,0.753128204,0.121317632,0.325483463,0.218665768,0.734699489,0.900462671,0.375272283,0.208163609,1.607044634,0.721203493
MEDICATION SUPPORT,0.379930142,0.382390536,0.326051454,0.315289244,0.307580472,0.338248701,0.231121961,0.31181982,0.271981693,0.202208528,0.271981693,1.049777672,0.227358307,0.19134236,0.914861747,0.215151213,0.227358307,0.195415995,0.739088988,0.138857,0.312300653,0.216541542,0.736292191,0.901354005,0.34089994,0.208060253,1.61546376,0.713102564
MEDICATION SUPPORT,0.37308592,0.367168091,0.313839161,0.318975255,0.298492408,0.340613866,0.21430506,0.288868839,0.243766344,0.197847528,0.279419612,1.074948711,0.219194778,0.176520456,0.915646667,0.21430506,0.219194778,0.187957971,0.744465436,0.140905812,0.33050687,0.191680273,0.783358677,0.82139999,0.335914078,0.20243693,1.592482162,0.655539634
MEDICATION SUPPORT,0.37339537,0.374251237,0.317853626,0.319971559,0.299424736,0.341677758,0.219231765,0.280292367,0.244673074,0.198465496,0.281810207,1.049672811,0.220686322,0.185695338,0.918506647,0.205851133,0.220686322,0.190234387,0.771054744,0.137262868,0.278766263,0.192278977,0.794801811,0.813370319,0.294999202,0.194667628,1.597456207,0.656017566
MEDICATION SUPPORT,0.377561167,0.366088266,0.322737139,0.338647065,0.289771107,0.349393869,0.227038305,0.299424736,0.252959729,0.192278977,0.288418466,1.046416532,0.268370549,0.193935792,0.891879867,0.203942653,0.268370549,0.196846811,0.7611711,0.155020267,0.287183263,0.190234387,0.822238022,0.794757082,0.260437981,0.203069233,1.609008589,0.643156984
MEDICATION SUPPORT,0.37099898,0.38190731,0.345197198,0.335829426,0.295650561,0.368917762,0.249660619,0.302757971,0.231367317,0.195273024,0.280896751,1.053319305,0.303725251,0.181654783,0.884799487,0.199177012,0.303725251,0.191480954,0.771884401,0.160889585,0.287221431,0.184855994,0.845470269,0.788241294,0.233889106,0.206231299,1.627407879,0.630027626
MEDICATION SUPPORT,0.357555074,0.365154969,0.334583668,0.331545881,0.295102272,0.357453999,0.255742743,0.327046787,0.264084363,0.183515177,0.275862848,1.004434771,0.330125978,0.181734395,0.845514546,0.194229093,0.330125978,0.177509775,0.740822776,0.153257138,0.279635729,0.196264899,0.797163795,0.809399504,0.218564568,0.197183317,1.600751432,0.631151522
MEDICATION SUPPORT,0.359085819,0.37981909,0.325749822,0.322040095,0.292337304,0.368172808,0.236691423,0.299192866,0.225313106,0.202863253,0.2645581,0.981122511,0.298438914,0.178651872,0.874353385,0.19025524,0.298438914,0.183626889,0.755176389,0.15502013,0.248153287,0.183626889,0.828759854,0.795186782,0.159791092,0.201003789,1.6121814,0.666766789
MEDICATION SUPPORT,0.345144141,0.369385908,0.345258182,0.331293129,0.301297616,0.365098056,0.22236215,0.288890975,0.204854093,0.204854093,0.284081515,0.994789987,0.281855572,0.17834943,0.884566602,0.182710695,0.281855572,0.191546403,0.773243608,0.182926029,0.238918646,0.159964172,0.89267373,0.749826109,0.119046682,0.205812705,1.629437489,0.674889581
MEDICATION SUPPORT,0.340776325,0.380649812,0.372488585,0.361433704,0.305390569,0.388745118,0.223588472,0.287703521,0.20900087,0.20900087,0.270071958,1.006860584,0.275331155,0.172954124,0.896596124,0.178320122,0.275331155,0.195423797,0.80590551,0.181056652,0.215183374,0.163202261,0.923078236,0.736402166,0.110503905,0.211340505,1.648957989,0.680590004
MEDICATION SUPPORT,0.363979621,0.375879003,0.362464732,0.346830224,0.317656704,0.378907169,0.247735875,0.328401107,0.276633081,0.203665721,0.288907194,1.015456607,0.292257376,0.165867607,0.891374432,0.204288236,0.292257376,0.196688061,0.754511811,0.139231544,0.273555865,0.209807771,0.783517671,0.878749178,0.24360091,0.214792023,1.658012465,0.674918595
MEDICATION SUPPORT,0.348360176,0.378370165,0.341655711,0.321217222,0.317466218,0.373978024,0.252537719,0.322756611,0.282345753,0.201194286,0.295917423,1.020565077,0.294938718,0.173645701,0.871647114,0.193235458,0.294938718,0.181097667,0.727633589,0.145708258,0.307553268,0.209836584,0.727690354,0.914159577,0.303361315,0.212185574,1.637892885,0.655041138
MEDICATION SUPPORT,0.328159346,0.379068738,0.330995268,0.318609014,0.314888467,0.351593992,0.246067907,0.32902504,0.271057266,0.191029311,0.274187534,1.001056009,0.240049031,0.16327277,0.882249828,0.203991382,0.240049031,0.179627197,0.721725375,0.146757321,0.284658671,0.199560636,0.757386685,0.86381717,0.268042075,0.192723617,1.615840194,0.672768188
MEDICATION SUPPORT,0.35187017,0.374774972,0.334481528,0.318440831,0.30595826,0.375532422,0.24610302,0.319966914,0.261458987,0.202485169,0.268808212,1.014028418,0.310697999,0.16442568,0.872946854,0.194926307,0.310697999,0.179532378,0.747923433,0.137833714,0.28279104,0.194091501,0.785101178,0.863737261,0.235826614,0.210351581,1.64141516,0.661641094
MEDICATION SUPPORT,0.36180283,0.395793331,0.356545177,0.345914227,0.314594909,0.377136261,0.236751984,0.292539569,0.23180575,0.213895005,0.282387127,1.031770011,0.252880402,0.176031601,0.91852653,0.187598329,0.252880402,0.188966014,0.806252391,0.149677765,0.231620527,0.173081142,0.875905418,0.794887095,0.182495811,0.207167698,1.663364397,0.678612571
MEDICATION SUPPORT,0.366835254,0.385144568,0.336054023,0.321088544,0.307396659,0.380757447,0.23080285,0.311106753,0.262532145,0.197716848,0.277111332,1.025530513,0.332375831,0.183082209,0.88703902,0.215943742,0.332375831,0.186628925,0.743214952,0.129616837,0.300930099,0.200392992,0.774797667,0.876302973,0.254125121,0.211340505,1.64016242,0.652432313
MEDICATION SUPPORT,0.358751786,0.392455649,0.370327389,0.346302948,0.311941965,0.378331127,0.234755481,0.290072615,0.220480605,0.218365173,0.275600756,1.033860035,0.283599591,0.175511502,0.922793939,0.201689212,0.283599591,0.196389041,0.808637647,0.145254352,0.235473389,0.191823758,0.868519004,0.813942974,0.183043539,0.214465481,1.67591045,0.679132061
MEDICATION SUPPORT,0.375994869,0.389573038,0.342668991,0.331944438,0.309650732,0.392550168,0.249073126,0.32241294,0.264614418,0.199166663,0.278397553,1.036265484,0.338518234,0.174222359,0.896145593,0.202479434,0.338518234,0.190414801,0.757389103,0.150397948,0.305867771,0.199166663,0.802179982,0.865605192,0.237274896,0.212890219,1.658895256,0.652836447
MEDICATION SUPPORT,0.386763052,0.384020406,0.35519388,0.346639542,0.312245161,0.378363768,0.230441601,0.308430504,0.257477388,0.200835394,0.293396515,1.040568929,0.276021847,0.174958621,0.919745992,0.204175921,0.276021847,0.195068579,0.781844121,0.142754427,0.267780525,0.200835394,0.827094863,0.840632669,0.229890525,0.204175921,1.659319167,0.668693014
MEDICATION SUPPORT,0.381047904,0.389573038,0.355649387,0.335309458,0.309650732,0.37962669,0.240754186,0.303136754,0.246387623,0.205738869,0.297739229,1.03147957,0.278397553,0.182612139,0.905056252,0.197278785,0.278397553,0.194946552,0.775615911,0.137998765,0.265555551,0.210533428,0.800883088,0.85082814,0.24554238,0.201450045,1.643332146,0.663136879
MEDICATION SUPPORT,0.371524075,0.35713287,0.311475912,0.307838662,0.307838662,0.355279321,0.2146202,0.291375699,0.265720578,0.207442687,0.268048952,1.004765714,0.240558875,0.176488103,0.91701673,0.237144213,0.240558875,0.19883926,0.732837923,0.132200929,0.275480289,0.2146202,0.736801952,0.897582758,0.289905783,0.20347303,1.624560026,0.696760073
MEDICATION SUPPORT,0.386585495,0.383680679,0.334475834,0.322975137,0.306803747,0.365662165,0.233390457,0.291059591,0.246572054,0.206745291,0.29092702,1.036521576,0.258338301,0.184459081,0.909872639,0.212632455,0.258338301,0.206745291,0.756220507,0.142989347,0.284490972,0.202788979,0.788829113,0.847303369,0.272438375,0.202788979,1.627629658,0.662752442
MEDICATION SUPPORT,0.384892943,0.368115606,0.323771206,0.329069841,0.309522019,0.3430552,0.227623159,0.278037512,0.235578155,0.204108795,0.267140628,1.053608914,0.206853545,0.190778538,0.900234758,0.199638717,0.206853545,0.201139781,0.764344943,0.132652294,0.290859395,0.206125186,0.793879808,0.82832253,0.317556659,0.199638717,1.61128988,0.694227753
MEDICATION SUPPORT,0.367720838,0.346085054,0.303953857,0.303953857,0.303840926,0.327749697,0.221067615,0.28997007,0.261596969,0.193411984,0.248545774,1.042082478,0.223844567,0.19055176,0.899088548,0.205791632,0.223844567,0.201579323,0.735814902,0.116283539,0.306987291,0.217467689,0.737538616,0.884619689,0.326385598,0.200384009,1.595948608,0.698340403
MEDICATION SUPPORT,0.362808261,0.356955357,0.312824417,0.32078116,0.31293478,0.31644608,0.218609367,0.291334328,0.25,0.194005468,0.24680276,1.057726113,0.209742015,0.19131704,0.912202423,0.202879819,0.209742015,0.185823537,0.762782418,0.117525124,0.295102754,0.210235332,0.773034846,0.852239494,0.320673497,0.200138074,1.594578176,0.716903254
MEDICATION SUPPORT,0.389192489,0.366786414,0.306307137,0.306307137,0.31439288,0.330287211,0.212858631,0.300680023,0.257198063,0.193653667,0.266384208,1.032647065,0.212858631,0.19220847,0.924442326,0.224648679,0.212858631,0.194909424,0.741511751,0.118072724,0.292334332,0.211214911,0.751595728,0.872860153,0.30264414,0.201070604,1.598348862,0.69912614
MEDICATION SUPPORT,0.374627817,0.366187059,0.324222986,0.313768443,0.30569299,0.317401035,0.212510805,0.283892116,0.256777782,0.202808051,0.265294997,1.075229072,0.205868194,0.191713269,0.924060229,0.195303717,0.205868194,0.202808051,0.772315031,0.116695033,0.302953341,0.21086977,0.767260677,0.866877392,0.339301353,0.20074204,1.60751466,0.701409485
MEDICATION SUPPORT,0.375010229,0.37613078,0.323280165,0.331316524,0.308855528,0.333426842,0.213521988,0.284750727,0.256226385,0.195516843,0.260838559,1.085009799,0.202391537,0.201000513,0.922621794,0.202737802,0.202391537,0.203773065,0.767674763,0.108875278,0.318911314,0.227825213,0.762310991,0.855564903,0.360515245,0.18501027,1.588805794,0.705343884
MEDICATION SUPPORT,0.37203834,0.353637258,0.307611479,0.297530449,0.300477489,0.318119091,0.227714427,0.296389169,0.259960527,0.200318326,0.2651241,1.032810873,0.207792345,0.197764227,0.890462505,0.204504284,0.207792345,0.21657727,0.725488544,0.10734561,0.307391048,0.229641105,0.724553635,0.891375488,0.331373165,0.190074315,1.587182613,0.711764586
MEDICATION SUPPORT,0.380300388,0.364014771,0.321258521,0.310959788,0.313400465,0.333113917,0.248288454,0.307937972,0.262790161,0.194294172,0.253670158,1.068739472,0.241930084,0.199916863,0.881768736,0.191601743,0.241930084,0.202498763,0.740341517,0.108514052,0.328402026,0.2264005,0.740715663,0.88557041,0.353590123,0.200435904,1.597970071,0.700537598
MEDICATION SUPPORT,0.373845171,0.356962572,0.311944473,0.309814369,0.304709994,0.334168757,0.239079045,0.300564087,0.263622313,0.203139996,0.257198063,1.053232529,0.236292994,0.20054992,0.884560947,0.197043532,0.236292994,0.211379858,0.734427532,0.109813982,0.319014934,0.22480377,0.743061215,0.885348624,0.332390972,0.19220847,1.601355205,0.698228225
MEDICATION SUPPORT,0.382693576,0.358075017,0.302661732,0.294557968,0.313923688,0.325227002,0.228593597,0.301617068,0.276248783,0.194257172,0.253197273,1.041099715,0.204460329,0.192625492,0.90329954,0.201697224,0.204460329,0.203773065,0.738000499,0.101886533,0.303356177,0.227825213,0.712073851,0.909798739,0.345310978,0.192807472,1.589931143,0.705940286
MEDICATION SUPPORT,0.377675499,0.348194617,0.319473791,0.30930811,0.304212076,0.323686814,0.218157236,0.300535662,0.261071125,0.201605451,0.242299597,1.08810768,0.22766368,0.191894387,0.904568947,0.190075442,0.22766368,0.194590928,0.757967934,0.091688955,0.330273831,0.226746294,0.750367566,0.888722898,0.358032559,0.192436718,1.602124623,0.701409485
MEDICATION SUPPORT,0.396572855,0.375577045,0.320241821,0.315689467,0.302099958,0.330364819,0.205764787,0.298242178,0.25020799,0.206992197,0.252941013,1.103495732,0.205588844,0.187161192,0.939549429,0.228908756,0.205588844,0.206992197,0.739941844,0.099575708,0.363731754,0.215220238,0.765848449,0.887131061,0.361436264,0.204883563,1.612043046,0.716486647
MEDICATION SUPPORT,0.38170813,0.36162182,0.317320722,0.315153907,0.311470462,0.328159989,0.231810904,0.306803974,0.284733706,0.196991217,0.253367396,1.083501622,0.227888271,0.195521113,0.907905906,0.198994878,0.227888271,0.199898994,0.74838738,0.102267991,0.335119756,0.225661814,0.730586403,0.932286185,0.372527432,0.21249215,1.62589582,0.732656755
MEDICATION SUPPORT,0.377594999,0.372092234,0.320241821,0.301500433,0.320354801,0.332221736,0.206992197,0.290372901,0.260968406,0.197325976,0.248466382,1.065965005,0.205940579,0.195853373,0.936347178,0.216895129,0.205940579,0.206992197,0.758059636,0.093966497,0.308148486,0.226045295,0.740577344,0.91044298,0.339654427,0.204353005,1.610223723,0.71608248
MEDICATION SUPPORT,0.390552467,0.373827824,0.319342593,0.319342593,0.31193654,0.325460389,0.216392973,0.299633302,0.259525238,0.206724558,0.265508112,1.043190317,0.223696621,0.205306191,0.918952482,0.20690117,0.223696621,0.207957693,0.754560973,0.112418346,0.290723955,0.221893248,0.760875804,0.888888889,0.298534174,0.196766913,1.614208408,0.715706715
MEDICATION SUPPORT,0.376758414,0.361413156,0.308694081,0.308694081,0.307084492,0.326743113,0.237985647,0.311774822,0.287805244,0.195162741,0.251015636,1.038889809,0.205413462,0.185300521,0.902033102,0.197147804,0.205413462,0.189829919,0.742824078,0.118097005,0.296409189,0.212860834,0.723658356,0.90313123,0.338659513,0.210519795,1.597342926,0.721110255
MEDICATION SUPPORT,0.367035456,0.365984734,0.328797975,0.31264263,0.305391959,0.328051796,0.185226673,0.259937622,0.229768854,0.195345646,0.269460346,1.119207614,0.205136396,0.201520616,0.934525049,0.197484531,0.205136396,0.201520616,0.785761115,0.100412258,0.338865542,0.209192203,0.778239983,0.837521567,0.385277295,0.200998766,1.585273921,0.699790914
MEDICATION SUPPORT,0.363202908,0.354025772,0.309378046,0.307265467,0.294038587,0.311806309,0.227821508,0.290873638,0.2578889,0.193305867,0.248409407,1.079906546,0.235661855,0.198899957,0.88242661,0.190627134,0.235661855,0.200274067,0.739177428,0.117101317,0.341406074,0.212886202,0.745274221,0.866747533,0.372153809,0.207173379,1.588655359,0.696974214
MEDICATION SUPPORT,0.368094659,0.363561766,0.328834889,0.324605326,0.302114888,0.32799334,0.216119556,0.269220709,0.224431847,0.194052378,0.265082584,1.089195571,0.223815275,0.191904131,0.906954331,0.189731561,0.223815275,0.201047488,0.780559055,0.129041452,0.310572808,0.203778309,0.806463559,0.79389991,0.337544508,0.191363301,1.583813132,0.664827376
MEDICATION SUPPORT,0.359216761,0.37030688,0.325364699,0.321549215,0.299925714,0.337771844,0.211107402,0.271235571,0.23184878,0.193305867,0.269587478,1.072740109,0.227369631,0.191165883,0.916462771,0.200274067,0.227369631,0.199416358,0.778745772,0.120563185,0.294038587,0.201468724,0.803190416,0.812146392,0.305475121,0.198899957,1.598443707,0.655819653
MEDICATION SUPPORT,0.363563845,0.39419389,0.347388506,0.33714484,0.303313631,0.348295659,0.228561536,0.286429629,0.235065081,0.197096945,0.284464394,1.07791934,0.210015009,0.201146702,0.908745655,0.202536333,0.210015009,0.210015009,0.774931544,0.131071434,0.307218624,0.195489421,0.82968723,0.788076419,0.314326145,0.201146702,1.60821466,0.668335802
MEDICATION SUPPORT,0.358381324,0.378411504,0.340450757,0.335922189,0.286729339,0.350227414,0.223879038,0.289628109,0.242535625,0.196382176,0.283432788,1.07627647,0.240662735,0.192081315,0.907868684,0.190443453,0.240662735,0.201801838,0.782376363,0.138109154,0.293922664,0.18823747,0.834723287,0.794385099,0.282325384,0.209253392,1.614457825,0.655799584
MEDICATION SUPPORT,0.345413981,0.367237191,0.334196235,0.326231167,0.300059713,0.350671059,0.201011394,0.273474757,0.186655521,0.207542462,0.277899307,1.031227006,0.237519134,0.174845688,0.921274065,0.195239525,0.237519134,0.1841886,0.805608533,0.173312885,0.227686456,0.160998637,0.919451726,0.723493511,0.160524413,0.201579491,1.632207102,0.664961862
MEDICATION SUPPORT,0.32599515,0.384793948,0.353338006,0.339493425,0.29984263,0.36686777,0.238147796,0.319984965,0.280426203,0.198961984,0.259414688,0.995268955,0.305252436,0.160408279,0.867781693,0.205918814,0.305252436,0.179871723,0.718057079,0.152376625,0.295237265,0.187943548,0.755410851,0.844349637,0.2498477,0.201433656,1.596686009,0.628991517
MEDICATION SUPPORT,0.320174599,0.390728499,0.3636765,0.344729321,0.313235007,0.372525852,0.246163658,0.326726786,0.268140875,0.202030509,0.275931418,0.984853901,0.314610222,0.176526756,0.842363424,0.211334996,0.314610222,0.190842139,0.700806891,0.171107758,0.297028719,0.184994378,0.771957491,0.836049994,0.23255458,0.205497444,1.607210011,0.646813224
MEDICATION SUPPORT,0.328191768,0.415151696,0.383875534,0.347089247,0.292324913,0.378394875,0.261172675,0.338446665,0.24309687,0.204023337,0.266783744,0.98869416,0.345663824,0.171674358,0.818045618,0.203277363,0.345663824,0.175394948,0.689016428,0.207895793,0.317246988,0.15711992,0.815394978,0.76104352,0.1929246,0.194883276,1.575978045,0.60539416
MEDICATION SUPPORT,0.31704595,0.41427305,0.371568262,0.351730902,0.309926128,0.39131667,0.235880684,0.329256321,0.246942241,0.192319649,0.273296747,1.014561184,0.355562752,0.167745941,0.86400958,0.200636691,0.355562752,0.171737655,0.732984204,0.193146834,0.311465506,0.155924581,0.848509349,0.765382963,0.170573319,0.199640969,1.609482661,0.611957375
MEDICATION SUPPORT,0.310988739,0.423450522,0.372916797,0.34299717,0.303862892,0.383217932,0.245858186,0.340980569,0.291738859,0.185695338,0.270226409,0.997725608,0.330713164,0.173964628,0.846182215,0.205403674,0.330713164,0.185695338,0.702646403,0.157310045,0.31462009,0.190866499,0.752548072,0.847714981,0.253654826,0.192559361,1.599416729,0.617394907
MEDICATION SUPPORT,0.301186706,0.411570401,0.361234322,0.344518078,0.301186706,0.387632645,0.251579308,0.337977479,0.297993824,0.184059879,0.273296747,0.971207661,0.335491882,0.151779665,0.842522735,0.185784131,0.335491882,0.168457234,0.715149509,0.164628161,0.292458689,0.179676872,0.760315011,0.836397978,0.214463097,0.199640969,1.594030314,0.636663783
MEDICATION SUPPORT,0.293013536,0.404286251,0.360289438,0.324303401,0.307195319,0.356062018,0.240892377,0.326942612,0.285658742,0.190200246,0.278697483,0.956108293,0.267304987,0.154593548,0.852235561,0.192339799,0.267304987,0.169975878,0.714762603,0.14503289,0.255404827,0.194876257,0.739912795,0.86491422,0.230651678,0.202294904,1.603957497,0.667879619
MEDICATION SUPPORT,0.318792162,0.408161264,0.367723257,0.330994724,0.313533652,0.367607311,0.233044696,0.315836587,0.248621401,0.198253092,0.284447822,0.992297044,0.261327892,0.159396081,0.859267633,0.196308328,0.261327892,0.1783298,0.720454949,0.181880178,0.277775409,0.163619225,0.815277435,0.788916314,0.214767291,0.190354861,1.603559856,0.644830966
MEDICATION SUPPORT,0.311487511,0.41003692,0.354742062,0.330994724,0.315836587,0.359279506,0.225420099,0.304567778,0.253545075,0.206468836,0.284447822,0.973911551,0.257217414,0.152283889,0.889542891,0.208931772,0.257217414,0.1783298,0.729451796,0.154782789,0.257217414,0.1783298,0.789564472,0.835114758,0.201664148,0.199325318,1.621431199,0.677331078
MEDICATION SUPPORT,0.308557398,0.417278571,0.36674895,0.327274543,0.308168868,0.355805346,0.240639457,0.329584888,0.289458015,0.191888213,0.282616709,0.970203035,0.260559732,0.15271766,0.840517489,0.196006455,0.260559732,0.179856173,0.688216661,0.144106812,0.29110893,0.184243553,0.722194915,0.850906301,0.264665682,0.184243553,1.571638611,0.631950174
MEDICATION SUPPORT,0.295057322,0.39674129,0.365777396,0.34299717,0.305858947,0.346644302,0.239844439,0.325520336,0.275577947,0.189372831,0.299830919,0.965867801,0.247338777,0.159614139,0.841133206,0.194863035,0.247338777,0.173964628,0.720828912,0.170906188,0.247338777,0.168274864,0.795321002,0.78448443,0.222469999,0.183718631,1.579508743,0.653590489
MEDICATION SUPPORT,0.308523888,0.390804905,0.350725446,0.32570596,0.308523888,0.361733537,0.236934661,0.335076211,0.284002016,0.191022831,0.285307113,0.965858182,0.25602619,0.158680683,0.85900228,0.212115494,0.25602619,0.175480376,0.69962427,0.146507823,0.273337005,0.192529513,0.732370048,0.856403466,0.255864913,0.196140419,1.586728788,0.659285204
MEDICATION SUPPORT,0.373802765,0.383010225,0.360994103,0.364114248,0.320914981,0.3914239,0.209502751,0.272411719,0.199773628,0.226122139,0.289952407,1.066520541,0.26431847,0.181746181,0.949636749,0.197953329,0.26431847,0.210149699,0.818341773,0.174636014,0.256146169,0.184709629,0.91349857,0.788377106,0.182986783,0.220653082,1.6935598,0.678699848
MEDICATION SUPPORT,0.382695916,0.374376651,0.336079273,0.328497562,0.311168224,0.385429102,0.262414309,0.322824493,0.275527405,0.188918745,0.287606503,1.011397926,0.344470209,0.167225577,0.871294158,0.185554938,0.344470209,0.182589517,0.745042962,0.153615043,0.303517615,0.185554938,0.792399654,0.861260842,0.219933724,0.221645297,1.64031343,0.659864808
MEDICATION SUPPORT,0.376635012,0.3683173,0.330859403,0.319166338,0.304867973,0.378058141,0.252056971,0.304867973,0.263592798,0.205066365,0.285268394,1.009292581,0.31024051,0.172937759,0.87772802,0.191741247,0.31024051,0.194309325,0.748870045,0.145714276,0.281918177,0.207270366,0.757917015,0.874096644,0.25852932,0.20925386,1.623954237,0.65450041
MEDICATION SUPPORT,0.373150832,0.362235666,0.337902449,0.3294336,0.321379001,0.366506665,0.234783453,0.30206649,0.262612866,0.202369452,0.281140627,1.032361929,0.251622632,0.171954503,0.908861914,0.213593263,0.251622632,0.202369452,0.753836394,0.136054895,0.28186803,0.215121678,0.763659836,0.893822594,0.292422107,0.208352103,1.650669948,0.686029457
MEDICATION SUPPORT,0.380221896,0.368487106,0.325316263,0.322232627,0.308557398,0.36192598,0.22907649,0.296141318,0.259792249,0.210354941,0.290009364,1.046598018,0.26662007,0.17896579,0.910885536,0.218183028,0.26662007,0.199840192,0.754115439,0.13435445,0.296141318,0.214863059,0.762227273,0.884594815,0.30543532,0.20574807,1.635396211,0.674323706
MEDICATION SUPPORT,0.365332134,0.382637715,0.329851415,0.324576969,0.321012529,0.327334681,0.195777371,0.279970412,0.23454685,0.197968977,0.264109945,1.065724511,0.191881837,0.186753933,0.956481519,0.22259146,0.191881837,0.18961989,0.783889633,0.128326583,0.281890232,0.203874452,0.798747761,0.837768055,0.308329171,0.203698014,1.617002997,0.6965015
MEDICATION SUPPORT,0.352085409,0.375879171,0.326042162,0.320579729,0.300793679,0.333966703,0.218987307,0.273097524,0.231355433,0.192404331,0.27446209,1.094005601,0.243374367,0.197800705,0.903584614,0.192227733,0.243374367,0.192404331,0.777520049,0.134165091,0.317064377,0.195902878,0.802158818,0.802793655,0.340712153,0.190274328,1.592183904,0.647117484
MEDICATION SUPPORT,0.357993148,0.389227969,0.344326839,0.331139491,0.303275859,0.357414027,0.222972846,0.295082376,0.232820146,0.197519489,0.28228554,1.073529287,0.241553916,0.191123269,0.915011605,0.198217439,0.241553916,0.192742224,0.782702093,0.134247431,0.290958443,0.189490482,0.834329378,0.788328056,0.275225736,0.191844491,1.61176194,0.634863816
MEDICATION SUPPORT,0.358939935,0.392358867,0.358939935,0.34560159,0.307836436,0.34560159,0.220863052,0.297888312,0.238509239,0.191085399,0.282055379,1.086238425,0.228839001,0.187102041,0.930666752,0.220863052,0.228839001,0.20344945,0.78809288,0.12505379,0.299449519,0.19935333,0.851195463,0.780730997,0.281928184,0.186526045,1.626471302,0.627273483
MEDICATION SUPPORT,0.383371671,0.394515307,0.363290098,0.349596744,0.292159686,0.374509962,0.235306176,0.290685815,0.233974872,0.204975213,0.284576862,1.018723581,0.302275633,0.185789576,0.886402114,0.21826049,0.302275633,0.212090614,0.758602879,0.1424941,0.267459449,0.196215661,0.822041154,0.780172089,0.213558387,0.194416397,1.597758094,0.615433423
MEDICATION SUPPORT,0.39853401,0.410961758,0.362165409,0.332430248,0.297334653,0.369251019,0.21825115,0.259562928,0.219816942,0.219816942,0.290724951,1.136918821,0.273989959,0.174819035,0.948365917,0.179974509,0.273989959,0.186627068,0.832335607,0.133544025,0.306671991,0.1780587,0.839719705,0.785946604,0.320524682,0.200791058,1.610332653,0.585954549
MEDICATION SUPPORT,0.394139042,0.423001346,0.37369419,0.336836489,0.285163732,0.382840013,0.23463893,0.264593409,0.211456698,0.209867439,0.268639627,1.12121529,0.308836216,0.181955092,0.919698213,0.174653035,0.308836216,0.186198924,0.817058295,0.144589704,0.310996775,0.175926343,0.845474876,0.751260627,0.293393771,0.19857389,1.585262459,0.545865277
MEDICATION SUPPORT,0.369830573,0.389612362,0.357595705,0.333807661,0.279602016,0.362440995,0.220035921,0.280491863,0.23031237,0.204087808,0.280999082,1.073981092,0.255101038,0.185827506,0.90195784,0.188679245,0.255101038,0.195717773,0.778218978,0.136319939,0.296412632,0.180383674,0.81848526,0.767903667,0.288006368,0.202687532,1.577633812,0.594803652
MEDICATION SUPPORT,0.36718652,0.392411168,0.342256114,0.325868597,0.278486525,0.364981751,0.234724204,0.270431269,0.220381987,0.197186841,0.260920928,1.07302827,0.202455449,0.167553322,0.914087451,0.168597278,0.202455449,0.172710011,0.805738124,0.143157621,0.268216184,0.172710011,0.846185748,0.737853162,0.290331762,0.19268632,1.575558153,0.6252456
MEDICATION SUPPORT,0.367942155,0.370932084,0.331105198,0.310444135,0.284449095,0.352710301,0.215550127,0.272170224,0.224953491,0.202162967,0.264451158,1.071809029,0.237638828,0.174485782,0.914501737,0.182416563,0.237638828,0.184486338,0.7896465,0.118964581,0.282989124,0.189470858,0.805958137,0.800155318,0.289858499,0.20788728,1.592288111,0.617599437
MEDICATION SUPPORT,0.367019122,0.381354948,0.326580024,0.320511652,0.287772943,0.351502131,0.236403646,0.297360004,0.251354929,0.180766508,0.285202944,1.036633529,0.232817037,0.184984322,0.884699983,0.188178802,0.232817037,0.197096945,0.752016199,0.140371251,0.285202944,0.199044066,0.787853943,0.779982362,0.285816945,0.192598476,1.558525641,0.620173673
MEDICATION SUPPORT,0.348825376,0.371938799,0.330680771,0.336619643,0.293278086,0.347138182,0.214681999,0.263905787,0.197778652,0.201637215,0.273197225,1.061516076,0.197221266,0.179901632,0.922666606,0.183935802,0.197221266,0.199992661,0.808956541,0.176400063,0.253697159,0.183136077,0.89427128,0.7262053,0.262231949,0.197221266,1.611390725,0.67698965
MEDICATION SUPPORT,0.242209252,0.356718765,0.267283704,0.262524563,0.349097725,0.422115158,0.308178431,0.415694782,0.350299442,0.231927905,0.434864822,0.86672873,0.298480491,0.234809107,0.791299979,0.249052668,0.298480491,0.23836164,0.623407367,0.254725057,0.25173795,0.22154882,0.787573688,1.113797392,0.176345296,0.226426855,1.896728611,1.039236955
MEDICATION SUPPORT,0.284253408,0.33752037,0.270702789,0.316227766,0.392326395,0.41761226,0.203960781,0.442899537,0.40654643,0.2,0.395979797,0.836468768,0.425205833,0.156460858,0.954064987,0.441270892,0.425205833,0.209380037,0.565685425,0.253298243,0.296378137,0.237655212,0.670402864,1.146263495,0.224142812,0.218357505,1.810414317,0.980612054
MEDICATION SUPPORT,0.304865485,0.271309081,0.207908811,0.267980009,0.375503161,0.391174563,0.222972846,0.423713599,0.380617253,0.171107347,0.384228503,0.78040496,0.430984715,0.164942981,0.841293747,0.374951086,0.430984715,0.183943213,0.50586943,0.262776019,0.324185103,0.205234632,0.620173673,1.063188005,0.191303829,0.193814015,1.682587495,0.911041084
MEDICATION SUPPORT,0.294020914,0.268682171,0.220060131,0.272950999,0.345258739,0.37878893,0.279921083,0.408169622,0.365499983,0.183101097,0.355704047,0.805408819,0.264587268,0.193005502,0.739820666,0.281522606,0.264587268,0.172629369,0.533525977,0.226673467,0.272479988,0.223247474,0.622424043,1.046203032,0.299432132,0.186919729,1.662499608,0.895647077
MEDICATION SUPPORT,0.362717516,0.371450957,0.331257231,0.338527824,0.321938169,0.380090506,0.251285147,0.342342342,0.300690437,0.188113631,0.310647561,1.046015393,0.370685416,0.190045253,0.894118614,0.222506109,0.370685416,0.188113631,0.756756757,0.162162162,0.314284028,0.2141417,0.773936274,0.907408926,0.279859902,0.210317433,1.672306018,0.672364258
NIL 8,0.605960982,0.784107138,0.810269028,0.778052166,0.610676703,0.580875764,0.169371243,0.185118554,0.145218941,0.309311733,0.36981805,1.863915782,0.625354606,0.228934983,1.238562184,0.307552123,0.625354606,0.202710735,1.175089034,0.252142317,0.782027931,0.194513041,1.176671469,0.825436821,0.969211249,0.266493457,1.981657241,1.11516979
NIL 8,0.589237424,0.773837593,0.800653151,0.759515368,0.594463579,0.572868364,0.17587218,0.178057012,0.161668535,0.272743675,0.369750085,1.842087937,0.621926405,0.211046616,1.220634023,0.324292277,0.621926405,0.194257172,1.130107063,0.256375556,0.797556584,0.196631075,1.091895743,0.776331758,1.007242563,0.237590232,1.84674164,1.101204245
NIL 8,0.593130428,0.811238897,0.83871623,0.814437485,0.627218196,0.581510143,0.17755059,0.182514841,0.177092394,0.244869355,0.361001028,1.852761906,0.621623149,0.225524341,1.234918772,0.321729564,0.621623149,0.21708022,1.131577655,0.268906475,0.784249402,0.191210842,1.121842697,0.693181425,0.97582078,0.171498585,1.784816618,1.06903411
NIL 8,0.614514653,0.807033839,0.844514283,0.783878777,0.638148078,0.585929782,0.160424164,0.197545919,0.169101917,0.303885685,0.367291819,1.887411264,0.61656418,0.220863052,1.272997033,0.324238125,0.61656418,0.20175846,1.156326075,0.267373607,0.797915704,0.202590457,1.112812453,0.863423662,1.008959027,0.238441816,1.944304399,1.148663611
NIL 8,0.595031828,0.824904403,0.862372687,0.810619264,0.637002515,0.580564802,0.178273612,0.187662774,0.164229446,0.288650338,0.371183262,1.892126018,0.639156376,0.231885381,1.256763185,0.341787092,0.639156376,0.21336547,1.156533987,0.272737684,0.808178433,0.204736895,1.132442361,0.82156554,1.015681884,0.231885381,1.927744787,1.137210879
NIL 8,0.602100587,0.81440892,0.843596104,0.784242844,0.628897759,0.567157635,0.147540679,0.168222256,0.139969378,0.276931807,0.393560014,1.89351486,0.609151024,0.210650763,1.284927305,0.305399061,0.609151024,0.210650763,1.177555792,0.251252722,0.785096442,0.192369509,1.152329537,0.765660347,0.974043574,0.210650763,1.875789631,1.117434748
NIL 8,0.604739166,0.808736084,0.837568069,0.795680908,0.629242359,0.564280216,0.176776695,0.181025607,0.162850454,0.30452666,0.376909553,1.868344042,0.621272669,0.2299383,1.25,0.338917195,0.621272669,0.211573896,1.157379379,0.270447577,0.788536962,0.194953217,1.138767114,0.832713734,0.994919527,0.239650647,1.948405446,1.128335895
NIL 8,0.608012745,0.810520949,0.856797576,0.803692513,0.640739991,0.565379573,0.171280329,0.189606127,0.157347868,0.295233745,0.377643865,1.87723074,0.615910245,0.221760113,1.261608804,0.328665525,0.615910245,0.202577925,1.176403005,0.270974475,0.792109639,0.193588954,1.165468914,0.845139923,1.001355703,0.258483334,1.989714096,1.154284364
NIL 8,0.578279626,0.801156532,0.838391185,0.778941073,0.625201341,0.565379573,0.169288629,0.186449562,0.15186367,0.252845432,0.388489638,1.879893704,0.62574358,0.2209941,1.254532228,0.32162467,0.62574358,0.202577925,1.171491674,0.263679499,0.794354337,0.185080268,1.161606718,0.679154978,0.993876452,0.15680808,1.814016611,1.092080732
NIL 8,0.628951138,0.839753664,0.886629617,0.826172973,0.638698642,0.572760245,0.183746068,0.206490574,0.183271884,0.299087835,0.373131731,1.901736799,0.643314165,0.233393823,1.260183026,0.325823277,0.643314165,0.205222452,1.180314812,0.282325384,0.798536775,0.206068734,1.153770737,0.83788639,1.01793865,0.234880423,1.968822427,1.144608573
NIL 8,0.594105376,0.793523821,0.839887995,0.806816602,0.64992014,0.584139124,0.131105163,0.165013356,0.145852579,0.305664694,0.378318086,1.880582228,0.598671095,0.221388649,1.281976966,0.322198878,0.598671095,0.193934575,1.213507482,0.260909025,0.772660834,0.203776463,1.195991148,0.839482644,0.98352667,0.249232996,2.01170841,1.163095445
NIL 8,0.614951981,0.82260636,0.859978673,0.807173082,0.648141448,0.591792481,0.167175352,0.18922965,0.165600667,0.299635878,0.392506223,1.918150492,0.637955249,0.215146949,1.280420237,0.3304093,0.637955249,0.205598498,1.176257109,0.275014886,0.828003333,0.196475495,1.164241605,0.843366098,1.036621991,0.252498433,1.982632012,1.182108249
NIL 8,0.598294665,0.826824193,0.855448133,0.804286068,0.630733967,0.570382814,0.170786724,0.200103529,0.160362895,0.270835269,0.39016207,1.886035011,0.624546781,0.222949754,1.263518546,0.331574002,0.624546781,0.204370608,1.16449903,0.266012891,0.797064861,0.197061604,1.153479226,0.761744995,0.99333297,0.19530209,1.885806221,1.116682423
NIL 8,0.621436935,0.825843768,0.862695356,0.809722951,0.650188934,0.582150866,0.172355595,0.191211364,0.169786813,0.310647745,0.366701554,1.904006747,0.633760453,0.236054163,1.271467098,0.331453067,0.633760453,0.2158266,1.168069953,0.265162453,0.814053051,0.197096163,1.149258246,0.850382231,1.014744525,0.244467703,1.970961631,1.162186192
NIL 8,0.636356649,0.842832044,0.890327427,0.836745763,0.656744067,0.583427266,0.169394228,0.197727404,0.174607574,0.30361287,0.3911228,1.929347464,0.652222775,0.236924944,1.281699911,0.356583904,0.652222775,0.199083265,1.185835218,0.265819434,0.820841329,0.209186441,1.150525424,0.840594857,1.030123755,0.227266206,1.962936707,1.151148762
NIL 8,0.646181574,0.883798238,0.944557572,0.891619614,0.683318241,0.609788366,0.149573486,0.211984243,0.176759648,0.316684853,0.405602044,1.991350632,0.667758668,0.23567953,1.326606302,0.325395687,0.667758668,0.216039569,1.199967856,0.266771114,0.848959883,0.216930458,1.16100246,0.85122862,1.047566864,0.216039569,1.965566653,1.183704855
NIL 8,0.64597697,0.867847827,0.927281673,0.872972957,0.686161675,0.591922079,0.122701924,0.172452245,0.144926593,0.328339293,0.409006412,1.965359867,0.618338101,0.221938067,1.347584925,0.338650284,0.618338101,0.202677248,1.219802531,0.231368966,0.825252017,0.212088219,1.161735018,0.890365616,1.018782713,0.260468551,1.989283557,1.232837571
NIL 8,0.630090297,0.909895405,0.958958726,0.894619787,0.687339011,0.595574542,0.111546281,0.141096125,0.119018446,0.322995645,0.391819098,1.988914531,0.582576261,0.177182302,1.412723847,0.324178783,0.582576261,0.19566512,1.24988514,0.244776987,0.846576748,0.19566512,1.184380221,0.830252088,1.06318384,0.244776987,1.952390846,1.286191238
NIL 8,0.618709052,0.896273447,0.945191947,0.870730936,0.685906738,0.586658252,0.096367918,0.08177089,0.087264861,0.319325534,0.376945178,1.938169431,0.519493696,0.166356819,1.42207182,0.298895938,0.519493696,0.192735836,1.275919969,0.242648218,0.753890356,0.183352469,1.179316547,0.79467021,0.978312372,0.231283003,1.890383893,1.222391999
NIL 8,0.641662504,0.875411991,0.907447816,0.840444022,0.658815954,0.639861764,0.125575598,0.139366699,0.138675049,0.316227766,0.424490645,1.999471084,0.697936519,0.225746624,1.320984481,0.380788655,0.697936519,0.16927447,1.184840139,0.280795573,0.862576641,0.208012574,1.042371556,0.862242158,1.117775951,0.235339362,1.843908891,1.204239307
NIL 8,0.659278732,0.958127076,0.971491358,0.920584763,0.748961517,0.685020299,0.118769683,0.099591407,0.140843518,0.333627084,0.457350035,2.134191153,0.770001818,0.243495955,1.375579706,0.366674348,0.770001818,0.193570901,1.265416286,0.264329261,0.922378694,0.222693156,1.157052338,0.890896332,1.150078339,0.211004295,1.965371363,1.294603165
NIL 8,0.631099092,0.931219612,0.973008511,0.903528642,0.698761548,0.652088447,0.129349447,0.145671408,0.151843732,0.325731171,0.417188342,2.026603315,0.704722172,0.223127224,1.333341835,0.388573795,0.704722172,0.194286897,1.180419038,0.294477497,0.905446126,0.214263852,1.066068832,0.875194909,1.164057381,0.223127224,1.881405267,1.3036292
NIL 8,0.629966494,0.923629366,0.954804003,0.877058019,0.711637028,0.659091149,0.129349447,0.101004948,0.111563612,0.313603693,0.428527703,2.026603315,0.713927097,0.23427923,1.331197705,0.377385631,0.713927097,0.186243922,1.215505484,0.265702535,0.861330024,0.214263852,1.090198584,0.843255223,1.098495567,0.214263852,1.858600834,1.220531024
NIL 8,0.636190538,0.928330029,0.930454357,0.873996392,0.700021153,0.667538094,0.133300424,0.098357689,0.09935627,0.315759164,0.421532952,2.028425831,0.675622633,0.222167373,1.359402923,0.335170979,0.675622633,0.183203909,1.249916088,0.261365539,0.833290555,0.210766476,1.130480508,0.842128643,1.066866138,0.219485173,1.897938821,1.204220941
NIL 8,0.617055752,0.859026886,0.891806854,0.825957952,0.666682144,0.634127262,0.12341115,0.125648393,0.125648393,0.325089998,0.417174035,2.005286475,0.698384891,0.221855608,1.315413257,0.351709897,0.698384891,0.185367392,1.181990916,0.264617249,0.876047452,0.223523719,1.054689521,0.877847733,1.114623185,0.23208468,1.869934962,1.217138632
NIL 8,0.619061063,0.878112909,0.907086776,0.834760358,0.649079502,0.602855388,0.143720262,0.158948405,0.141324757,0.306133945,0.3884646,1.935323299,0.637134675,0.212690579,1.30294988,0.334639526,0.637134675,0.1942323,1.162240217,0.269351737,0.828190573,0.214289779,1.054506336,0.854066648,1.06473629,0.249615614,1.857183189,1.178648096
NIL 8,0.610113684,0.826629813,0.864834859,0.796153794,0.628087494,0.62109313,0.130937929,0.129035582,0.11044973,0.310811876,0.391342175,1.936385258,0.629660337,0.190873191,1.31101499,0.310811876,0.629660337,0.18248387,1.187360626,0.218649151,0.798634674,0.190873191,1.101059047,0.821127224,0.984632999,0.24529869,1.852098016,1.107850475
NIL 8,0.593520974,0.832315087,0.877969204,0.845292589,0.665424171,0.618903397,0.127942531,0.133575924,0.131724898,0.2277952,0.389962454,1.927139017,0.655635255,0.208275351,1.277504729,0.319856327,0.655635255,0.209841353,1.154676911,0.255885062,0.821327274,0.191913796,1.114275881,0.623908443,1.008800691,0.14475045,1.691988576,1.063155472
NIL 8,0.590117531,0.807317348,0.835226524,0.802220659,0.630060341,0.613504136,0.108360499,0.127458926,0.126826371,0.324834004,0.404454846,1.92763568,0.618465519,0.190239557,1.311472987,0.307014137,0.618465519,0.172502515,1.194122651,0.224378756,0.789996976,0.190239557,1.118663234,0.835322809,0.978208767,0.251103404,1.901296088,1.090190516
NIL 8,0.584777706,0.785628723,0.795359734,0.772923353,0.59574526,0.597022314,0.150145905,0.152661087,0.154643782,0.306566868,0.376175487,1.868893967,0.636177657,0.22690339,1.241636146,0.349300247,0.636177657,0.195142848,1.134516951,0.219741592,0.796029752,0.192786912,1.095375587,0.83606812,0.964645399,0.244357497,1.885124354,1.103894649
NIL 8,0.568101305,0.773458146,0.79908934,0.750998565,0.584149688,0.559130046,0.169980538,0.163482047,0.156252709,0.238579055,0.36555697,1.810312684,0.601092139,0.212645586,1.210566977,0.313428626,0.601092139,0.204683673,1.111521963,0.240388783,0.770838783,0.187749641,1.07343753,0.686792898,0.962230987,0.186978592,1.726327904,1.055523029
NIL 8,0.583136751,0.800825082,0.819705801,0.770754439,0.615364225,0.545144634,0.174051287,0.179196767,0.148709484,0.244292622,0.376731587,1.843341999,0.612032237,0.226935113,1.236866784,0.334794334,0.612032237,0.219124971,1.106287284,0.270200258,0.795416284,0.194595254,1.095970422,0.720265359,0.985274801,0.191456415,1.784556252,1.085415976
NIL 8,0.57640499,0.767517999,0.785899682,0.763730162,0.609756098,0.550944244,0.165871592,0.177563656,0.158536585,0.217127973,0.354498582,1.812648074,0.603381311,0.215753732,1.213460595,0.328363708,0.603381311,0.200014872,1.111965102,0.267737785,0.767905439,0.192821809,1.102967713,0.652866284,0.962487977,0.155218562,1.725426604,1.060414766
NIL 8,0.560396069,0.739260918,0.7648783,0.725578639,0.57038164,0.536724692,0.184432984,0.184432984,0.150276151,0.261638073,0.346980116,1.750733287,0.590802237,0.226974206,1.167242859,0.32945283,0.590802237,0.185577357,1.090149647,0.277095532,0.726939039,0.181346022,1.074500754,0.70134461,0.936064827,0.194852603,1.759137853,1.015685035
NIL 8,0.577638337,0.759933504,0.72635502,0.703315568,0.583043833,0.539472838,0.208544144,0.182665281,0.17386654,0.313442362,0.341526756,1.786716836,0.623005873,0.219536346,1.16572076,0.320416099,0.623005873,0.169716382,1.097681728,0.27979133,0.768145205,0.192546112,1.048448502,0.870725795,1.002278881,0.262977716,1.910965602,1.072450335
NIL 8,0.534397697,0.718660738,0.710541071,0.696510864,0.563909447,0.521896174,0.184789048,0.173624283,0.163331986,0.270609112,0.349163905,1.746239696,0.594537403,0.196677756,1.151751107,0.299615155,0.594537403,0.164146614,1.083052415,0.256436419,0.750705506,0.192218918,1.051241509,0.759888789,0.961580221,0.221855106,1.802655401,1.012460714
NIL 8,0.538322536,0.700702907,0.692790365,0.670815559,0.540246841,0.509349607,0.194955184,0.171220278,0.161070488,0.266862254,0.341871874,1.708030828,0.580747904,0.201499116,1.130366017,0.320930674,0.580747904,0.164260312,1.045098015,0.252885796,0.737590289,0.173851698,1.007753056,0.749367355,0.943672389,0.236998133,1.747002325,0.987796861
NIL 8,0.553614695,0.697485832,0.698861352,0.679451652,0.562465224,0.539939987,0.175694143,0.175694143,0.15405971,0.302275633,0.337852929,1.779827822,0.618128296,0.208543019,1.163361185,0.309230565,0.618128296,0.178790313,1.096771851,0.243730553,0.758543058,0.199120029,1.059163543,0.811834539,0.955089766,0.237169017,1.862505243,0.981723505
NIL 8,0.543306844,0.703237882,0.713477241,0.678582185,0.553979962,0.527144466,0.184579892,0.184579892,0.174575038,0.281635589,0.3487687,1.736923079,0.597439305,0.205396971,1.143019923,0.310622856,0.597439305,0.166378066,1.079856456,0.246886387,0.727515416,0.186016333,1.024844425,0.807619425,0.934720505,0.249567099,1.820425032,0.985657055
NIL 8,0.552946801,0.700863409,0.694896893,0.669711048,0.546212096,0.531617641,0.195791815,0.172459369,0.162596252,0.290178512,0.339510943,1.738525786,0.614648245,0.211999576,1.126793203,0.312760136,0.614648245,0.165816293,1.080317204,0.246052778,0.734568049,0.195453952,1.019635382,0.829878275,0.946136961,0.258369487,1.837733309,1.006653346
NIL 8,0.574372682,0.754774469,0.757314583,0.712132754,0.582553859,0.548348312,0.199106371,0.187759879,0.167692317,0.295601036,0.340458821,1.781631625,0.632563968,0.208528715,1.149282594,0.285209234,0.632563968,0.168914878,1.103927395,0.247067853,0.770512807,0.18332398,1.070684306,0.836823965,0.974925694,0.260051699,1.895268819,1.071004554
NIL 8,0.569458074,0.765479903,0.776157077,0.723918089,0.600248495,0.551383383,0.177917042,0.178311975,0.156008888,0.292948452,0.350455929,1.791031556,0.628640215,0.204066702,1.162391341,0.300065647,0.628640215,0.171063738,1.104806097,0.254669393,0.777515342,0.175127576,1.077275895,0.814627803,0.984545749,0.250210941,1.878483446,1.081967091
NIL 8,0.57919672,0.780234124,0.772639283,0.72960525,0.583704156,0.56494365,0.205132172,0.193065573,0.181400749,0.304547173,0.351798772,1.822216165,0.651596311,0.214839676,1.170708809,0.313731557,0.651596311,0.18418863,1.09567105,0.254545171,0.824776491,0.188872139,1.059664456,0.846813892,1.037236259,0.264916114,1.897988084,1.094540909
NIL 8,0.572687987,0.760033713,0.777806021,0.742123528,0.57714477,0.551671675,0.214757995,0.191268476,0.191268476,0.301124819,0.347845427,1.778359434,0.644273985,0.203177604,1.134449245,0.324558282,0.644273985,0.172071325,1.097976139,0.268115872,0.802132389,0.181727574,1.068873755,0.823584735,1.033323767,0.278276342,1.890414103,1.076702492
NIL 8,0.572812255,0.751274125,0.760969601,0.732567269,0.587533599,0.547397596,0.190895996,0.191268476,0.179362255,0.294673956,0.352520159,1.778359434,0.644273985,0.212425411,1.134449245,0.339562205,0.644273985,0.160071159,1.090691772,0.268115872,0.817774082,0.181727574,1.065539143,0.801777385,1.049724587,0.261939114,1.866886955,1.056213609
NIL 8,0.550591214,0.703513686,0.736615734,0.707397313,0.568222414,0.533019314,0.199313892,0.187631233,0.187265836,0.279186686,0.34022555,1.734737752,0.62031808,0.199313892,1.115826372,0.319674492,0.62031808,0.178655557,1.056292301,0.253198715,0.804184263,0.183198373,1.032685023,0.791478589,1.02201788,0.256957968,1.823514595,1.030626887
NIL 8,0.566983312,0.716088867,0.741894022,0.720941021,0.585139425,0.541695533,0.193217354,0.193217354,0.180788511,0.304193049,0.345133007,1.775044909,0.626733505,0.196201583,1.150120626,0.340258302,0.626733505,0.167439618,1.096783634,0.260736899,0.821433534,0.18865252,1.077542667,0.820991309,1.048019077,0.260736899,1.897466123,1.096253723
NIL 8,0.56471455,0.705789417,0.722393955,0.708129703,0.576434124,0.536545317,0.187871604,0.188238183,0.187871604,0.293549382,0.346736374,1.745570116,0.626299834,0.207736749,1.119435855,0.331489916,0.626299834,0.176129629,1.064058809,0.290005396,0.787325491,0.183790984,1.054557513,0.816384,1.024314899,0.263868076,1.870478601,1.048394675
NIL 8,0.569625748,0.750695635,0.758873913,0.741840143,0.585717196,0.55516326,0.206291739,0.193203322,0.194327696,0.299357822,0.356086205,1.786335611,0.644286661,0.222222222,1.142052835,0.345107942,0.644286661,0.171286728,1.089195635,0.2942193,0.816140731,0.177941101,1.077127356,0.818095988,1.061780749,0.267590991,1.893765332,1.113070168
NIL 8,0.574138517,0.752028886,0.769111726,0.744517676,0.594500342,0.556579753,0.196687904,0.194823521,0.184825821,0.30012163,0.362070284,1.806112897,0.637627903,0.213760218,1.168941127,0.346199386,0.637627903,0.188733775,1.086949794,0.294969997,0.820539257,0.194823521,1.072074189,0.830882039,1.059954551,0.24791098,1.896981852,1.144265295
NIL 8,0.584975668,0.758859046,0.765778156,0.748215604,0.598891075,0.554670136,0.183888632,0.183888632,0.178707628,0.289508254,0.356808266,1.810693988,0.627178285,0.214030952,1.18382646,0.350474493,0.627178285,0.178707628,1.107515054,0.274124987,0.811050842,0.19007148,1.090155634,0.831896642,1.035776216,0.263644971,1.913029556,1.141252228
NIL 8,0.575566591,0.757648707,0.756132271,0.745334605,0.584962199,0.554879231,0.1949874,0.183227873,0.174402032,0.313493757,0.352282983,1.807246691,0.627559322,0.222803321,1.179694292,0.349215148,0.627559322,0.178065485,1.121717273,0.271559606,0.80573625,0.203977662,1.10119278,0.831327092,1.034623005,0.254655364,1.925774733,1.136078483
NIL 8,0.58756815,0.762314325,0.785575244,0.757635113,0.594462519,0.560464638,0.185406211,0.201490961,0.179725017,0.30137729,0.353841397,1.821571081,0.612145555,0.229670537,1.2107216,0.361300232,0.612145555,0.180957431,1.139934985,0.294665366,0.788493333,0.190140748,1.136159278,0.840696957,1.024373293,0.258791199,1.968563125,1.154529434
NIL 8,0.594647751,0.75849587,0.78081075,0.741745154,0.595022726,0.565816842,0.174594591,0.186136617,0.186136617,0.310414042,0.362560083,1.832584053,0.609710761,0.230079993,1.222891935,0.341655711,0.609710761,0.190479731,1.163509625,0.293168817,0.788108648,0.18969747,1.139360024,0.866046866,1.037368704,0.259252572,1.997842703,1.172485049
NIL 8,0.592135576,0.759848394,0.768693081,0.738964862,0.610103519,0.566775429,0.157590229,0.178983989,0.164881451,0.312840557,0.36366976,1.851226335,0.596955292,0.218538328,1.254294606,0.317271616,0.596955292,0.198820918,1.166328981,0.26586335,0.776207552,0.189356775,1.15487021,0.886920222,0.982506803,0.266966523,2.018758466,1.173426065
NIL 8,0.615235459,0.77485309,0.810988108,0.779179714,0.625580415,0.568235161,0.149367043,0.17569283,0.140945116,0.30904261,0.38181461,1.885230849,0.60811545,0.22009389,1.277150136,0.271113343,0.60811545,0.202747027,1.206707517,0.236170031,0.7467329,0.195455709,1.209427111,0.860893094,0.90654372,0.254843065,2.022565245,1.132429286
NIL 8,0.640973923,0.832456552,0.852829387,0.820414598,0.659719427,0.601319939,0.161371629,0.203632626,0.183042965,0.314412995,0.386580331,1.946881264,0.645486518,0.239560608,1.302484962,0.318865546,0.645486518,0.211228978,1.218873529,0.246050238,0.803562313,0.201174195,1.225184934,0.941214582,0.970112329,0.275619599,2.12298122,1.211229045
NIL 8,0.636091593,0.837986556,0.85689653,0.823699328,0.669346263,0.617010577,0.145592647,0.19877529,0.175195813,0.328665525,0.390231753,1.968722704,0.647715491,0.23476109,1.321994064,0.341817306,0.647715491,0.205899096,1.227476404,0.248788825,0.826986742,0.205899096,1.226716335,0.957109718,1.004821343,0.274703657,2.143408603,1.244966123
NIL 8,0.649640453,0.853016188,0.889471229,0.834452202,0.670210444,0.606410814,0.147493267,0.216368149,0.187496374,0.332956046,0.407252388,1.976629906,0.666695672,0.245389083,1.309952797,0.319349321,0.666695672,0.208586979,1.214972151,0.243252128,0.85087126,0.208586979,1.205769862,0.960406574,1.030343668,0.274511876,2.130203136,1.240347346
NIL 8,0.658866035,0.851896299,0.889633407,0.845805717,0.680456744,0.599099687,0.177611208,0.22776132,0.188152417,0.326963319,0.403281319,1.947883894,0.669944623,0.24624769,1.278924035,0.320466712,0.669944623,0.22776132,1.174638529,0.252918472,0.844457819,0.217125212,1.188948998,0.954815126,1.007507744,0.272915739,2.108850045,1.209988804
NIL 8,0.661663181,0.827065111,0.87241098,0.839943205,0.702551053,0.62266076,0.184241565,0.230675116,0.214176468,0.334554339,0.415524428,1.976188529,0.718050368,0.248666167,1.266795422,0.357616985,0.718050368,0.233049194,1.14306846,0.258790411,0.8904179,0.225445532,1.143309216,1.044777313,1.056912589,0.267163146,2.144889381,1.279979931
NIL 8,0.671976082,0.854697134,0.877962165,0.842206108,0.694413743,0.632365756,0.160430911,0.214888665,0.204510086,0.34474535,0.426683778,2.000425768,0.694413743,0.248004908,1.310659148,0.343920928,0.694413743,0.217514694,1.190741472,0.264260212,0.871471473,0.221822333,1.169331156,1.044523587,1.059365785,0.278554721,2.165904678,1.299930121
NIL 8,0.684670473,0.839617987,0.872339689,0.849032044,0.70213797,0.632365756,0.172372675,0.214888665,0.195521392,0.3327335,0.426683778,2.006094046,0.705901371,0.236681575,1.30479811,0.316706174,0.705901371,0.236681575,1.175223657,0.272371479,0.877530945,0.217514694,1.175223657,1.02808775,1.045610123,0.278554721,2.14716862,1.289331993
NIL 8,0.658939105,0.847037259,0.875311947,0.822205756,0.703681239,0.626698436,0.170827855,0.212962813,0.193769111,0.336723773,0.396311995,1.982497767,0.670681837,0.232170941,1.312295302,0.283695737,0.670681837,0.215565307,1.217132959,0.261891887,0.842747322,0.196625812,1.199829604,1.025057801,1.036508293,0.294938718,2.182900768,1.292601193
NIL 8,0.669195654,0.881597819,0.909678523,0.845519014,0.704180993,0.619987407,0.156203071,0.216614685,0.16496883,0.345770237,0.399417744,1.973596358,0.615734626,0.213120671,1.365119427,0.263523138,0.615734626,0.216614685,1.251500601,0.27124449,0.813964089,0.194712385,1.266112373,0.971052492,1.004681235,0.293190997,2.205856592,1.258156571
NIL 8,0.666019903,0.824946038,0.871100013,0.819478144,0.690582428,0.600892613,0.155414728,0.20740862,0.151392223,0.331949407,0.404488219,1.960469706,0.647360922,0.226115788,1.314251384,0.257811665,0.647360922,0.209943239,1.224168927,0.263560304,0.807667767,0.191497697,1.250810738,0.928414485,0.971563235,0.273732494,2.14483504,1.187098607
NIL 8,0.638647715,0.801057263,0.837928491,0.789879172,0.629297345,0.590416911,0.172160935,0.228469373,0.190763155,0.31874321,0.373015359,1.91714598,0.648879007,0.236612573,1.268369065,0.282598094,0.648879007,0.210462391,1.17839098,0.245157279,0.813398422,0.202893607,1.166523558,0.917653491,0.991068296,0.272210339,2.055463456,1.150104342
NIL 8,0.636168661,0.837125776,0.850882285,0.792337663,0.656695488,0.601319939,0.185741533,0.227850259,0.193182871,0.327842204,0.382265683,1.938000707,0.646000236,0.23747441,1.292000471,0.318865546,0.646000236,0.201174195,1.202984623,0.246050238,0.825151966,0.201174195,1.187372048,0.952077806,1.012772962,0.282455409,2.114840265,1.186323904
NIL 8,0.62362397,0.836775985,0.858052942,0.800327391,0.647664727,0.603059256,0.182071592,0.236539301,0.19782125,0.314844055,0.384448665,1.936909155,0.663817218,0.25241396,1.274501145,0.296868085,0.663817218,0.208564985,1.195615102,0.25241396,0.839669743,0.207008509,1.173913304,0.932730971,1.039485643,0.287740001,2.09145678,1.16061388
NIL 8,0.605989151,0.799108666,0.819118967,0.765211502,0.588828886,0.554317688,0.161738994,0.19683583,0.148997403,0.302702757,0.362440508,1.846522046,0.620743424,0.227182726,1.225898876,0.29537345,0.620743424,0.185747846,1.148294525,0.219264505,0.786265012,0.185747846,1.13591363,0.798134845,0.951897367,0.252252298,1.909283109,1.066576224
NIL 8,0.538322536,0.708710148,0.716808916,0.670815559,0.556101546,0.534817087,0.182230455,0.182230455,0.183648612,0.282906913,0.35745312,1.765908548,0.620173673,0.193954552,1.145810215,0.326341688,0.620173673,0.173851698,1.06184429,0.249789118,0.801153663,0.189557452,0.986417026,0.805513495,1.027889717,0.243743878,1.785086894,1.036435713
NIL 8,0.57451606,0.76207811,0.796223362,0.752523407,0.602339152,0.562560396,0.194951634,0.193446193,0.182960756,0.29934392,0.362913063,1.798909836,0.646355304,0.205180672,1.15284234,0.331990669,0.646355304,0.191165805,1.065189861,0.257045155,0.844598131,0.194951634,1.029459363,0.823567491,1.064228808,0.25647584,1.846705209,1.114678611
NIL 8,0.587970942,0.790051243,0.796638805,0.76842932,0.609979412,0.571965983,0.193900758,0.197488126,0.190245756,0.300285875,0.380696463,1.863099258,0.683320333,0.222382504,1.18315003,0.355039494,0.683320333,0.195103876,1.061670893,0.283173458,0.87654477,0.232332002,0.998360591,0.866070438,1.114994946,0.239929787,1.851971164,1.150527248
NIL 8,0.576743097,0.806366164,0.83212504,0.801538785,0.63899278,0.575058352,0.177119397,0.189043346,0.159336431,0.324206664,0.34216418,1.838217259,0.615270321,0.218781762,1.224810886,0.389255766,0.615270321,0.180734451,1.112233514,0.307832215,0.834453753,0.190746474,1.115572472,0.893142627,1.077825418,0.27214352,1.991451654,1.291140575
NIL 8,0.594595523,0.824242203,0.858183942,0.81810632,0.645648986,0.599097967,0.160302871,0.168476347,0.147763531,0.321912742,0.378503675,1.893538684,0.621120813,0.215692711,1.274870158,0.368384429,0.621120813,0.184192215,1.186150626,0.284228827,0.804442653,0.192660074,1.155960441,0.897969194,1.037425303,0.28775246,2.016767136,1.283273966
NIL 8,0.610738994,0.869824935,0.921426903,0.879949756,0.696888631,0.620125901,0.111878727,0.084409572,0.100067376,0.346921206,0.416305447,2.004808393,0.627534338,0.177710367,1.379403388,0.313997232,0.627534338,0.188745542,1.29887596,0.280984761,0.819204313,0.180931965,1.229726799,0.892660015,1.069958093,0.280984761,2.055507413,1.369877588
NIL 8,0.631425473,0.898647388,0.964483192,0.922219172,0.733095358,0.636079581,0.129151956,0.135305459,0.134551662,0.356561191,0.439366731,2.041972116,0.659474357,0.205695945,1.382501359,0.342892497,0.659474357,0.205695945,1.286627725,0.273972672,0.855746858,0.205695945,1.242471224,0.951423925,1.083288998,0.276926641,2.126444371,1.392251602
NIL 8,0.604300942,0.862656864,0.919370869,0.877854039,0.694146754,0.627850782,0.127225549,0.144650633,0.144650633,0.351242788,0.428919078,2.014407247,0.679053241,0.210745673,1.337381996,0.347854515,0.679053241,0.202627821,1.235256518,0.269886145,0.857492926,0.214459539,1.182598529,0.954139898,1.076981643,0.269886145,2.065116433,1.36043002
NIL 8,0.623300464,0.867426162,0.923645984,0.881704809,0.695589959,0.627894684,0.127490065,0.12592571,0.113507901,0.349713177,0.429810846,2.020950723,0.674760905,0.211183836,1.346433824,0.3589435,0.674760905,0.203049106,1.267103015,0.268977434,0.858814265,0.195590641,1.247634034,0.911766492,1.071664045,0.281578448,2.09908187,1.363258499
NIL 8,0.622991823,0.872574432,0.929707715,0.888318024,0.706686593,0.609008283,0.113451695,0.094397516,0.107168785,0.360417799,0.441644093,2.027777401,0.645625033,0.199007438,1.382349843,0.309902572,0.645625033,0.191399225,1.32343687,0.253685702,0.80222463,0.207769865,1.253904792,0.918996439,1.024936608,0.268844244,2.087634504,1.342821029
NIL 8,0.610401994,0.863573648,0.928018424,0.885503921,0.694176681,0.611506223,0.111932627,0.150173377,0.142939727,0.364426229,0.423845886,2.003562748,0.636980396,0.208253004,1.366593952,0.314761478,0.636980396,0.211922943,1.251444809,0.255999711,0.833127705,0.211922943,1.207548221,0.949779831,1.038670195,0.275580274,2.088306836,1.321855312
NIL 8,0.649993705,0.858235666,0.915135794,0.873800793,0.691340067,0.611211763,0.131647342,0.19722707,0.180931965,0.325144948,0.411887671,2.010754831,0.670698381,0.216763299,1.342831565,0.344693759,0.670698381,0.216763299,1.19735571,0.265116813,0.876001806,0.227597233,1.157864792,0.974348449,1.075791416,0.275447573,2.071139938,1.310021513
NIL 8,0.610868879,0.825600832,0.850664776,0.829349931,0.670099888,0.599148483,0.151807639,0.178631565,0.169464782,0.310828048,0.384046325,1.915841461,0.620657222,0.210519318,1.297045037,0.357758984,0.620657222,0.207977744,1.174388389,0.264283507,0.825600832,0.226736245,1.129922115,0.924848527,1.042017461,0.264283507,2.020151976,1.233578537
NIL 8,0.628441001,0.834546337,0.87968908,0.830609776,0.668182302,0.599222609,0.153853157,0.193202022,0.162487044,0.316170181,0.394102556,1.945824895,0.636501957,0.213355941,1.310568282,0.37224345,0.636501957,0.210780121,1.171555325,0.26784457,0.864025707,0.229791381,1.126066703,0.912505176,1.085057082,0.257798964,2.006408161,1.253763453
NIL 8,0.620085714,0.823450827,0.849204765,0.809883987,0.659298645,0.594544721,0.164690165,0.185448282,0.151807639,0.310828048,0.397207055,1.941211862,0.661044067,0.218372572,1.280400576,0.358254153,0.661044067,0.207123623,1.174388389,0.25437146,0.867073846,0.207123623,1.158047615,0.869523788,1.065818371,0.25437146,1.999911361,1.222390531
NIL 8,0.606969536,0.808644285,0.834657032,0.778465531,0.62081215,0.577845636,0.149390751,0.182495811,0.159935609,0.297052762,0.389563418,1.90071141,0.630007834,0.223126439,1.271138856,0.343923337,0.630007834,0.194781709,1.161987346,0.259414991,0.829188548,0.194781709,1.122000054,0.832082036,1.04236443,0.23180575,1.921462247,1.195844019
NIL 8,0.596442154,0.791210158,0.836357127,0.790569415,0.626012693,0.584137155,0.158113883,0.176776695,0.145309548,0.294085849,0.376909553,1.863636738,0.617864675,0.211573896,1.246413775,0.343373565,0.617864675,0.174855152,1.185854123,0.286226616,0.780029452,0.176776695,1.160294697,0.789500355,1.016169942,0.248305065,1.932125283,1.150866301
NIL 8,0.573355671,0.768907598,0.802002566,0.76560223,0.614842568,0.555238458,0.151601583,0.16559331,0.163667741,0.293912453,0.3565389,1.787666664,0.580362314,0.204947523,1.207376808,0.328302502,0.580362314,0.17804703,1.131754656,0.276116446,0.758007917,0.188847394,1.07065351,0.817078753,1.003559997,0.258321637,1.871612225,1.131824679
NIL 8,0.589310903,0.797370931,0.824320541,0.786907263,0.63195229,0.570689528,0.155820323,0.168719221,0.163681687,0.302091393,0.35977406,1.822130827,0.581156433,0.210650763,1.240975461,0.36255586,0.581156433,0.192369509,1.146356236,0.275111863,0.797265924,0.194102603,1.117659501,0.82187931,1.033271034,0.256855111,1.924652351,1.186692229
NIL 8,0.629063506,0.881795673,0.913574491,0.869468417,0.685936489,0.619180696,0.155222625,0.188836473,0.177795981,0.358292016,0.392930983,1.958021282,0.639547353,0.231068051,1.320031307,0.344859821,0.639547353,0.219517941,1.199540519,0.295167974,0.835899416,0.208253004,1.175190071,0.976595822,1.062521259,0.28889762,2.105404801,1.338375521
NIL 8,0.661963121,0.949070346,0.980395449,0.933013486,0.727946125,0.665914231,0.133560492,0.176832335,0.181517447,0.385737326,0.4171054,2.047751051,0.668430685,0.229054354,1.379964566,0.350385786,0.668430685,0.229054354,1.222472337,0.253413216,0.897939813,0.233590524,1.167683063,1.055142804,1.101368032,0.278656649,2.153403319,1.383837146
NIL 8,0.656865345,0.919059329,0.96064699,0.924785611,0.747788618,0.645169478,0.178544596,0.225302955,0.19381293,0.351934466,0.432675539,2.009621527,0.719277697,0.245156119,1.293639261,0.367734179,0.719277697,0.237157447,1.169493795,0.273722228,0.916625903,0.249262873,1.161916848,1.045172611,1.111545318,0.286763845,2.164831971,1.362067703
NIL 8,0.664242632,0.919059329,0.968331025,0.932765116,0.747788618,0.655627726,0.173936216,0.211832709,0.191175896,0.351934466,0.435948118,2.004259424,0.698802456,0.24223997,1.319667702,0.367734179,0.698802456,0.237157447,1.182357621,0.302946612,0.87108078,0.229764832,1.177884191,1.037861918,1.069085667,0.274092874,2.15933812,1.35151729
NIL 8,0.645920719,0.897106627,0.949503211,0.904185322,0.718614831,0.630049451,0.151249561,0.197490348,0.184227091,0.331201383,0.428892757,1.960609663,0.627066245,0.216513117,1.335027675,0.343157923,0.627066245,0.227905126,1.17485053,0.293053523,0.851312396,0.239538277,1.150986663,1.004396859,1.068180141,0.270077876,2.109197844,1.329397591
NIL 8,0.655000021,0.895345537,0.93263978,0.910343993,0.739134973,0.638100468,0.142683602,0.185885999,0.19423903,0.349234715,0.423885297,2.005828265,0.675080759,0.235129257,1.332406913,0.337540379,0.675080759,0.235129257,1.191819332,0.322543589,0.87913599,0.235129257,1.163669951,1.03469871,1.120745389,0.275035231,2.16062153,1.365362103
NIL 8,0.669127011,0.943501187,0.973722826,0.942534429,0.769795485,0.674404714,0.14018395,0.202296379,0.197738429,0.371164884,0.477194666,2.115199298,0.73036147,0.242388172,1.387677303,0.356691078,0.73036147,0.244882799,1.221183235,0.316035511,0.952795937,0.256598495,1.188307433,1.102615867,1.1821539,0.268557585,2.244613578,1.420003538
NIL 8,0.726937114,0.974729737,1.030584802,1.007489928,0.855933108,0.720312031,0.159673889,0.250517007,0.258227021,0.377222476,0.48691754,2.205057678,0.788482134,0.253972578,1.42602893,0.40935881,0.788482134,0.266123148,1.222385095,0.33173146,1.036488364,0.298904807,1.179840839,1.27960688,1.276452509,0.291149314,2.420674372,1.515302924
NIL 8,0.778866477,0.975203212,1.051287477,1.007984814,0.859310324,0.723761315,0.148201014,0.254974665,0.258821944,0.399043442,0.538644939,2.224447357,0.817661405,0.252377233,1.43173225,0.331387541,0.817661405,0.259245895,1.256915856,0.349766952,0.981265314,0.292298089,1.209451032,1.360304484,1.189030321,0.298248787,2.490879476,1.512667066
NIL 8,0.860013819,1.17529054,1.295419959,1.197688627,1.064225958,0.795065402,0.134960707,0.268256928,0.294266907,0.542601367,0.596596298,2.551646287,0.94725011,0.318626494,1.615282346,0.373822427,0.94725011,0.307660724,1.471334537,0.379372586,1.120535,0.311518689,1.390150053,1.693523045,1.395402595,0.373822427,3.001393127,1.873261113
NIL 8,0.900557628,1.272604138,1.371588797,1.284154162,1.134558999,0.811212994,0.149603143,0.262102164,0.31930917,0.553621474,0.637156412,2.69712427,1.022744149,0.327953688,1.680123891,0.402432764,1.022744149,0.325097723,1.499352259,0.36304244,1.24893489,0.342330145,1.418383674,1.817693579,1.516052332,0.402432764,3.151199623,1.996344188
NIL 8,0.885338088,1.2505293,1.346127343,1.249588167,1.113024496,0.789079881,0.133944677,0.2662374,0.308697453,0.538516481,0.636396103,2.635615789,0.991285559,0.329438024,1.656804153,0.371008165,0.991285559,0.295057322,1.502644727,0.347258168,1.166316474,0.314829552,1.427564771,1.776480327,1.404300119,0.391452799,3.077097563,1.968950153
NIL 9,0.410829025,0.371510546,0.401789398,0.395091839,0.313905376,0.373973967,0.242535625,0.272824642,0.126989194,0.048507125,0.295543174,1.293621921,0.542326145,0.22927745,1.833609388,0.510941966,0.542326145,0.220212497,1.861580144,0.850689652,0.682387571,0.183227873,1.015235447,0.202140625,0.447406042,0.136569993,0.986566877,0.644589
NIL 9,0.40988847,0.37965251,0.405469058,0.384515325,0.298731436,0.377048297,0.244297614,0.286709921,0.09754604,0.016778429,0.300984627,1.281327221,0.547141458,0.21876395,1.825829232,0.531852381,0.547141458,0.220813305,1.865245209,0.845006729,0.702493408,0.1727445,1.02809473,0.200219462,0.460169637,0.109253214,1.005166542,0.657791457
NIL 9,0.411019679,0.386745612,0.405781789,0.384482855,0.304677193,0.377836789,0.245770345,0.28668571,0.097825951,0.016777012,0.29261341,1.288339089,0.550787036,0.218745476,1.83715561,0.522517075,0.550787036,0.226209875,1.872573112,0.86100568,0.702434086,0.172729912,1.020643708,0.188918395,0.473218819,0.109243989,1.019760845,0.655120307
NIL 9,0.406418852,0.37719946,0.408166898,0.386742773,0.300461948,0.380057642,0.247214936,0.287678664,0.105927314,0.016875624,0.287183263,1.274573349,0.554024458,0.212525692,1.826079793,0.537111647,0.554024458,0.228413928,1.881764534,0.878473099,0.723411384,0.174236224,1.012002921,0.207233766,0.469190915,0.109886104,1.003070981,0.671344489
NIL 9,0.41358877,0.374918178,0.403910774,0.38269328,0.296763943,0.383672904,0.24151099,0.297250043,0.092450033,0.015198692,0.296763943,1.276712724,0.557400494,0.222467525,1.829044312,0.54551448,0.557400494,0.236680282,1.902023822,0.869552475,0.729576783,0.160308377,1.042108361,0.217612149,0.449069262,0.096124967,1.02849784,0.663540835
NIL 9,0.405202891,0.380967582,0.402645484,0.389017082,0.288467976,0.374970109,0.240754434,0.303872661,0.084697114,0.016939423,0.296318879,1.279974892,0.555654383,0.220863052,1.830461208,0.534223313,0.555654383,0.22839971,1.896443852,0.859348123,0.717440053,0.167349153,1.046110512,0.208017216,0.440750631,0.0915356,1.036299564,0.644633514
NIL 9,0.408010674,0.39319535,0.413675793,0.392677062,0.299734162,0.385121278,0.24835078,0.299053941,0.091853688,0.007628034,0.298372169,1.288844256,0.566378283,0.222393484,1.850344607,0.550171096,0.566378283,0.23842944,1.908853487,0.87166765,0.728187604,0.161815028,1.046042344,0.21843364,0.453916071,0.103752474,1.032380443,0.668704941
NIL 9,0.400621285,0.383350997,0.412766237,0.377316003,0.299533796,0.376313629,0.249702013,0.29885403,0.099098147,0.015245869,0.290072437,1.277836658,0.570550033,0.223158068,1.846607675,0.559338493,0.570550033,0.238270055,1.914586136,0.911092151,0.760843704,0.168396125,1.016712002,0.212623852,0.50155201,0.113323067,1.001045418,0.712040835
NIL 9,0.402366971,0.390163341,0.422200455,0.380118449,0.295531393,0.377953395,0.256795109,0.30103378,0.099823995,0.007656151,0.306341724,1.283404762,0.570113417,0.222555761,1.852171502,0.544879177,0.570113417,0.240408016,1.915568352,0.916310457,0.754043419,0.169129902,1.013507831,0.20270735,0.506927392,0.113816866,1.010640923,0.705239144
NIL 9,0.39981882,0.378360074,0.400526089,0.373541922,0.293809483,0.379853213,0.237562817,0.287479787,0.090597223,0.010640104,0.285999195,1.266172411,0.559187844,0.219351369,1.82256632,0.540502636,0.559187844,0.228824095,1.874908957,0.85974413,0.724191793,0.166203742,1.0245763,0.199200258,0.461405273,0.102333246,1.016394535,0.656934894
NIL 9,0.408411222,0.389251692,0.401369121,0.382378744,0.296727898,0.396221317,0.251024361,0.31190637,0.105990721,0.023880022,0.287850865,1.290405357,0.554356091,0.219514436,1.841163672,0.537433157,0.554356091,0.237122731,1.904482323,0.919954428,0.72384441,0.181393883,1.000256582,0.201499851,0.506853126,0.117231211,0.991668072,0.703103457
NIL 9,0.408188069,0.400969384,0.431242013,0.403024146,0.314928393,0.402071455,0.272763028,0.324887596,0.108628294,0.024290025,0.315022052,1.326555629,0.564867127,0.23158472,1.889788915,0.56361233,0.564867127,0.248780138,1.959920552,0.943316494,0.762876948,0.184987318,1.033397122,0.197482533,0.539326077,0.134146047,1.023443417,0.733261099
NIL 9,0.408340207,0.389573639,0.421233325,0.386235826,0.300303832,0.38528729,0.257842538,0.309898255,0.114772422,0.030011632,0.308441616,1.2792183,0.571404445,0.218745476,1.848351688,0.548123244,0.571404445,0.243006204,1.930012781,0.940261358,0.763566042,0.180069791,1.010109895,0.182707748,0.520357904,0.131032654,0.983195897,0.702434086
NIL 9,0.41793983,0.391239814,0.410971445,0.391026817,0.298287252,0.391026817,0.258700317,0.313803516,0.104601172,0.023566953,0.30637039,1.282180869,0.576740691,0.218169405,1.855379384,0.560972694,0.576740691,0.247733407,1.933021773,0.93254883,0.762528424,0.179480567,1.015760283,0.209865007,0.500208232,0.12291019,0.99093363,0.708577981
NIL 9,0.409672768,0.409126355,0.426526609,0.398110857,0.317278286,0.39888273,0.26692473,0.323734431,0.112423815,0.016722034,0.314178494,1.305432974,0.592300013,0.233749871,1.89502777,0.569973661,0.592300013,0.256016469,1.969994707,0.956523729,0.781833328,0.18710753,1.025866459,0.195010751,0.505105083,0.13060326,1.039298288,0.690682757
NIL 9,0.413857027,0.396724416,0.42827828,0.400209617,0.308274587,0.400957356,0.270645712,0.332824649,0.09706509,0.010436503,0.31741385,1.297530603,0.594285315,0.237988887,1.888992645,0.563232846,0.594285315,0.259971595,1.982221383,0.956663638,0.793791946,0.177267008,1.042214303,0.191588729,0.502959329,0.130769009,1.018428389,0.693576107
NIL 9,0.402058864,0.397079615,0.423213509,0.396515537,0.315400922,0.39102083,0.270307975,0.318070532,0.106023511,0.015770046,0.311593126,1.271421765,0.615233946,0.221455473,1.879561929,0.568815748,0.615233946,0.247745367,1.951118644,0.955748065,0.773890008,0.183908761,1.009726387,0.222687347,0.476349377,0.124972019,1.002682302,0.694204523
NIL 9,0.412674746,0.387462234,0.422315834,0.396085112,0.309573786,0.396749938,0.26359258,0.312194074,0.110756485,0.030957379,0.305287472,1.276198924,0.588393825,0.223236832,1.861823178,0.545280634,0.588393825,0.250735656,1.936272051,0.951681378,0.766468684,0.187413628,0.997673272,0.214925377,0.492261258,0.142706464,0.973854379,0.704475945
NIL 9,0.405172342,0.386859784,0.414638156,0.389537046,0.297261431,0.389537046,0.257278903,0.31330011,0.102172801,0.02149221,0.307045391,1.263807752,0.598780845,0.226842108,1.858200139,0.544096855,0.598780845,0.252293283,1.935456764,0.945095354,0.767274915,0.177229306,1.007340604,0.208485517,0.483741863,0.135417981,0.971034136,0.691668612
NIL 9,0.386056226,0.423061957,0.427283635,0.371899454,0.310887046,0.365641405,0.27117056,0.296866484,0.106959308,0.019861845,0.302069864,1.249324248,0.668993402,0.234504387,1.915736453,0.565870895,0.668993402,0.230346027,1.887282904,0.926443823,0.752289495,0.183117161,0.967579713,0.20137991,0.469219006,0.119171069,1.005566581,0.649485362
NIL 9,0.381499327,0.408733463,0.424639754,0.369718121,0.304936192,0.377182655,0.269580041,0.288917012,0.106148461,0.025744783,0.299778337,1.277647576,0.628448225,0.234046927,1.902338961,0.557399654,0.628448225,0.221728911,1.882447327,0.905383934,0.719039781,0.181506898,0.987524031,0.187424852,0.488871836,0.126431913,1.019326671,0.657760174
NIL 9,0.375882411,0.408562933,0.422388115,0.367638487,0.308264473,0.362038263,0.268063676,0.287291878,0.099536319,0.018626715,0.291884579,1.229112297,0.668719533,0.231817598,1.897000839,0.551440253,0.668719533,0.215530401,1.864698636,0.892183136,0.756569786,0.168099724,0.982263683,0.192476055,0.472856116,0.111932627,1.010450406,0.654178197
NIL 9,0.381557014,0.412096956,0.432301667,0.364578658,0.303785067,0.358339593,0.269000844,0.290520372,0.100397297,0.019804116,0.294609105,1.251645189,0.659509766,0.240927468,1.90961386,0.565233197,0.659509766,0.229676521,1.893339763,0.906089702,0.763114029,0.169553768,0.997014801,0.181723672,0.479447787,0.112900831,1.028461123,0.647839822
NIL 9,0.379827711,0.405259933,0.423391452,0.367020828,0.299981401,0.362541466,0.258830957,0.286596813,0.101007203,0.0126259,0.296708657,1.268023261,0.618604694,0.229447732,1.882921388,0.562171668,0.618604694,0.23040106,1.895662361,0.89370061,0.741066138,0.170566521,1.011333827,0.189388505,0.468733892,0.117935642,1.038168444,0.644817721
NIL 9,0.368623689,0.398540141,0.426694747,0.363537456,0.297054282,0.34567323,0.256152783,0.276225169,0.089297784,0.020119055,0.286299167,1.227427234,0.647477318,0.225925428,1.873266587,0.556538293,0.647477318,0.219657329,1.871796663,0.859368647,0.761048287,0.160196196,1.018668091,0.191818068,0.434869539,0.108717385,1.02478889,0.622228728
NIL 9,0.38602419,0.411827242,0.428149937,0.376455944,0.301290029,0.357606767,0.251452802,0.28754728,0.090884311,0.023346807,0.292534647,1.265871978,0.620677928,0.229939378,1.88394964,0.561295297,0.620677928,0.223559915,1.891878261,0.880275352,0.74490583,0.169473225,1.017354649,0.187893542,0.451830658,0.098627903,1.047888963,0.624617283
NIL 9,0.375770152,0.393985919,0.413371545,0.356565044,0.279971943,0.348599162,0.240152746,0.278820895,0.099093269,0.014642371,0.284303426,1.228720943,0.622602171,0.225035671,1.849175568,0.548375868,0.622602171,0.227310731,1.866819088,0.869219314,0.750655417,0.151885933,1.002932966,0.188994391,0.430844158,0.109768967,0.983134655,0.617762325
NIL 9,0.392416648,0.384385605,0.401659402,0.354525138,0.281705162,0.367298594,0.239456571,0.288383664,0.08804711,0.009578263,0.2924901,1.285772534,0.547094075,0.224425873,1.831240117,0.527500598,0.547094075,0.241744425,1.883840017,0.863983732,0.718082309,0.163111939,1.022902867,0.169456768,0.439453372,0.107088234,1.033476364,0.596165115
NIL 9,0.380761056,0.374639793,0.39785741,0.3509512,0.281535126,0.350218455,0.242688507,0.290998378,0.091180437,0.034171313,0.289065883,1.258877862,0.554628943,0.211972344,1.811118291,0.519134119,0.554628943,0.237238511,1.866767307,0.862444957,0.716131598,0.166284787,1.004729591,0.174240193,0.39265798,0.095190264,1.050633136,0.533816728
NIL 9,0.387691252,0.351020784,0.378534902,0.364034772,0.279986079,0.350743078,0.220397161,0.266707264,0.081699369,0.040700325,0.280594462,1.262597906,0.496761743,0.202541706,1.759207551,0.49222951,0.496761743,0.219177957,1.824050985,0.776795002,0.689931063,0.162950864,1.047588728,0.160541107,0.387691252,0.09993908,1.054518726,0.538866949
NIL 9,0.383739779,0.346575372,0.379927165,0.366977282,0.283180989,0.352994633,0.220584945,0.269245411,0.109055088,0.028964222,0.289386544,1.277384597,0.484358583,0.210862721,1.761614775,0.482060733,0.484358583,0.220584945,1.829108412,0.819231921,0.678653424,0.176182486,1.011676793,0.161724325,0.43058412,0.117758041,1.015328628,0.580518371
NIL 9,0.376914425,0.348811672,0.375785439,0.362308133,0.284217883,0.34759142,0.220992739,0.256969826,0.102943434,0.021210552,0.277994028,1.24310646,0.512039504,0.205035339,1.755129591,0.468182872,0.512039504,0.208060515,1.791116405,0.781599178,0.676672394,0.170272581,1.011135204,0.169684418,0.411348633,0.107689836,1.02293128,0.57023566
NIL 9,0.384450034,0.347761645,0.374856829,0.361169998,0.283612443,0.354018839,0.225693698,0.261235614,0.094537481,0.022729034,0.287502064,1.275117029,0.488806355,0.208562883,1.76386675,0.502563558,0.488806355,0.219896795,1.813671511,0.788995449,0.681567894,0.165937514,1.027819877,0.172650914,0.447363743,0.104652331,1.035107251,0.611449031
NIL 9,0.378852757,0.356746372,0.384333733,0.36220097,0.290052959,0.340165281,0.228321525,0.261918512,0.091465912,0.02981424,0.304476407,1.295825374,0.489417421,0.210197542,1.781370553,0.501657384,0.489417421,0.219922743,1.817417546,0.790862853,0.71437161,0.167722148,1.027211467,0.180919944,0.476698888,0.110139543,1.04512563,0.645628842
NIL 9,0.38686638,0.358021609,0.378471695,0.356769137,0.292533519,0.341381246,0.222017331,0.25492154,0.098704015,0.039079406,0.297619888,1.288476495,0.489448409,0.21094892,1.776405474,0.484093173,0.489448409,0.206406426,1.788960359,0.795777206,0.673325879,0.175520111,0.994613964,0.188817954,0.477080136,0.121647199,0.999762993,0.654124834
NIL 9,0.389428062,0.348881426,0.365902635,0.3586111,0.287223488,0.344029732,0.230654954,0.264595299,0.106361178,0.036524578,0.292561645,1.267102848,0.503774441,0.205058755,1.769961621,0.50493826,0.503774441,0.207773171,1.7930555,0.785032067,0.696767962,0.169436255,1.008739823,0.182768932,0.451784083,0.108595379,1.025840104,0.622119831
NIL 9,0.383578468,0.361749898,0.369120392,0.362125742,0.282723413,0.355299723,0.232915535,0.266474792,0.10033137,0.032988751,0.295152552,1.269274083,0.527510657,0.215060346,1.796751643,0.508123154,0.527510657,0.209809494,1.811094453,0.795090496,0.686173953,0.177649861,1.018198751,0.188064817,0.442652006,0.095894617,1.067251105,0.606535667
NIL 9,0.402728794,0.36418555,0.379389601,0.372495034,0.291991302,0.358385074,0.243256823,0.26826896,0.101006898,0.026775454,0.29741807,1.282214623,0.538384871,0.2238964,1.818366805,0.526001787,0.538384871,0.218536566,1.830231973,0.800443819,0.674311396,0.171446559,1.032345147,0.194361595,0.428471625,0.103434646,1.069472312,0.60184096
NIL 9,0.399785963,0.375041605,0.400641426,0.378901483,0.298067958,0.3638438,0.245937027,0.281122673,0.10274409,0.033782049,0.309709726,1.309070736,0.521820581,0.227119907,1.830288831,0.533339277,0.521820581,0.231104771,1.868806938,0.843368019,0.702674735,0.1819219,1.027440902,0.198711972,0.45948554,0.105213593,1.072972327,0.630919895
NIL 9,0.404213915,0.377123617,0.395319842,0.380788655,0.300462606,0.373868664,0.258736245,0.284116564,0.09067647,0.023570226,0.305595957,1.301153335,0.541243424,0.224103151,1.84163273,0.522440853,0.541243424,0.228035085,1.860256852,0.827479439,0.693461527,0.172078793,1.036152069,0.186338998,0.453443614,0.103816077,1.050132267,0.626985734
NIL 9,0.395686637,0.373672422,0.381591501,0.374494256,0.301384916,0.36908177,0.24490333,0.277536073,0.107046325,0.037382198,0.291676981,1.264933159,0.563666033,0.224791065,1.828123261,0.524044554,0.563666033,0.220015752,1.850082711,0.836459573,0.715905693,0.180056509,1.016823274,0.179590242,0.441806344,0.111145265,1.038606367,0.607986717
NIL 9,0.402719906,0.38080738,0.396985453,0.382053649,0.294041645,0.375110669,0.252275589,0.293184517,0.104963236,0.023648527,0.306702343,1.300883964,0.545968646,0.226335061,1.845948955,0.556871349,0.545968646,0.227444251,1.872942452,0.859876839,0.719047459,0.180101817,1.017051645,0.179635433,0.481641025,0.111173233,1.025402975,0.650441982
NIL 9,0.40983364,0.374552195,0.392973132,0.386079566,0.298413899,0.373746627,0.25136628,0.29022131,0.097367813,0.023409512,0.296202029,1.271397309,0.569433677,0.223189781,1.836028203,0.535049482,0.569433677,0.216711908,1.861402176,0.837524169,0.696998324,0.178281533,1.029007174,0.181480347,0.427119364,0.119594888,1.009083037,0.604853959
NIL 9,0.418046765,0.380395863,0.399119497,0.392861917,0.308274587,0.378961485,0.248949432,0.296661157,0.103579336,0.026607966,0.29555764,1.283732305,0.567807156,0.230667968,1.844930528,0.551458345,0.567807156,0.231727975,1.87816465,0.872494156,0.701655968,0.185082489,1.011048862,0.204113028,0.445847608,0.130769009,0.988579817,0.64440653
NIL 9,0.405429302,0.393411331,0.410327283,0.395451385,0.308679476,0.383482494,0.260197142,0.298813785,0.097981855,0.016657415,0.298349139,1.262979231,0.609807014,0.225460437,1.868617513,0.554719435,0.609807014,0.225460437,1.902069671,0.873363381,0.745612397,0.179405851,1.035898383,0.204554143,0.437237316,0.110743627,1.024586758,0.638437674
NIL 9,0.412432822,0.397961707,0.407755805,0.402207848,0.316504916,0.386717773,0.264226929,0.31311043,0.111041066,0.016553025,0.29694115,1.280673629,0.609591968,0.238731119,1.887277137,0.565571101,0.609591968,0.23245068,1.919365876,0.890946474,0.756239572,0.178281533,1.037334628,0.19599788,0.467546039,0.124092497,1.027061501,0.660297649
NIL 9,0.424435543,0.38756664,0.419136822,0.399714035,0.311257927,0.3837933,0.25883555,0.310338156,0.117360082,0.042037504,0.304163759,1.297546862,0.577155185,0.2334991,1.869995053,0.56085026,0.577155185,0.246809159,1.934746299,0.940042464,0.747031548,0.189648981,1.002750894,0.234830854,0.481087213,0.14364573,0.965544669,0.712598244
NIL 9,0.426307243,0.387546497,0.418680819,0.413183131,0.306954353,0.393534695,0.260523248,0.310070721,0.107169457,0.032239618,0.311325227,1.329038921,0.544887703,0.22533164,1.867074769,0.542641719,0.544887703,0.246058208,1.954968033,0.916563903,0.724244209,0.183794103,1.046522049,0.23570226,0.462388515,0.139228874,0.988263946,0.696741342
NIL 9,0.426602283,0.388286707,0.415472661,0.40277396,0.312150584,0.384927135,0.256231858,0.307216386,0.115299366,0.029425993,0.300511457,1.317247059,0.553968656,0.229380676,1.867579205,0.539434575,0.553968656,0.250705722,1.955549433,0.932418123,0.74421999,0.183487886,1.030700739,0.230377747,0.471302464,0.118135915,1.009025637,0.695797281
NIL 9,0.43291135,0.381361127,0.419975163,0.407613107,0.312639137,0.377926561,0.245827773,0.31167519,0.1300027,0.057094477,0.29877718,1.323595753,0.53074955,0.227608032,1.851562814,0.51066853,0.53074955,0.24876828,1.969170612,0.950637225,0.741416952,0.201548668,1.024572715,0.244600671,0.460310392,0.152050512,0.983234586,0.699620186
NIL 9,0.413627904,0.385045821,0.40499809,0.385295365,0.311342049,0.376718158,0.246174108,0.293217577,0.115378454,0.065400314,0.300981989,1.313359621,0.546079311,0.229189603,1.8545874,0.528912255,0.546079311,0.233860009,1.901303707,0.873594879,0.694903731,0.173310486,1.030578237,0.229608597,0.435364771,0.145745772,0.962408591,0.66337857
NIL 9,0.427808694,0.371453576,0.384312993,0.373147857,0.290007395,0.366387487,0.230591849,0.266673675,0.157365945,0.120933045,0.281836529,1.287841832,0.542123387,0.21969642,1.81884455,0.465268842,0.542123387,0.228147343,1.852885268,0.889040731,0.630983645,0.188070535,0.96623203,0.229678208,0.411553999,0.171434468,0.864905156,0.6380895
NIL 9,0.420454949,0.35882077,0.371410273,0.354679254,0.29161194,0.360451041,0.232552522,0.267098228,0.157668282,0.111488311,0.279372118,1.289243273,0.529079345,0.220118508,1.809566511,0.445953245,0.529079345,0.226938181,1.849762928,0.892458501,0.625895231,0.173259233,0.965055482,0.235658034,0.4407162,0.16550565,0.875345014,0.673994282
NIL 9,0.427929062,0.365852696,0.373288444,0.371252078,0.292033912,0.364035105,0.233728508,0.268448907,0.168042898,0.126548028,0.278922539,1.279110015,0.552253895,0.221231617,1.81871724,0.440208767,0.552253895,0.227565863,1.852069664,0.903838535,0.62516936,0.187246148,0.955491046,0.220373295,0.42414791,0.172632419,0.8576278,0.642474606
NIL 9,0.429314477,0.368528244,0.373923507,0.357626895,0.289870311,0.355084332,0.241201886,0.269318007,0.157471678,0.107868763,0.27492575,1.286313264,0.541637778,0.214518347,1.821675773,0.420050636,0.541637778,0.221086751,1.85102016,0.886608902,0.625785153,0.177004158,0.972315889,0.243268947,0.429703073,0.176058689,0.882619762,0.670411514
NIL 9,0.430014299,0.367940919,0.373900124,0.3695523,0.299339324,0.3695523,0.234111501,0.275783379,0.153084618,0.121977651,0.274747245,1.280259546,0.55585917,0.221594133,1.821697436,0.436759818,0.55585917,0.24140893,1.868750379,0.905818263,0.634489096,0.180974634,0.970766307,0.219871315,0.409981467,0.172915299,0.863393592,0.628920654
NIL 9,0.42803518,0.368528244,0.375196658,0.365670385,0.291428986,0.358559083,0.232954935,0.269406526,0.152079842,0.098146873,0.276396183,1.283251117,0.539918219,0.214518347,1.813489958,0.441633937,0.539918219,0.228824201,1.851741373,0.885640225,0.628408683,0.177004158,0.973884062,0.248984585,0.424848145,0.163707638,0.88996418,0.670411514
NIL 9,0.420759274,0.385254728,0.392241783,0.37562901,0.297766174,0.368326951,0.233594991,0.271970742,0.133782851,0.094726857,0.297521736,1.300135617,0.545944139,0.216347022,1.831864039,0.464900331,0.545944139,0.224596991,1.860813781,0.864603053,0.620931244,0.176188376,1.002131889,0.228451177,0.408772694,0.161989139,0.905191893,0.635752323
NIL 9,0.412367039,0.371714862,0.385364405,0.373342771,0.2876931,0.366589328,0.2404795,0.280780288,0.124599105,0.083873339,0.292376784,1.263564093,0.571706601,0.223324562,1.827937239,0.50961072,0.571706601,0.226773794,1.860205068,0.864146669,0.682528489,0.174132543,0.998470594,0.214571995,0.397083292,0.159138472,0.904148749,0.611559837
NIL 9,0.415227399,0.395799744,0.413709195,0.385490688,0.309103426,0.384051553,0.251949359,0.301017655,0.121240339,0.031730047,0.316108352,1.329049667,0.552139285,0.234566397,1.870256816,0.554141445,0.552139285,0.246291395,1.92281204,0.922793557,0.691831452,0.189319658,1.001307979,0.228037293,0.441948412,0.127907908,1.015559792,0.638909529
NIL 9,0.408871555,0.384840894,0.403166373,0.370485808,0.301548493,0.380008041,0.248206976,0.305849011,0.102217889,0.028945659,0.30015603,1.296961608,0.56512755,0.225636387,1.848607164,0.548307131,0.56512755,0.235469812,1.902632349,0.907365404,0.691424626,0.185873718,0.999876779,0.198565581,0.434184881,0.126561221,1.00675393,0.613026009
NIL 9,0.403160505,0.396219627,0.412093033,0.374096885,0.290201282,0.387879888,0.254942232,0.314767485,0.077741834,0.007038415,0.307845175,1.314092989,0.560427573,0.232267693,1.863067234,0.530922339,0.560427573,0.251223105,1.928577064,0.900944604,0.696838624,0.162494427,1.042374755,0.171252026,0.462665375,0.098033776,1.049007212,0.623247568
NIL 9,0.38182971,0.387458953,0.422194131,0.362777845,0.281148183,0.373126646,0.247335226,0.29615085,0.084955995,0.009977576,0.290893818,1.224866791,0.606994243,0.212126168,1.825991756,0.520366682,0.606994243,0.225876976,1.893019847,0.885955907,0.748584195,0.156651115,1.024197047,0.179873303,0.435427163,0.113980428,0.990949588,0.61526136
NIL 9,0.384840894,0.377405216,0.413188208,0.366473208,0.271171091,0.366271424,0.24571237,0.29123892,0.078489937,0.019856558,0.285081677,1.223980047,0.593084842,0.218083412,1.815382495,0.502580821,0.593084842,0.23156527,1.876326539,0.851867169,0.74732973,0.147594479,1.053263604,0.169944762,0.479855408,0.111001534,0.988474737,0.643808898
NIL 9,0.393513784,0.380102412,0.409808946,0.354836648,0.279646686,0.36153674,0.24370281,0.295576489,0.076908158,0.009847081,0.292277541,1.227137475,0.587904522,0.209351804,1.809573537,0.510720901,0.587904522,0.233440201,1.869817736,0.865675441,0.725650335,0.147706208,1.01887548,0.174629583,0.430126972,0.103511507,0.993457703,0.604172762
NIL 9,0.383486282,0.377777778,0.407945772,0.360109723,0.264901566,0.369851488,0.238927645,0.303396412,0.075686162,0.01987616,0.2853631,1.21309725,0.601643839,0.218863507,1.813665547,0.511449164,0.601643839,0.235597481,1.895556858,0.876919412,0.779395144,0.148240712,1.046593534,0.18135294,0.482841384,0.097878736,0.99194285,0.660153368
NIL 9,0.384700841,0.37234187,0.405243157,0.36440472,0.282697953,0.379792685,0.237344765,0.298216847,0.091817146,0.009872241,0.290351311,1.235036651,0.574374399,0.216852482,1.805797183,0.517610536,0.574374399,0.229622463,1.871369103,0.867409926,0.730945932,0.15420933,1.022932794,0.165930019,0.462417274,0.110375007,1.008515954,0.627528267
NIL 9,0.379227555,0.383453968,0.415721301,0.362991674,0.268154376,0.377458057,0.246573342,0.294085849,0.088236996,0.022269009,0.288725235,1.2156513,0.608070363,0.219324301,1.823014563,0.522159585,0.608070363,0.240670194,1.887198315,0.865602989,0.77839663,0.14101752,1.055583903,0.14259123,0.510198495,0.089076035,1.020032428,0.650049112
NIL 9,0.385182921,0.396841355,0.419543015,0.363831631,0.281805091,0.376681827,0.254199484,0.296871558,0.088441175,0.019964097,0.294850855,1.23236868,0.617436297,0.227625727,1.849778891,0.50431577,0.617436297,0.232176525,1.885801556,0.852749755,0.768714953,0.134294727,1.066655561,0.145512111,0.520456387,0.096004268,1.015866554,0.660099513
NIL 9,0.385943174,0.397624618,0.425809182,0.366806613,0.273177816,0.375898197,0.268840652,0.306403099,0.086328491,0.022364594,0.309327479,1.256922014,0.600646545,0.220265705,1.857271469,0.520187186,0.600646545,0.232634782,1.895918795,0.862299395,0.75805747,0.141622809,1.068760865,0.141446111,0.535864258,0.094356325,1.024410707,0.673801828
NIL 9,0.378666701,0.393310512,0.415810186,0.365179642,0.275593623,0.374965334,0.258930726,0.303078718,0.087654281,0.019786469,0.295226451,1.229729446,0.614217701,0.218660626,1.841444297,0.520688742,0.614217701,0.232543628,1.877343891,0.865248059,0.745381525,0.140086244,1.04550474,0.144217436,0.500806827,0.093332588,0.996642106,0.641536401
NIL 9,0.388668263,0.388177365,0.411948531,0.35394081,0.265702407,0.376773462,0.255831035,0.292597847,0.099574842,0.024893711,0.303316904,1.255666914,0.581149524,0.223617457,1.835407206,0.505711492,0.581149524,0.232090402,1.86041656,0.855517165,0.712847387,0.138774171,1.044212813,0.126933516,0.534178391,0.098854146,0.989987052,0.656014947
NIL 9,0.375915084,0.395275249,0.417930879,0.357113802,0.269166474,0.374448279,0.256792679,0.302008716,0.11345775,0.034588206,0.302562788,1.23506535,0.597085006,0.217218338,1.832143491,0.501135238,0.597085006,0.226176189,1.870195508,0.874637176,0.75456214,0.147882277,1.04573137,0.117396263,0.570443302,0.103994949,0.99738856,0.680605896
NIL 9,0.380063903,0.396618177,0.421359267,0.354274728,0.271238581,0.370227397,0.252172145,0.29743925,0.092666486,0.030468553,0.307415469,1.24325137,0.594917513,0.219711859,1.837294161,0.540333822,0.594917513,0.231741338,1.863632144,0.856215128,0.744611787,0.136939114,1.041583423,0.125625062,0.539603147,0.089610702,0.99574382,0.661279914
NIL 9,0.372881179,0.382047528,0.415600196,0.355387609,0.271881626,0.367870022,0.250475008,0.29328835,0.103111396,0.020308784,0.288244864,1.221419516,0.593450652,0.212569589,1.814870167,0.534240708,0.593450652,0.227563129,1.86994051,0.869701942,0.781441163,0.149084861,1.026168757,0.113479088,0.528028396,0.092076444,1.026057104,0.641113154
NIL 9,0.366889961,0.380856911,0.421138891,0.353750265,0.28655022,0.362114617,0.23884314,0.293037158,0.102421481,0.006812976,0.281401458,1.218627853,0.593355022,0.211641332,1.811290763,0.562514183,0.593355022,0.232840354,1.879023101,0.906765838,0.787598832,0.164783895,0.983525642,0.164078179,0.484536215,0.094893769,1.012821628,0.63889584
NIL 9,0.380500131,0.392236902,0.419246462,0.365299264,0.298397547,0.368389619,0.248281767,0.29673073,0.086935982,0.030736511,0.281788605,1.245492582,0.606569296,0.220039933,1.846967666,0.566169538,0.606569296,0.243575942,1.900513319,0.8935025,0.759291368,0.170025978,1.009449917,0.186076513,0.407997518,0.116839178,1.032879406,0.578508172
NIL 9,0.372512294,0.365119086,0.405102418,0.3598089,0.292270935,0.361270639,0.237804602,0.290777542,0.072910768,0.024408121,0.287369101,1.242658658,0.545992058,0.19631825,1.784722501,0.536893317,0.545992058,0.233428351,1.86404945,0.859765193,0.726746824,0.160911432,1.007032692,0.195382281,0.407583581,0.109156436,0.997912674,0.596416287
NIL 9,0.387202565,0.384224994,0.417128598,0.376678106,0.307193119,0.373103986,0.232024737,0.299462759,0.094090092,0.05704433,0.29193757,1.279389629,0.542274237,0.207644496,1.814084618,0.520802367,0.542274237,0.233361474,1.902464507,0.885701231,0.709420878,0.181579844,1.017739953,0.187288028,0.384660659,0.124709549,1.028706967,0.550680733
NIL 9,0.399500936,0.376021015,0.386328251,0.35990923,0.297814306,0.364585259,0.231398751,0.275746848,0.116610807,0.064712009,0.293276979,1.275343008,0.555785541,0.220465196,1.822306717,0.511202321,0.555785541,0.228945691,1.858964073,0.865624619,0.66931593,0.16969365,0.996535664,0.20896034,0.410308059,0.145349335,0.946953253,0.61452486
NIL 9,0.39628936,0.349829485,0.387455171,0.364024861,0.296169007,0.350680414,0.220462667,0.271196641,0.11845212,0.071981575,0.279194324,1.247143556,0.521929567,0.1974202,1.762687122,0.462545533,0.521929567,0.217636776,1.842035449,0.850997316,0.666532916,0.167516594,0.997268037,0.212520211,0.394433736,0.148509646,0.91994673,0.60664092
NIL 9,0.392569342,0.353480432,0.372983751,0.355291837,0.292429742,0.3466695,0.216792402,0.257404448,0.125956381,0.088288997,0.277629736,1.237714166,0.557237838,0.217636776,1.783067479,0.453283171,0.557237838,0.217109427,1.822327276,0.829468931,0.640287718,0.169286425,0.995611444,0.188144174,0.346867843,0.148509646,0.918974283,0.533700792
NIL 9,0.421872144,0.37005543,0.371647073,0.354745086,0.277009373,0.335099444,0.236951089,0.248240729,0.17492637,0.123882358,0.243535682,1.199785912,0.620173673,0.207180904,1.811656287,0.400688834,0.620173673,0.206152704,1.800728106,0.846231113,0.641875057,0.185027715,0.955198915,0.226872068,0.311132023,0.166063507,0.846761063,0.535291772
NIL 9,0.428580361,0.358778702,0.370798068,0.360278647,0.27528095,0.333934589,0.242689116,0.254847494,0.179748424,0.131543279,0.240846495,1.203550823,0.618017858,0.214043854,1.813651502,0.400058612,0.618017858,0.212283957,1.808304407,0.865544709,0.646244449,0.179748424,0.945402896,0.219238798,0.338952251,0.162772002,0.832093646,0.557376201
NIL 9,0.426036787,0.373708548,0.375315904,0.370992512,0.292781771,0.351803855,0.239290226,0.264069543,0.173489838,0.12355595,0.250787347,1.230990784,0.615123627,0.223040738,1.832906794,0.435815313,0.615123627,0.222500294,1.846049269,0.883075204,0.656773044,0.182156068,0.96522736,0.209800795,0.343632526,0.168990145,0.871851599,0.550375832
NIL 9,0.428618996,0.391232305,0.3849541,0.379279104,0.294517253,0.362796453,0.245519273,0.265267678,0.160708436,0.094948171,0.260821536,1.262296374,0.603176944,0.224362825,1.856401308,0.47190963,0.603176944,0.224362825,1.85022227,0.866623058,0.653658647,0.181230249,0.984307455,0.206256603,0.365406292,0.15687236,0.921482588,0.564058404
NIL 9,0.420352295,0.379437461,0.382267949,0.362320785,0.285140488,0.367897802,0.243446097,0.264480949,0.154775769,0.083349302,0.280481708,1.254543296,0.607107829,0.230090722,1.845365986,0.517840031,0.607107829,0.223220788,1.834912267,0.880046908,0.648139124,0.190065652,0.955231104,0.201565357,0.376903626,0.144531068,0.919034481,0.560835288
NIL 9,0.407182341,0.374616562,0.387126915,0.367267293,0.278504854,0.36337389,0.240503297,0.277566981,0.113976784,0.037080033,0.279015092,1.236054391,0.607260577,0.221305027,1.826862478,0.536236685,0.607260577,0.229817827,1.852850557,0.861689624,0.68597198,0.18230565,0.991548775,0.205416877,0.343037823,0.117661003,0.962826021,0.536369291
NIL 9,0.408326838,0.392651863,0.404420447,0.39062518,0.293358594,0.370787221,0.247558795,0.285716004,0.114807148,0.040442045,0.296295517,1.266682026,0.592469256,0.222377172,1.8489345,0.538671889,0.592469256,0.225811772,1.866542564,0.867662478,0.687759607,0.185068985,0.998965214,0.215343696,0.370462738,0.118518207,0.961671665,0.574663901
NIL 9,0.362765148,0.37911921,0.409159705,0.341533865,0.249307256,0.373462507,0.248130515,0.2837481,0.137638046,0.052603564,0.304727195,1.206468482,0.62070148,0.219935553,1.81529205,0.555268125,0.62070148,0.23570226,1.85530489,0.910243957,0.728092851,0.163116728,0.987280754,0.089044404,0.508966013,0.109422027,0.959814087,0.597328022
NIL 9,0.347419001,0.395136456,0.420715165,0.333124946,0.253875991,0.358732014,0.250752901,0.289106233,0.158281352,0.065936256,0.295060139,1.172502555,0.669545259,0.221279755,1.836327678,0.572403037,0.669545259,0.224570794,1.853222305,0.963493183,0.774926346,0.170989887,0.935650336,0.08242032,0.547310641,0.125322257,0.924107855,0.629725762
NIL 9,0.340652181,0.377616863,0.417341601,0.319265501,0.243556446,0.357838582,0.250020277,0.286127271,0.180873109,0.105286635,0.299966652,1.165483509,0.645982221,0.213759128,1.801436607,0.608391365,0.645982221,0.230202138,1.829597977,0.969607917,0.763069049,0.177858346,0.898035251,0.082215049,0.54485694,0.139717214,0.887587519,0.626778549
NIL 9,0.342987975,0.366784448,0.406713105,0.33731315,0.258890187,0.357605981,0.24907335,0.292351106,0.147362878,0.072118461,0.280654157,1.143626704,0.650716248,0.21285749,1.788689517,0.54057858,0.650716248,0.223066611,1.828065386,0.932004672,0.766629754,0.169053508,0.938454608,0.104842535,0.507583245,0.11738893,0.928835068,0.612383381
NIL 9,0.341986464,0.384853673,0.426146796,0.33721491,0.256372057,0.360835712,0.248945924,0.290181219,0.168607455,0.077632702,0.300197039,1.160332938,0.648645831,0.212338314,1.804273097,0.551684006,0.648645831,0.246536158,1.869840715,0.980159094,0.795891486,0.167423043,0.934760705,0.091110452,0.533183589,0.120645674,0.928719495,0.624075391
NIL 9,0.351958898,0.383547903,0.4319459,0.336756728,0.251224868,0.355285616,0.25355539,0.29153902,0.172348876,0.085746771,0.284596619,1.135825947,0.684085135,0.215291,1.809480357,0.58790027,0.684085135,0.240090958,1.860764194,0.991256404,0.802619088,0.168727335,0.902258145,0.114014189,0.493532073,0.131279398,0.905804144,0.605058767
NIL 9,0.382313932,0.409439975,0.446986756,0.355803136,0.265998646,0.380358349,0.27132803,0.321262573,0.148572333,0.060325649,0.30914935,1.225864716,0.652155842,0.242535625,1.866694507,0.581810758,0.652155842,0.259067744,1.909446246,0.973702668,0.767470428,0.162936014,0.962548917,0.086355915,0.502054008,0.100410802,1.005443957,0.564321201
NIL 9,0.370997254,0.399473213,0.426877705,0.343415549,0.26177353,0.376036497,0.285422137,0.315846225,0.176563407,0.092352098,0.310209016,1.217217617,0.657471437,0.23972319,1.866051475,0.552677682,0.657471437,0.250404061,1.879760099,0.962382883,0.744921831,0.163953566,0.963207638,0.089440089,0.540354351,0.138262513,0.950297072,0.629640586
NIL 9,0.367496447,0.381433411,0.416602392,0.330352966,0.262247131,0.37499396,0.27041199,0.309977131,0.167182925,0.080948279,0.294237691,1.191445297,0.635337102,0.224092513,1.821125349,0.51832189,0.635337102,0.241887811,1.848039717,0.967850859,0.736726557,0.175805317,0.915381907,0.091696425,0.51971846,0.121839577,0.943550232,0.597714794
NIL 9,0.365705375,0.395814428,0.425762782,0.333063828,0.256267229,0.379364764,0.280257134,0.324044425,0.188891706,0.104094803,0.334140546,1.241445826,0.641963284,0.259517125,1.875494826,0.588238816,0.641963284,0.274756074,1.900418385,0.982911949,0.759675773,0.173011416,0.955486777,0.05416114,0.561901022,0.131761569,0.97652646,0.605342198
NIL 9,0.367077395,0.398815845,0.417204003,0.332682477,0.260428608,0.381509485,0.28412576,0.309600694,0.187381798,0.065737883,0.31460078,1.204422358,0.648785877,0.246212532,1.849800908,0.550111708,0.648785877,0.268597336,1.857087123,0.960694435,0.754197187,0.179696909,0.924007732,0.083799687,0.528748575,0.10873831,1.005655934,0.527555331
NIL 9,0.341534829,0.397158845,0.426605877,0.320986259,0.242332927,0.376441125,0.282426719,0.318567337,0.214712564,0.126842851,0.331886298,1.177265038,0.672662804,0.257679093,1.848015393,0.550708365,0.672662804,0.266184072,1.867451803,1.030776406,0.792172411,0.191399225,0.878018133,0.055065218,0.576187968,0.141814619,0.900666695,0.620004791
Emergency Call - Ragging,0.432805108,0.384163636,0.260717963,0.250750507,0.226510904,0.352210573,0.226510904,0.303034759,0.291491544,0.1940285,0.235007996,1.399369606,1.16048784,0.218880097,1.732579021,1.020092268,1.16048784,0.1464169,0.720067172,0.171498585,0.913872748,0.138384706,0.6785702,0.210197542,1.084411228,0.105409255,0.735869056,1.283887072
Emergency Call - Ragging,0.434665848,0.39714867,0.260280465,0.250349213,0.253061355,0.316114668,0.225913686,0.332160997,0.322528209,0.219046286,0.245630166,1.376164979,1.181197646,0.218302999,1.777218965,1.073981405,1.181197646,0.164457763,0.717670563,0.185628925,0.864118322,0.166227234,0.645459453,0.191150691,1.049735184,0.132981787,0.71803284,1.217971105
Emergency Call - Ragging,0.432258642,0.375701299,0.260792547,0.253129441,0.24814118,0.338410214,0.221521333,0.333572876,0.324260258,0.214058617,0.252635047,1.394584046,1.149156258,0.214058617,1.748180633,1.027836604,1.149156258,0.147704403,0.732060779,0.189919096,0.878183979,0.150014064,0.657804023,0.183898997,1.068100607,0.12501172,0.719659369,1.23403729
Emergency Call - Ragging,0.414195599,0.387454797,0.255724308,0.255724308,0.265516319,0.324354858,0.215809972,0.337843252,0.327584296,0.2090525,0.261155353,1.374149313,1.156614367,0.208288137,1.755521376,1.059719893,1.156614367,0.162913376,0.707287212,0.175724679,0.872429416,0.162913376,0.647183511,0.186298573,1.047853369,0.137885377,0.727036702,1.206771334
Emergency Call - Ragging,0.428030301,0.37639605,0.250485787,0.250485787,0.247968278,0.321657303,0.214454457,0.326305211,0.316842244,0.207313877,0.241299864,1.369587019,1.116728456,0.198026402,1.739244596,1.033750929,1.116728456,0.157825925,0.715705883,0.174443165,0.856793217,0.167844169,0.645505324,0.173902813,1.031229026,0.132781096,0.712939053,1.180662573
Emergency Call - Ragging,0.438171173,0.37639605,0.270941805,0.263308105,0.266270044,0.326593509,0.22235464,0.335033519,0.324859884,0.207313877,0.251735101,1.392417125,1.114197273,0.213868515,1.761558106,1.049054095,1.114197273,0.163296755,0.722728548,0.174981848,0.86633326,0.172998476,0.645505324,0.184749188,1.04131012,0.14797754,0.720816104,1.196105698
Emergency Call - Ragging,0.423053127,0.365153994,0.251251716,0.251251716,0.258143227,0.318681925,0.212035479,0.331934409,0.321854882,0.212470721,0.249406514,1.362037318,1.108095035,0.204193277,1.729951632,1.031767388,1.108095035,0.161786235,0.705515448,0.181180189,0.865536347,0.171398215,0.63256264,0.183040231,1.046701562,0.129428988,0.714838031,1.200813709
Emergency Call - Ragging,0.417582564,0.384778395,0.254662315,0.245039364,0.254164927,0.327964782,0.21535489,0.33559289,0.326126888,0.21608814,0.242313013,1.369621141,1.132365865,0.214913739,1.7609422,1.06492793,1.132365865,0.162236816,0.707978663,0.183122068,0.854117074,0.163982391,0.636742739,0.192389197,1.037115704,0.131185913,0.716285897,1.201206817
Emergency Call - Ragging,0.420723324,0.387764162,0.254048943,0.244565183,0.250375142,0.32461384,0.215982287,0.338113005,0.327845857,0.209219418,0.261363873,1.396068167,1.139763415,0.207994111,1.752480145,1.064415212,1.139763415,0.169575444,0.70113972,0.184032548,0.882263223,0.170889274,0.626231294,0.197433854,1.066184765,0.137995472,0.711633428,1.231288477
Emergency Call - Ragging,0.430919452,0.378936676,0.253434281,0.237902867,0.252176535,0.32382845,0.223428979,0.336445461,0.327052647,0.215901997,0.250278065,1.374882565,1.146224881,0.207490877,1.75303507,1.061839901,1.146224881,0.162648978,0.702708817,0.183587289,0.871013517,0.162648978,0.630592625,0.192877961,1.05456838,0.137661597,0.71013557,1.220518798
Emergency Call - Ragging,0.432369336,0.386936727,0.244043314,0.228420941,0.242211328,0.33197313,0.21552141,0.329471993,0.319171905,0.208009632,0.246249547,1.399287169,1.148355248,0.208009632,1.744004017,1.048729976,1.148355248,0.152396651,0.70665671,0.183466521,0.894683258,0.145563037,0.640383968,0.196203467,1.07793176,0.12862212,0.710338876,1.252993362
Emergency Call - Ragging,0.432925869,0.379373857,0.24083268,0.234167505,0.227863418,0.337694929,0.222805401,0.328667829,0.310743894,0.207501929,0.246805719,1.391442034,1.176663696,0.208263407,1.735082415,1.036441071,1.176663696,0.14345291,0.712614847,0.183709361,0.891257126,0.135508545,0.658153928,0.202873051,1.074269796,0.119624987,0.724292418,1.26087996
Emergency Call - Ragging,0.432945918,0.403635167,0.252024191,0.236324578,0.237996706,0.347305747,0.227779882,0.336872596,0.309894125,0.195284801,0.252155283,1.407209273,1.222854624,0.220855753,1.765086982,1.07316606,1.222854624,0.146562281,0.702041212,0.181788137,0.934963798,0.13844572,0.668476284,0.211999576,1.114525854,0.114107358,0.764591481,1.30183662
Emergency Call - Ragging,0.435950743,0.395012003,0.236716038,0.22001929,0.228157189,0.354770445,0.228592742,0.33743061,0.30987291,0.204232405,0.242117099,1.403151058,1.243017634,0.220470921,1.752792391,1.064903079,1.243017634,0.132562982,0.699990527,0.188881954,0.937043434,0.123230176,0.653748627,0.204069994,1.125217338,0.11516336,0.733302186,1.312079161
Emergency Call - Ragging,0.427474322,0.394793118,0.230814014,0.218708457,0.213737161,0.352828201,0.222665925,0.338543979,0.311572776,0.197396559,0.253030009,1.393998365,1.257293135,0.222665925,1.734570156,1.067585121,1.257293135,0.137397471,0.678376611,0.172904217,0.951105645,0.137397471,0.632189917,0.209450871,1.1236607,0.119342055,0.722031992,1.311559419
Emergency Call - Ragging,0.439143738,0.417415993,0.255631028,0.237170825,0.227455734,0.363050349,0.242240698,0.327660054,0.308445925,0.191847741,0.264837476,1.424220059,1.308333333,0.242956329,1.797297354,1.103655542,1.308333333,0.147667043,0.700793201,0.18408935,0.992226733,0.139692122,0.660387092,0.212948872,1.176063349,0.121335165,0.761258096,1.367530215
Emergency Call - Ragging,0.433582253,0.403441066,0.259557675,0.239387949,0.234670483,0.352699919,0.243009758,0.336059391,0.309425173,0.192456814,0.265678276,1.410056431,1.289387487,0.227103349,1.779300303,1.091008621,1.289387487,0.145997452,0.695472213,0.176349959,0.97866685,0.140135613,0.655804065,0.220863052,1.154740886,0.113705435,0.755347604,1.355266064
Emergency Call - Ragging,0.420433077,0.402518841,0.268102827,0.237493389,0.235633099,0.363450451,0.235165727,0.352072178,0.316876534,0.197720618,0.260470907,1.390389065,1.335168777,0.241170925,1.772816431,1.111965671,1.335168777,0.153201615,0.668009991,0.171284613,0.99348767,0.157218376,0.622543581,0.226264316,1.164766854,0.12644935,0.736424245,1.366981064
Emergency Call - Ragging,0.4213923,0.412378464,0.291848181,0.257656124,0.22807644,0.364279667,0.24414753,0.344315122,0.317715467,0.197613227,0.261065174,1.370637521,1.347515206,0.233188031,1.7745167,1.104341298,1.347515206,0.17274504,0.677465588,0.180463431,0.97915197,0.150154651,0.639879612,0.211132827,1.159603477,0.126737846,0.738104406,1.354632053
Emergency Call - Ragging,0.428587217,0.403802294,0.304814497,0.273874731,0.234448516,0.357233368,0.251286111,0.336523199,0.317599492,0.180259171,0.284173353,1.38249338,1.36427947,0.234291326,1.7745167,1.111788771,1.36427947,0.180463431,0.665172951,0.163317363,1.03094616,0.169298408,0.638034578,0.219348498,1.194255086,0.134357253,0.757806411,1.391577121
Emergency Call - Ragging,0.418159031,0.403337987,0.313619273,0.268922297,0.241322939,0.351550976,0.252027134,0.351550976,0.308787727,0.188607615,0.264383779,1.352443607,1.382427066,0.242233023,1.780247925,1.128725312,1.382427066,0.18388183,0.65559731,0.172138906,1.002929551,0.168913031,0.635832847,0.218849191,1.17483016,0.130727307,0.757583537,1.372443013
Emergency Call - Ragging,0.438142281,0.426730592,0.314519673,0.271169201,0.236915562,0.368359868,0.257048604,0.348171705,0.321156841,0.199638036,0.275852002,1.398651825,1.401557614,0.236915562,1.78139256,1.137300696,1.401557614,0.178730381,0.648151955,0.173815155,1.05084339,0.163772301,0.618470564,0.209939126,1.224637214,0.135862154,0.732103332,1.413867238
Emergency Call - Ragging,0.443799367,0.442391036,0.325705762,0.27506913,0.230308753,0.374811445,0.268612893,0.380696463,0.353387882,0.220975006,0.292389158,1.404389153,1.469741612,0.259905179,1.83589619,1.210877636,1.469741612,0.174193036,0.628558512,0.151178418,1.078075364,0.162852881,0.612531638,0.210674572,1.228782485,0.132479063,0.7332636,1.414268718
Emergency Call - Ragging,0.440005995,0.421129552,0.329619448,0.279246912,0.223761051,0.3644197,0.266316925,0.352004796,0.34161366,0.210154718,0.293700147,1.395877559,1.401305064,0.24766971,1.795776196,1.16381707,1.401305064,0.184093747,0.634404403,0.157859086,1.060108816,0.170019438,0.607296027,0.189430903,1.217933269,0.141193458,0.715782601,1.382797903
Emergency Call - Ragging,0.446953613,0.440492134,0.332764593,0.281827215,0.24026977,0.37357504,0.25904782,0.346119239,0.33462233,0.20265575,0.287408493,1.418453682,1.406356302,0.248980875,1.813740657,1.163602737,1.406356302,0.18506834,0.651407441,0.149647655,1.08331719,0.178243181,0.619269545,0.214903815,1.232895371,0.141940938,0.748238277,1.417333336
Emergency Call - Ragging,0.440608702,0.379394119,0.262953111,0.249459225,0.247586582,0.336191017,0.220153406,0.328691389,0.327069213,0.204008758,0.255255249,1.391632082,1.09507483,0.212156322,1.73984464,1.032675388,1.09507483,0.156842049,0.719110473,0.172005229,0.858633515,0.164901003,0.637304092,0.194499181,1.030613128,0.140756927,0.717722317,1.190710448
Emergency Call - Ragging,0.436895792,0.376616824,0.250098847,0.250098847,0.259412831,0.322297317,0.219351199,0.333750508,0.332860637,0.212482843,0.239875396,1.365872504,1.112715615,0.211705938,1.74596065,1.057595281,1.112715615,0.165586623,0.704959644,0.170682784,0.832893812,0.165586623,0.632309615,0.198199116,1.003322979,0.141784417,0.722596747,1.161066493
Emergency Call - Ragging,0.422530419,0.375177396,0.239736327,0.254980938,0.271048455,0.314051234,0.219046286,0.307355169,0.314465004,0.196186251,0.234388375,1.355578044,1.062141758,0.209643336,1.755335889,1.038433152,1.062141758,0.158416847,0.733086825,0.169519182,0.787143954,0.168364668,0.658028689,0.172560127,0.956365484,0.155098849,0.735919337,1.088562569
Emergency Call - Ragging,0.423281158,0.376255283,0.243264057,0.250807888,0.286809793,0.303535263,0.227714271,0.315782877,0.307282093,0.190330566,0.23878767,1.352383579,1.069267764,0.210245643,1.772243988,1.06917603,1.069267764,0.168848381,0.72023195,0.170006212,0.785710677,0.184397627,0.647566354,0.194409541,0.954911041,0.147562421,0.761193417,1.083603869
Emergency Call - Ragging,0.485048737,0.457338404,0.327191772,0.313278733,0.298511157,0.409358348,0.311694506,0.380853653,0.411769906,0.247011845,0.363222649,1.597104434,1.478266646,0.300577003,2.002257389,1.305927082,1.478266646,0.211079263,0.702629432,0.23573143,1.158321165,0.224986248,0.570087713,0.25,1.385926434,0.179382881,0.717962601,1.59085412
Emergency Call - Ragging,0.3947978,0.392730132,0.263871343,0.265470951,0.28189235,0.279688673,0.215349254,0.298610517,0.277350098,0.181363156,0.242251107,1.304562137,0.98899698,0.188408992,1.781418379,1.006103953,0.98899698,0.14549399,0.783509117,0.130133781,0.700791859,0.160804659,0.72279915,0.126324159,0.830914442,0.1472738,0.755793533,0.937887331
Emergency Call - Ragging,0.389827039,0.386816747,0.252499198,0.255978681,0.273751662,0.286716752,0.21985945,0.286165267,0.280027259,0.186082143,0.23820594,1.296082813,1.006267482,0.185572095,1.779767499,1.01411746,1.006267482,0.156577834,0.772407385,0.135367191,0.713865848,0.163873558,0.721043657,0.124422081,0.84891081,0.154342345,0.757831182,0.955075833
Emergency Call - Ragging,0.398353196,0.385770011,0.255654996,0.251940683,0.266487496,0.291707065,0.225481999,0.301350238,0.285830975,0.183021125,0.231125082,1.311328603,1.011031411,0.183877569,1.777410486,1.030974537,1.011031411,0.153105937,0.758726673,0.150831448,0.715500296,0.157954815,0.698072474,0.145530012,0.865517279,0.143573582,0.747250701,0.984578168
Emergency Call - Ragging,0.403654415,0.387200938,0.252968297,0.251847586,0.269686302,0.30357024,0.217709751,0.302221263,0.293355296,0.188458805,0.244887375,1.341959357,1.025755822,0.191765352,1.775457811,1.040359795,1.025755822,0.159558418,0.744605949,0.15876852,0.769189183,0.166687619,0.680791815,0.153944042,0.927365917,0.146194713,0.746797706,1.047045246
Emergency Call - Ragging,0.405386898,0.380452792,0.24951758,0.245431039,0.259939265,0.310468795,0.218307526,0.318904801,0.310061356,0.201285295,0.238243578,1.336240326,1.04569754,0.200183217,1.773556543,1.05292595,1.04569754,0.159996524,0.732851268,0.166956115,0.76916756,0.156602575,0.669431513,0.174544655,0.935063755,0.140879519,0.732117791,1.081268828
Emergency Call - Ragging,0.436105885,0.380302086,0.216992563,0.232288076,0.252248731,0.346325657,0.223919594,0.322641806,0.319968343,0.200850825,0.257738466,1.401014068,1.095845831,0.207396937,1.755350327,1.055171849,1.095845831,0.139308915,0.710473227,0.167702727,0.873123192,0.162695543,0.638792208,0.198139732,1.040690346,0.137701009,0.742228764,1.189212991
Emergency Call - Ragging,0.436995682,0.392321491,0.21345693,0.212082238,0.234773555,0.35801787,0.225740395,0.326094069,0.314837294,0.210235332,0.263596781,1.432275712,1.135963353,0.209771065,1.756181339,1.064235258,1.135963353,0.129998375,0.703997592,0.177367453,0.913908704,0.146011873,0.63568459,0.190273737,1.090807157,0.129246208,0.725773264,1.242226397
Emergency Call - Ragging,0.453438945,0.38975855,0.208400682,0.200397347,0.219933039,0.357657534,0.224408669,0.331886777,0.312472734,0.208400682,0.261874767,1.433228598,1.172918474,0.224837066,1.761450315,1.070578374,1.172918474,0.12040902,0.702510254,0.176935392,0.930790829,0.120142333,0.652711916,0.193723691,1.106034721,0.112418533,0.728907493,1.274742297
Emergency Call - Ragging,0.4467351,0.410805137,0.20843078,0.206982768,0.220885193,0.365062944,0.229492387,0.344917457,0.318837784,0.213968805,0.259815982,1.429771108,1.253920466,0.238349715,1.791590956,1.108503304,1.253920466,0.11386914,0.69466237,0.182805887,0.957386386,0.103410626,0.666978495,0.20843078,1.13639997,0.10112322,0.746152632,1.326923952
Emergency Call - Ragging,0.430615858,0.394566811,0.239448495,0.21822525,0.225521692,0.350860181,0.255132806,0.361745814,0.328623272,0.223116059,0.267522516,1.396212656,1.353130154,0.248570958,1.803051564,1.153629071,1.353130154,0.132685328,0.657964565,0.182358541,0.993808828,0.121263722,0.630693293,0.205981384,1.174920614,0.110189167,0.71316221,1.36820065
Emergency Call - Ragging,0.42689223,0.40465083,0.244719312,0.231781465,0.234108062,0.356118907,0.255287556,0.346574398,0.321001245,0.198223941,0.278512604,1.406696653,1.331381382,0.239967028,1.811561751,1.137876631,1.331381382,0.140647992,0.681220009,0.184046309,0.988004746,0.128832416,0.658978317,0.217299386,1.170193005,0.125367828,0.746284521,1.374321987
Emergency Call - Ragging,0.440985774,0.40086669,0.24529344,0.224341482,0.223896507,0.355230092,0.252900204,0.360247977,0.334307024,0.220756567,0.283631414,1.416538743,1.350929915,0.253294233,1.817865232,1.167109024,1.350929915,0.136683095,0.656623822,0.181044403,1.019522226,0.131729153,0.627368195,0.215421654,1.199611,0.113569708,0.731212621,1.394781654
Emergency Call - Ragging,0.430813185,0.409252978,0.263150147,0.245405786,0.227543402,0.377359245,0.248515593,0.363185903,0.336095225,0.208614477,0.27340812,1.419160315,1.343261702,0.248515593,1.80654809,1.149441604,1.343261702,0.141760361,0.662117814,0.169705627,1.024780952,0.132423563,0.633971608,0.218357505,1.193716884,0.11892855,0.732382414,1.394159245
Emergency Call - Ragging,0.451474279,0.411318268,0.29376461,0.265640922,0.234286988,0.371336969,0.267160743,0.353870218,0.327026931,0.205905075,0.285780381,1.439488376,1.390102425,0.267160743,1.847440714,1.183738899,1.390102425,0.170059174,0.6637974,0.152105549,1.103184753,0.170907355,0.633478983,0.207583676,1.255239467,0.139821325,0.741465799,1.443200343
Emergency Call - Ragging,0.441246255,0.401931694,0.25100732,0.225004132,0.201592681,0.367911832,0.249521429,0.382425769,0.357141339,0.240965088,0.285839478,1.418489407,1.395305102,0.27124949,1.811623706,1.15450116,1.395305102,0.114084616,0.66234076,0.169057787,1.044331836,0.105117666,0.635070797,0.205378177,1.213064595,0.088968686,0.726011758,1.403996784
Emergency Call - Ragging,0.438868472,0.409809815,0.239135889,0.213238813,0.210332367,0.360470859,0.252779317,0.400200498,0.372018815,0.227650584,0.279063033,1.398768939,1.376056262,0.265872558,1.82778897,1.21663607,1.376056262,0.147116629,0.615642692,0.178241368,1.033569425,0.133532409,0.595710278,0.238220772,1.210008171,0.111667897,0.748003445,1.407838856
Emergency Call - Ragging,0.446900701,0.42428788,0.252436064,0.229201693,0.216382931,0.370301358,0.256255283,0.395861793,0.367774393,0.231395061,0.312233722,1.442424176,1.383169067,0.262990147,1.839252274,1.229146854,1.383169067,0.15420739,0.616483001,0.178499253,1.060147174,0.13427293,0.603874394,0.226901525,1.234241671,0.114600847,0.742279714,1.42224107
Emergency Call - Ragging,0.442366967,0.408650196,0.22655849,0.209954819,0.196796496,0.356113152,0.257862787,0.39250552,0.365843263,0.239012402,0.294469874,1.416301409,1.390131679,0.275426044,1.831906604,1.203661638,1.390131679,0.123445547,0.635737992,0.191435272,1.030315436,0.111917616,0.614027924,0.219813913,1.219689183,0.103641198,0.739769473,1.41046346
Emergency Call - Ragging,0.448078728,0.41302545,0.232276697,0.216366561,0.216717236,0.361084419,0.260623621,0.408960685,0.382082173,0.254506054,0.304371172,1.435319212,1.430417106,0.266743224,1.832557127,1.21373665,1.430417106,0.1190044,0.626265899,0.187404265,1.066011677,0.110225885,0.607649869,0.222167373,1.251394544,0.096447649,0.736459257,1.444613668
Emergency Call - Ragging,0.455922327,0.423679204,0.242756353,0.228872885,0.220597617,0.364759106,0.269457819,0.400745141,0.37352318,0.244029838,0.295910392,1.435288906,1.422681165,0.268809997,1.854803078,1.221434551,1.422681165,0.128321806,0.640853751,0.19326113,1.051962613,0.112214164,0.639279913,0.221036269,1.239946006,0.103596691,0.761455203,1.436031058
Emergency Call - Ragging,0.422821202,0.402055505,0.229984415,0.215838778,0.208942406,0.364475485,0.23815413,0.370179847,0.345389168,0.233931051,0.282393545,1.435090273,1.386759518,0.251692942,1.798046878,1.115948638,1.386759518,0.111580279,0.691837722,0.186731309,1.027136088,0.100854838,0.66853902,0.208552588,1.212760027,0.106161394,0.754135262,1.409083213
Emergency Call - Ragging,0.436997236,0.405500173,0.223597243,0.214127957,0.224645882,0.362607899,0.23758823,0.347011611,0.333447264,0.218180588,0.281163782,1.438316658,1.36627991,0.232129885,1.785382537,1.107656844,1.36627991,0.128430202,0.682475022,0.183500234,1.05244495,0.117846094,0.655780995,0.222255455,1.235548026,0.117846094,0.771800222,1.436414003
Emergency Call - Ragging,0.43974477,0.402757979,0.246659972,0.229165635,0.253972578,0.353422392,0.233405441,0.343859372,0.323550794,0.206349419,0.277664198,1.434879762,1.341575816,0.221427843,1.760192743,1.086316163,1.341575816,0.142511177,0.679205822,0.178734322,1.043069042,0.129702881,0.650326368,0.230965269,1.221386385,0.125258504,0.777096417,1.425493993
Emergency Call - Ragging,0.42063678,0.411249308,0.228800356,0.220720109,0.231561839,0.351420015,0.231561839,0.330788622,0.303292564,0.19829008,0.270619586,1.410275249,1.320750311,0.21937896,1.764127345,1.071708195,1.320750311,0.125879426,0.700769805,0.16858899,0.990602839,0.136437568,0.661371327,0.216985853,1.159141723,0.12784781,0.753862547,1.359207888
Emergency Call - Ragging,0.426125983,0.408297109,0.221430197,0.218384843,0.216183327,0.347540647,0.230843425,0.318451167,0.297723163,0.198053189,0.255903743,1.404284965,1.317009216,0.216183327,1.767075101,1.071560566,1.317009216,0.135884076,0.703869104,0.173460357,0.982214476,0.137806647,0.67098973,0.204353479,1.155356275,0.124685685,0.752354194,1.346321181
Emergency Call - Ragging,0.429146741,0.388626222,0.190512245,0.18217673,0.201988663,0.337270934,0.224911244,0.331698382,0.30949223,0.218844055,0.248116024,1.39015682,1.283976975,0.209784477,1.734739077,1.035809098,1.283976975,0.091017285,0.70867931,0.18763694,0.957440627,0.096000587,0.66961139,0.173888279,1.144906464,0.106969514,0.736199882,1.307472886
Emergency Call - Ragging,0.419144643,0.38967885,0.206915023,0.19468374,0.222995756,0.356606198,0.227038305,0.33521804,0.303806456,0.204853184,0.266140577,1.413977698,1.288212172,0.220259508,1.743949082,1.075274797,1.288212172,0.130539767,0.679331887,0.174130431,0.981236952,0.125808483,0.656820354,0.212553279,1.152764494,0.115767275,0.750863663,1.345206885
Emergency Call - Ragging,0.509654894,0.411546203,0.298442641,0.270273674,0.22445007,0.401508491,0.2855019,0.404633117,0.372614157,0.226461111,0.371395354,1.550883392,1.569899482,0.312622772,1.884872832,1.253790223,1.569899482,0.153547472,0.631738236,0.15189815,1.255356282,0.148205046,0.623632004,0.215518822,1.406569688,0.117058835,0.738232623,1.60405657
Emergency Call - Ragging,0.433022707,0.383078224,0.205632594,0.202746975,0.210792935,0.355679202,0.22725067,0.341764531,0.316490705,0.2096388,0.268757687,1.411220411,1.290502155,0.22725067,1.741768782,1.066387764,1.290502155,0.119207606,0.689084247,0.17798571,0.965938699,0.119207606,0.6679882,0.203259178,1.140758927,0.10060127,0.775911069,1.313924192
Emergency Call - Ragging,0.434818089,0.388933202,0.23794644,0.223563137,0.242658708,0.375030911,0.242658708,0.328046053,0.300461704,0.18746339,0.269205666,1.435261848,1.265682568,0.223737728,1.747983722,1.064128831,1.265682568,0.139726961,0.692741415,0.171585618,0.990741994,0.131373069,0.679940737,0.20856326,1.157694999,0.120197677,0.797741834,1.330535265
Emergency Call - Ragging,0.439126483,0.388629306,0.218351463,0.211514411,0.223524635,0.358355475,0.230359624,0.334799616,0.307736264,0.202038756,0.270762086,1.414848425,1.288557503,0.239226172,1.751339247,1.081388729,1.288557503,0.141427129,0.683476536,0.175436663,0.967847885,0.129367925,0.668439963,0.203046436,1.138502281,0.121223253,0.770613,1.31390449
Emergency Call - Ragging,0.45583515,0.393543539,0.23452525,0.228742536,0.231651938,0.362886895,0.231651938,0.329897177,0.302078748,0.193013163,0.263441499,1.436532265,1.296064171,0.224307688,1.74701803,1.053328953,1.296064171,0.133221664,0.701729013,0.175998021,1.006633503,0.133221664,0.683232168,0.205613967,1.180346949,0.115735586,0.791171461,1.35936976
Emergency Call - Ragging,0.449310963,0.388730126,0.228334737,0.213437475,0.215826774,0.369453281,0.226644041,0.333333333,0.296417354,0.205272385,0.274873708,1.451229953,1.296576689,0.234064788,1.743608597,1.033622788,1.296576689,0.107814339,0.723831212,0.181635495,0.98921535,0.095183134,0.714441985,0.194365063,1.165787214,0.095183134,0.787183663,1.346759327
Emergency Call - Ragging,0.446612636,0.388394764,0.212627338,0.206648665,0.228850226,0.362153116,0.24122932,0.331297874,0.303368141,0.191352908,0.278279662,1.447159413,1.334414661,0.230215344,1.758493903,1.085799937,1.334414661,0.131787518,0.685963633,0.185894725,1.012588624,0.119683258,0.679801962,0.212627338,1.192523711,0.123003301,0.788968253,1.379281403
Emergency Call - Ragging,0.446632629,0.38841215,0.2274871,0.215771721,0.238252509,0.370116605,0.23022565,0.331717815,0.293481271,0.191361474,0.278292119,1.451548335,1.315384154,0.241240118,1.748283632,1.057907902,1.315384154,0.123008807,0.706695148,0.188533317,0.993532673,0.10579079,0.703329763,0.220694904,1.17468752,0.101911184,0.806289628,1.373162827
Emergency Call - Ragging,0.444994159,0.397310217,0.235349742,0.22972624,0.244689535,0.364704713,0.235151219,0.329166307,0.299604322,0.195455562,0.272159171,1.448570351,1.341543314,0.244689535,1.770004554,1.074690577,1.341543314,0.125640522,0.708887826,0.180550666,1.005542273,0.121097787,0.699403284,0.225416566,1.18162025,0.108054134,0.804259629,1.385926434
Emergency Call - Ragging,0.464238345,0.404593922,0.205503511,0.200734799,0.216743894,0.369953451,0.238042189,0.335200762,0.305255528,0.2076137,0.281827215,1.474863649,1.390069669,0.238042189,1.773988735,1.108069797,1.390069669,0.133863405,0.682572112,0.181474438,1.044394272,0.124490438,0.656532164,0.224644021,1.223597569,0.115195705,0.749596301,1.430827907
Emergency Call - Ragging,0.45471832,0.396143508,0.232449921,0.230554059,0.247685079,0.353329181,0.247685079,0.316643866,0.277228344,0.180217366,0.261477022,1.439640277,1.383500607,0.220830738,1.7645744,1.07119981,1.383500607,0.153314433,0.706658361,0.175000522,1.021088474,0.143794559,0.697349764,0.229706431,1.193140118,0.134326094,0.782439173,1.412522889
Emergency Call - Ragging,0.448883347,0.400622956,0.203706307,0.210687037,0.229930056,0.352971003,0.230579883,0.330947404,0.309774272,0.20198516,0.26443371,1.442911991,1.390957617,0.221759007,1.762451252,1.097446594,1.390957617,0.142999573,0.674583089,0.174424597,1.051017794,0.133250182,0.660159431,0.22796946,1.223420657,0.123538842,0.763245466,1.43514838
Emergency Call - Ragging,0.452135422,0.398718429,0.207554203,0.202737904,0.219582739,0.368988556,0.24041758,0.329374109,0.30814135,0.209685449,0.28463953,1.463753683,1.370500966,0.230557591,1.757252394,1.080314006,1.370500966,0.122951549,0.694168121,0.183285347,1.026186142,0.113333934,0.665389218,0.21822867,1.207705066,0.103777101,0.756031637,1.40868339
Emergency Call - Ragging,0.437303392,0.392627268,0.209593585,0.194897118,0.231738583,0.368125485,0.24277987,0.332610467,0.301131368,0.20175552,0.26783957,1.446440955,1.392205723,0.232823,1.764868467,1.108383442,1.392205723,0.139809154,0.673724188,0.18751994,1.025616482,0.121286139,0.657604231,0.229115043,1.209575565,0.11748841,0.755233629,1.422524807
Emergency Call - Ragging,0.464431221,0.407702026,0.224502009,0.218934977,0.246764707,0.362850041,0.244250909,0.325176198,0.294291852,0.19508463,0.278488884,1.473101064,1.409295557,0.235241169,1.783371961,1.114417126,1.409295557,0.150771178,0.68561497,0.192430293,1.047768762,0.131845571,0.676553581,0.226781276,1.23536485,0.131845571,0.762335976,1.45058494
Emergency Call - Ragging,0.453910404,0.391225204,0.217946089,0.223138697,0.230384627,0.361732537,0.240327732,0.341628188,0.309351043,0.210508626,0.283833827,1.462299237,1.392285342,0.231462708,1.764150969,1.098830651,1.392285342,0.138992305,0.678576483,0.176829499,1.05083876,0.129727857,0.665686726,0.223138697,1.224338263,0.116801972,0.750091278,1.435494789
Emergency Call - Ragging,0.451244602,0.380226754,0.216666099,0.214153281,0.229031585,0.372777012,0.239943897,0.348489225,0.317454694,0.219150106,0.270775839,1.466517694,1.381617616,0.241375189,1.753790165,1.087863278,1.381617616,0.128965969,0.684152152,0.185329472,1.034062145,0.110914105,0.664078235,0.221828211,1.216136624,0.106846615,0.745091869,1.425511647
Emergency Call - Ragging,0.444590358,0.400237836,0.222629374,0.219941597,0.239158252,0.356206999,0.229858764,0.329160372,0.298854541,0.201353469,0.263606717,1.442150401,1.369668309,0.240810487,1.775739673,1.091792246,1.369668309,0.144965746,0.699283081,0.183584885,1.007997363,0.135420162,0.673872307,0.222629374,1.18984935,0.125938192,0.758313689,1.39962893
Emergency Call - Ragging,0.454064891,0.400121978,0.23570226,0.234304607,0.252613962,0.359606475,0.233301156,0.329937659,0.281599091,0.186338998,0.267937568,1.468002054,1.351578434,0.233301156,1.777032736,1.07842791,1.351578434,0.138701074,0.710615032,0.183803656,1.029090753,0.131761569,0.705046694,0.234104261,1.207808988,0.12253577,0.786821351,1.431788661
Emergency Call - Ragging,0.469224629,0.405516501,0.243685089,0.232558989,0.239716319,0.367708048,0.239716319,0.335760697,0.296455706,0.192115746,0.271860768,1.466104018,1.357286068,0.230189906,1.786754154,1.078077479,1.357286068,0.130004427,0.718131954,0.187787176,1.035854575,0.120901662,0.702960252,0.222316098,1.221233961,0.108979285,0.7858608,1.433079988
Emergency Call - Ragging,0.455199303,0.408320926,0.242503256,0.233341806,0.248124639,0.371229562,0.237498829,0.341651838,0.301980415,0.190756128,0.272232107,1.462733997,1.36559791,0.24596386,1.795704642,1.111889802,1.36559791,0.13733612,0.691843687,0.178964996,1.048511909,0.119309997,0.691843687,0.219996765,1.222017759,0.110402048,0.794330444,1.423525022
Emergency Call - Ragging,0.457899419,0.401209304,0.245383418,0.245383418,0.250921682,0.364763951,0.241146263,0.334804632,0.297154807,0.198127292,0.276491132,1.456728549,1.354682907,0.242566872,1.799520828,1.0925243,1.354682907,0.13269762,0.713335319,0.170390176,1.040041824,0.120484049,0.727051121,0.220297935,1.202592687,0.114638876,0.79968427,1.415609837
Emergency Call - Ragging,0.450886869,0.393137,0.222636498,0.222636498,0.236817386,0.374000386,0.236817386,0.328068386,0.291176072,0.19264839,0.27976426,1.459670913,1.342900385,0.237686443,1.780536233,1.085879377,1.342900385,0.130027753,0.702807331,0.172309958,1.036289973,0.123522192,0.703511077,0.215291699,1.202917416,0.114873305,0.791970009,1.403765187
Emergency Call - Ragging,0.454894156,0.380612166,0.207442687,0.205750784,0.212254665,0.3673188,0.230668628,0.344174087,0.308594714,0.204425178,0.271504076,1.451510278,1.316740129,0.233347019,1.741955924,1.052638222,1.316740129,0.103158147,0.705622243,0.184029096,0.996264578,0.098536755,0.694974079,0.21298532,1.174862282,0.094923172,0.768030636,1.376301339
Emergency Call - Ragging,0.451163935,0.384436988,0.223606798,0.223606798,0.222191551,0.370118065,0.240432051,0.338511308,0.302460989,0.198575368,0.273573155,1.450144124,1.325555654,0.241250684,1.783312941,1.074988079,1.325555654,0.120788681,0.718941563,0.183077443,1.004131842,0.112331191,0.705375932,0.21460844,1.183815678,0.101253967,0.783957847,1.386789861
Emergency Call - Ragging,0.454614398,0.378107777,0.201059009,0.209736458,0.21772081,0.35865167,0.227098565,0.331965339,0.296612144,0.196480215,0.278818679,1.456875999,1.283777607,0.227931957,1.754283992,1.056177092,1.283777607,0.107722308,0.708847602,0.179537179,1.00155359,0.107722308,0.69343309,0.198973475,1.176852979,0.107722308,0.758918657,1.364843813
Emergency Call - Ragging,0.443760157,0.376116225,0.199436354,0.216574041,0.225403536,0.362811618,0.225902401,0.329648172,0.30369828,0.195445323,0.26897066,1.456949446,1.254455474,0.227886941,1.753474171,1.055211315,1.254455474,0.115578324,0.709146886,0.185192968,0.988185367,0.11394347,0.686508965,0.209349927,1.169499821,0.11394347,0.76548431,1.362841089
Emergency Call - Ragging,0.452605074,0.383142025,0.223755577,0.240943027,0.241402989,0.357893226,0.232826024,0.336376192,0.31830233,0.200760277,0.267004174,1.454354045,1.241804966,0.225073736,1.770457997,1.070022884,1.241804966,0.128994381,0.70815187,0.175398631,0.989891223,0.120701494,0.68995583,0.211522817,1.16098128,0.112125397,0.777017915,1.352877151
Emergency Call - Ragging,0.444927031,0.38597001,0.212556558,0.212556558,0.231327531,0.35271435,0.221005785,0.330966553,0.297115375,0.20621015,0.265450586,1.438111781,1.211981084,0.221816818,1.760983551,1.052596137,1.211981084,0.110177405,0.716842347,0.188179645,0.959044981,0.110177405,0.686908383,0.201452847,1.144432442,0.102054741,0.758138338,1.331575363
Emergency Call - Ragging,0.45046226,0.402727378,0.230238192,0.229456927,0.238663376,0.359671513,0.237909779,0.347895762,0.322502783,0.216075668,0.276062157,1.45704181,1.249335407,0.230238192,1.801410483,1.120584841,1.249335407,0.135867551,0.69019442,0.179785823,0.986767791,0.127127775,0.661824584,0.212556558,1.162614988,0.11865259,0.742195906,1.356267938
Emergency Call - Ragging,0.452534842,0.392980298,0.215802732,0.216280349,0.218180359,0.358852129,0.232379297,0.33217335,0.307324988,0.201801067,0.267729646,1.44038395,1.2543657,0.23282291,1.797038065,1.090397215,1.2543657,0.124409591,0.713329877,0.174961547,0.979566991,0.124685751,0.680409137,0.204846016,1.153130693,0.108140174,0.751051177,1.344544824
Emergency Call - Ragging,0.443525592,0.380084942,0.203595462,0.210467172,0.20877045,0.339368117,0.233343187,0.345786103,0.323265798,0.220813058,0.275062896,1.417730092,1.241630022,0.234449085,1.792848067,1.094712873,1.241630022,0.096498447,0.709571689,0.201038432,0.936278088,0.104848818,0.65630966,0.193331668,1.136704788,0.096498447,0.715335309,1.319032747
Emergency Call - Ragging,0.433277645,0.38326391,0.193604205,0.193604205,0.220082064,0.332392831,0.230892581,0.334292234,0.319870811,0.220082064,0.257101247,1.397051835,1.193562574,0.231986865,1.796715871,1.113224181,1.193562574,0.111682994,0.692997592,0.191135712,0.910486513,0.10374768,0.639741622,0.198927096,1.100554156,0.10344209,0.703875917,1.284644015
Emergency Call - Ragging,0.447814542,0.375995714,0.168767196,0.1658446,0.197935682,0.338348275,0.235060304,0.320918704,0.299644269,0.212672305,0.24845959,1.400817036,1.191724208,0.220156581,1.778605477,1.096805681,1.191724208,0.101633862,0.697029768,0.196074177,0.895833792,0.101633862,0.630306457,0.195449735,1.091302833,0.101934111,0.688915265,1.271234888
Emergency Call - Ragging,0.443179716,0.371701798,0.156663812,0.152009389,0.16898025,0.339903326,0.224908109,0.332694189,0.310352167,0.229127152,0.242825826,1.394820882,1.211982478,0.234166356,1.773427865,1.077788595,1.211982478,0.054709376,0.708312132,0.209473335,0.904973124,0.05632675,0.644456944,0.180623815,1.114192408,0.061896593,0.684414076,1.288286742
Emergency Call - Ragging,0.444314511,0.385666257,0.157675421,0.166410059,0.18973666,0.346765272,0.228035085,0.329475107,0.307546119,0.218807959,0.266371632,1.41675686,1.281849625,0.237422052,1.79040176,1.092463694,1.281849625,0.074420841,0.705145921,0.205314018,0.974284748,0.05974304,0.684105255,0.206360402,1.177115118,0.081900502,0.730900393,1.380657591
Emergency Call - Ragging,0.434540746,0.402398397,0.185653305,0.183375264,0.216525018,0.357102207,0.242449348,0.345879597,0.300241324,0.20877045,0.251868342,1.41451075,1.360636662,0.244573808,1.817885505,1.148842734,1.360636662,0.107888544,0.676732511,0.194498839,1.006349475,0.100760173,0.660630764,0.2341731,1.198431895,0.100760173,0.746997785,1.42391989
Emergency Call - Ragging,0.429576707,0.404267171,0.205599645,0.202055886,0.203140966,0.350329822,0.247720593,0.34880254,0.319478408,0.202055886,0.285750175,1.407959642,1.371097021,0.247720593,1.824279165,1.170395666,1.371097021,0.124050315,0.656699565,0.182969387,1.039300591,0.110101563,0.642143653,0.215591031,1.220905355,0.11430007,0.730546119,1.426903294
Emergency Call - Ragging,0.421789319,0.400785997,0.202267175,0.191166517,0.204320702,0.338210942,0.250497258,0.35298525,0.315108732,0.213843321,0.281408513,1.373246532,1.410575708,0.251648387,1.826410119,1.160747439,1.410575708,0.10900378,0.669358726,0.193005502,1.017824446,0.10200306,0.657157617,0.229489394,1.210158246,0.097824768,0.740081059,1.435623478
Emergency Call - Ragging,0.417668543,0.406370532,0.218793474,0.200692101,0.207167698,0.338173292,0.255154845,0.365660354,0.32665254,0.215141588,0.282655894,1.373642371,1.438631278,0.255154845,1.829727739,1.187616304,1.438631278,0.124034735,0.645220127,0.195694833,1.040100561,0.110522634,0.633863366,0.223569884,1.23522633,0.099187854,0.740205106,1.449149066
Emergency Call - Ragging,0.406545631,0.400605522,0.225703933,0.202698713,0.201545603,0.324982519,0.256239965,0.359147808,0.319922911,0.200053266,0.276128449,1.332536776,1.435315941,0.264299386,1.837255496,1.183249724,1.435315941,0.122405144,0.65511851,0.187865202,1.020075506,0.115404676,0.645492926,0.221985327,1.207841023,0.104503379,0.750973265,1.422242662
Emergency Call - Ragging,0.435529186,0.404509214,0.227542857,0.215881866,0.196755559,0.346531911,0.250865965,0.371545411,0.341787382,0.226493922,0.286921811,1.375929775,1.463345407,0.268549168,1.834416443,1.178399042,1.463345407,0.116650304,0.658325374,0.190429612,1.055926906,0.100684823,0.651834135,0.214141493,1.245948667,0.099324155,0.743502723,1.454554926
Emergency Call - Ragging,0.418778481,0.404248014,0.239617598,0.216371455,0.210642958,0.343055431,0.258838463,0.354453126,0.322430466,0.200563181,0.274013206,1.356684382,1.45193191,0.257654444,1.831989826,1.191490975,1.45193191,0.141819585,0.642009653,0.18977032,1.047165223,0.128761275,0.626692178,0.221952151,1.236903946,0.112118226,0.743022628,1.447150563
Emergency Call - Ragging,0.435408662,0.40790905,0.233570375,0.211472408,0.216595051,0.348906382,0.254796502,0.366824803,0.326982267,0.206383605,0.278591332,1.392980513,1.412003448,0.264018235,1.837309453,1.19139828,1.412003448,0.131441605,0.649682881,0.196318025,1.035774473,0.117564945,0.635829658,0.234705596,1.231008969,0.102140036,0.750351547,1.452460614
NIL 10 ,0.438136101,0.285135195,0.368636465,0.195940421,0.12002907,0.416541398,0.231638203,0.220617818,0.387986401,0.280453758,0.306333223,1.17139544,0.657603951,0.226882661,0.832755556,0.195343344,0.657603951,0.264741382,0.826183538,0.419522054,0.481493018,0.304292679,0.406799157,0.202968393,0.796427269,0.209761027,0.413350901,0.767800723
NIL 10 ,0.450227305,0.256585851,0.319363245,0.145636412,0.094322835,0.432899683,0.235013439,0.185794437,0.3766305,0.280441949,0.328590216,1.160224546,0.681008254,0.21902404,0.808891865,0.227159467,0.681008254,0.244803647,0.845082068,0.435849071,0.45969199,0.280441949,0.40923503,0.196951861,0.785817343,0.186749685,0.374450962,0.79307501
NIL 10 ,0.440022347,0.267593221,0.321081758,0.118976903,0.092905352,0.44252605,0.220794413,0.174503854,0.381251691,0.281182619,0.329885962,1.154421437,0.686544782,0.223745718,0.829723341,0.241553916,0.686544782,0.249429677,0.852666678,0.469627137,0.452478635,0.276227471,0.383058581,0.200124254,0.802435528,0.183943213,0.375778895,0.789597119
NIL 10 ,0.434032336,0.228501693,0.294662777,0.127656569,0.113319925,0.423311956,0.252876032,0.185695338,0.390637446,0.286360746,0.30849604,1.138622179,0.685457534,0.225197188,0.755183293,0.271281474,0.685457534,0.234276761,0.8362431,0.464711996,0.417106975,0.286133024,0.372179658,0.210071676,0.797378535,0.171078855,0.378001428,0.775118244
NIL 10 ,0.441189651,0.248917902,0.29290943,0.107520666,0.097043387,0.422541447,0.242441094,0.177298322,0.38227263,0.285839515,0.32526886,1.153537528,0.708918497,0.224787286,0.790687501,0.266922546,0.708918497,0.249829454,0.829765478,0.450512615,0.450512615,0.27788997,0.379373353,0.194086774,0.805901465,0.173596488,0.372113602,0.79044104
NIL 10 ,0.429629164,0.239102595,0.30154004,0.133528833,0.103553611,0.439845958,0.249491869,0.215072883,0.388443464,0.294729507,0.322289557,1.134400935,0.689478579,0.224315088,0.769872097,0.21742027,0.689478579,0.255025628,0.800063449,0.421277366,0.47880191,0.287868061,0.379770837,0.197059603,0.781284898,0.193976554,0.350579651,0.797203233
NIL 10 ,0.429231246,0.225443295,0.294315934,0.122337247,0.125297447,0.414313248,0.250228973,0.187742919,0.370737843,0.277214524,0.320735258,1.134239699,0.691381626,0.227600696,0.752312663,0.267342861,0.691381626,0.234605428,0.835417877,0.444610707,0.425586663,0.276994075,0.390870151,0.196797823,0.774083887,0.168358346,0.378160677,0.766311127
NIL 10 ,0.443303531,0.258750345,0.325086333,0.151756162,0.094439154,0.436149084,0.252295509,0.203812172,0.393052058,0.290450748,0.331598008,1.19824755,0.696443535,0.227600696,0.782989587,0.241280437,0.696443535,0.250228973,0.814686511,0.448849748,0.47522621,0.296590275,0.366345354,0.211172368,0.858924901,0.193037008,0.378806279,0.836440958
NIL 10 ,0.437164542,0.227383147,0.296527482,0.150814204,0.117766108,0.426046463,0.252909399,0.201651893,0.400404766,0.290479122,0.327211811,1.145011225,0.713355499,0.214967506,0.766837335,0.254222087,0.713355499,0.238458193,0.819469348,0.438368418,0.463466119,0.287503708,0.381314945,0.223941474,0.800809532,0.188425772,0.384502283,0.775183718
NIL 10 ,0.420406438,0.26147808,0.319145629,0.114656301,0.082788481,0.405371241,0.232475684,0.166423043,0.378123694,0.284427278,0.31310335,1.077710849,0.605638302,0.227591197,0.804656393,0.268370028,0.605638302,0.224859507,0.883589462,0.518911999,0.33728926,0.284427278,0.364737862,0.203618944,0.732626489,0.187981591,0.366121488,0.735152663
NIL 10 ,0.432086367,0.257456534,0.325282796,0.130395592,0.089907721,0.434915534,0.243203982,0.1793498,0.394874622,0.285779981,0.328013444,1.123493032,0.69031172,0.241016541,0.778874259,0.282246851,0.69031172,0.23904239,0.865494174,0.500863342,0.40820277,0.290423968,0.364634017,0.209193323,0.786672632,0.180434431,0.378511912,0.761722233
NIL 10 ,0.410991772,0.258019915,0.340879006,0.167919002,0.073008262,0.393161522,0.249513145,0.234082294,0.405508155,0.288821274,0.310435387,1.060657031,0.564623448,0.228668589,0.783776929,0.192747342,0.564623448,0.262829742,0.796827567,0.436403793,0.38258001,0.297905916,0.362477013,0.189961829,0.71178375,0.205722721,0.374269717,0.711221889
NIL 10 ,0.438237364,0.265767458,0.315000307,0.130367753,0.098222137,0.420007022,0.257358586,0.219175707,0.393524186,0.288841034,0.335889557,1.147941879,0.717858739,0.228225718,0.789363178,0.234064742,0.717858739,0.254624805,0.800805643,0.437266737,0.495165329,0.293306142,0.363547739,0.213163412,0.818738308,0.190370533,0.395740884,0.763874416
NIL 10 ,0.435782895,0.246219921,0.322888661,0.14414417,0.091164778,0.42216719,0.238601057,0.224647146,0.393935466,0.283931087,0.317262741,1.119035012,0.659677247,0.227810628,0.785523277,0.237047901,0.659677247,0.244715126,0.809292462,0.41865273,0.433392406,0.277266847,0.390639861,0.19717274,0.758124645,0.189287391,0.389218918,0.740688496
NIL 10 ,0.446579731,0.28548701,0.356963193,0.183425099,0.104086085,0.416463688,0.240927209,0.20492398,0.393264027,0.288000072,0.33035478,1.162329061,0.644604806,0.227561238,0.81969592,0.208291501,0.644604806,0.260930419,0.836529338,0.453207544,0.449629606,0.309941945,0.384833224,0.183831057,0.79523104,0.217626049,0.414669867,0.761389353
NIL 10 ,0.425110429,0.246855974,0.32341018,0.125910159,0.080465203,0.419132985,0.248777061,0.220902479,0.384909341,0.27942199,0.314680857,1.08757235,0.636955984,0.22272682,0.782241605,0.210642797,0.636955984,0.248394032,0.815144676,0.434251251,0.429455793,0.279592317,0.381679971,0.194301096,0.732975467,0.188455176,0.408491165,0.690121406
NIL 10 ,0.432522981,0.236185822,0.327446668,0.145292614,0.098221845,0.383350603,0.268813989,0.234969406,0.38465653,0.284355008,0.284942259,1.079887599,0.571767056,0.221255632,0.751030114,0.17928334,0.571767056,0.262703782,0.774417841,0.404034482,0.404979041,0.292877203,0.370424937,0.18774163,0.734635014,0.19473439,0.39221822,0.698852135
NIL 10 ,0.437177672,0.273865654,0.341749717,0.173622386,0.096423139,0.400146144,0.223681799,0.20871917,0.387984492,0.27639142,0.303656745,1.115104595,0.574423727,0.210206363,0.842562081,0.2301238,0.574423727,0.228870848,0.844749119,0.43177272,0.365533162,0.275870745,0.413052635,0.18806526,0.725076304,0.195070074,0.43177272,0.694489546
NIL 10 ,0.41654469,0.264172023,0.333005765,0.196721982,0.103470853,0.406339122,0.230517241,0.224253775,0.377388605,0.276080442,0.307870756,1.102942284,0.598675813,0.210821099,0.827766826,0.191407609,0.598675813,0.238681511,0.834679527,0.383904127,0.416249832,0.275367975,0.455084018,0.161790638,0.669725002,0.188694302,0.442555109,0.665790276
NIL 10 ,0.415140294,0.256809695,0.330926268,0.160790729,0.094996791,0.395338694,0.223170065,0.202544786,0.364591318,0.259549328,0.297796788,1.099223673,0.586847718,0.210110308,0.827868259,0.20302589,0.586847718,0.230587796,0.848671846,0.411659343,0.390184447,0.271670532,0.437119172,0.167623271,0.692855526,0.187408514,0.431729364,0.67052946
NIL 10 ,0.431732892,0.294085849,0.281124092,0.202960383,0.125499932,0.330494278,0.232094077,0.187443685,0.233495262,0.201578117,0.299735827,1.347739815,0.378474891,0.180348632,1.696798147,0.395925191,0.378474891,0.164398987,1.554987766,0.909820092,0.512017736,0.192351418,0.658233395,0.250442293,0.82057648,0.164964906,0.56785596,1.068484394
NIL 10 ,0.422310411,0.254173934,0.332923604,0.106989526,0.105676721,0.393778746,0.237478895,0.201895092,0.359300852,0.265035868,0.308097939,1.117628129,0.658256555,0.222925287,0.807372915,0.232128245,0.658256555,0.246704789,0.850057396,0.440432379,0.428284166,0.262814415,0.409625109,0.194858246,0.745189498,0.165410232,0.420654415,0.702452171
NIL 10 ,0.436660631,0.388576907,0.394826111,0.392042728,0.29093493,0.313938008,0.242644963,0.208675533,0.140397345,0.138084216,0.273355098,1.453035277,0.522244181,0.107679848,1.653936611,0.453166022,0.522244181,0.088649869,1.456444864,0.292920857,0.826091526,0.045401811,1.244674303,0.245547834,0.97778731,0.107679848,1.089702568,1.142568383
NIL 10 ,0.440261666,0.256534147,0.263845401,0.253510063,0.173279274,0.334786891,0.189438353,0.099871383,0.308408303,0.263260161,0.273978589,1.294242739,0.312383654,0.158722406,1.59630035,0.624190993,0.312383654,0.155118331,1.014040253,0.393782005,0.386135024,0.288422712,0.651831511,0.177094517,0.74915548,0.246726642,0.618564554,0.911339589
NIL 10 ,0.483023086,0.158739666,0.16586611,0.184046461,0.184046461,0.350855813,0.121267813,0.146843861,0.356462386,0.288865868,0.253527656,1.273717491,0.207270366,0.121267813,1.395423783,0.32135906,0.207270366,0.173652874,1.456377138,0.82933055,0.224491789,0.224859507,0.628287783,0.209056357,0.646882299,0.199346255,0.611427312,0.743888961
NIL 10 ,0.429325726,0.297818882,0.371911894,0.16740883,0.135925533,0.396995772,0.218517341,0.213898223,0.365990699,0.270007987,0.31284428,1.154448251,0.661570518,0.240284666,0.859232801,0.208579479,0.661570518,0.268617379,0.856941461,0.4181304,0.463982699,0.281994023,0.440732406,0.185955947,0.743823788,0.18994117,0.471522203,0.687752995
NIL 10 ,0.429133925,0.296049649,0.368945412,0.152522539,0.106677407,0.397413834,0.225670958,0.214090269,0.36552125,0.268309411,0.314183222,1.12620748,0.596015271,0.227059716,0.852719082,0.209338714,0.596015271,0.253736615,0.858267851,0.433796977,0.399071541,0.278880413,0.425011789,0.185110654,0.724823689,0.188476578,0.451063224,0.684172343
NIL 10 ,0.432349051,0.302479471,0.394235171,0.171858404,0.108994305,0.400183733,0.225681198,0.194604297,0.375300702,0.281810521,0.320802355,1.152234807,0.63899082,0.224075944,0.86016996,0.232132579,0.63899082,0.251276604,0.888212236,0.471837484,0.41246017,0.292776427,0.416576957,0.203184157,0.762745039,0.197284,0.434242505,0.730257797
NIL 10 ,0.430792673,0.30929865,0.370492962,0.173497593,0.113662052,0.395782298,0.221130391,0.201088698,0.370492962,0.271958876,0.308776097,1.133348026,0.60939186,0.226327376,0.871647888,0.226470034,0.60939186,0.24966873,0.87939471,0.416846956,0.393162279,0.263269383,0.46267576,0.186419626,0.701627295,0.177909252,0.468640646,0.67017251
NIL 10 ,0.43976944,0.311017033,0.378089234,0.18689307,0.105947283,0.42230639,0.229400585,0.195694833,0.371393742,0.282655894,0.328768122,1.15489113,0.645168958,0.234524307,0.852859173,0.225334937,0.645168958,0.260152075,0.861678171,0.472834153,0.431891431,0.319292715,0.390460699,0.171413636,0.782821505,0.223569884,0.408073039,0.756789452
NIL 10 ,0.421434579,0.307512248,0.340124429,0.337467858,0.254091681,0.311582868,0.142831425,0.015492243,0.162852881,0.124902458,0.255739352,1.362128561,0.398756016,0.045167263,1.456600449,0.4101789,0.398756016,0.055858077,1.17342877,0.301402777,0.657371497,0.159502406,0.888409574,0.097981549,0.803956376,0.131911698,0.853691485,0.901350374
NIL 10 ,0.488488167,0.235339362,0.259360569,0.342405285,0.281338219,0.36981607,0.185695338,0.105045146,0.270376494,0.225908129,0.273691728,1.371981858,0.31981427,0.166410059,1.577864117,0.37324301,0.31981427,0.08304548,1.23623455,0.474830697,0.155875214,0.254820892,0.794476956,0.237806064,0.590283841,0.220200054,0.75369998,0.750243108
NIL 10 ,0.422120952,0.282444792,0.363167189,0.146450405,0.080863709,0.408661855,0.213486317,0.204730558,0.363167189,0.273625393,0.314537999,1.099776167,0.603668031,0.21997307,0.854634149,0.220863052,0.603668031,0.259268773,0.849030434,0.432223898,0.394909742,0.284405837,0.416820848,0.186688368,0.716819264,0.189297089,0.416271418,0.689051804
NIL 10 ,0.44622927,0.289837951,0.346368479,0.110188464,0.122593659,0.42514026,0.225964422,0.211253894,0.37946225,0.284466942,0.326570498,1.160285477,0.684588789,0.224068591,0.856203212,0.228706984,0.684588789,0.259238945,0.848155251,0.440753857,0.470289429,0.249564824,0.40740343,0.203983432,0.791849934,0.15916366,0.421029531,0.745488058
NIL 10 ,0.44644983,0.293550368,0.34976248,0.144918976,0.139848689,0.422507788,0.216167432,0.21202914,0.377294125,0.279345187,0.310182471,1.176462964,0.702240482,0.224068591,0.871812912,0.225673792,0.702240482,0.259365495,0.853093156,0.422895944,0.493177181,0.255798413,0.430661794,0.202530425,0.783978508,0.155830021,0.421029531,0.761686746
NIL 10 ,0.445732752,0.294635228,0.362999442,0.15341835,0.139182976,0.410925181,0.211097095,0.18772232,0.366894495,0.270292159,0.313866845,1.170999432,0.638438177,0.22489667,0.875034828,0.218938083,0.638438177,0.252196958,0.894870599,0.453015607,0.426866344,0.255323486,0.442382729,0.203441465,0.756678256,0.165843698,0.421096561,0.761468785
NIL 10 ,0.453599015,0.29820399,0.359981634,0.14385484,0.162826278,0.418576888,0.221937375,0.239282675,0.360898786,0.270292159,0.312388823,1.154624192,0.66853732,0.231273871,0.87529924,0.185418891,0.66853732,0.276578864,0.830652437,0.396513733,0.508050886,0.247299464,0.437120556,0.204737284,0.752736056,0.164442459,0.395679142,0.767091749
NIL 10 ,0.440519107,0.292505991,0.35738016,0.174632604,0.16084133,0.404587276,0.211274795,0.229602527,0.373953207,0.278351349,0.305153614,1.162536987,0.663706011,0.221660381,0.891478987,0.199373448,0.663706011,0.25037441,0.864990175,0.411612995,0.480697395,0.253478344,0.45449806,0.201809874,0.747296269,0.172568094,0.430569773,0.737421123
NIL 10 ,0.44954193,0.282462171,0.329600527,0.140726186,0.17661444,0.410630644,0.223288244,0.260556919,0.378143787,0.266677212,0.311845645,1.153814356,0.716992206,0.234078592,0.863840003,0.196778869,0.716992206,0.262492373,0.808449526,0.380894566,0.547000101,0.234078592,0.430195324,0.206965084,0.767910677,0.143398441,0.402774308,0.756329403
NIL 10 ,0.443625948,0.301175465,0.3457213,0.166835769,0.17469789,0.42206482,0.227893163,0.24758973,0.382761012,0.279052315,0.326228114,1.159069005,0.709072223,0.23018073,0.87318949,0.184542489,0.709072223,0.267059876,0.831071876,0.398520415,0.543659986,0.255530227,0.43798011,0.218653348,0.759595978,0.17167259,0.439770837,0.729064114
NIL 10 ,0.446451909,0.277118304,0.314067849,0.141814619,0.190264277,0.403649809,0.228262919,0.251849594,0.373967225,0.269074321,0.317107128,1.134516951,0.733439274,0.240667389,0.848010193,0.17747542,0.733439274,0.275438444,0.791742657,0.395284708,0.578599367,0.238082272,0.400571992,0.204679174,0.780367075,0.141814619,0.391904464,0.747355072
NIL 10 ,0.448586566,0.260787709,0.293209394,0.143879855,0.179468556,0.422010704,0.226420934,0.263227745,0.38266441,0.286274762,0.320207556,1.149689172,0.749451821,0.221939597,0.847405139,0.189854714,0.749451821,0.257498363,0.778814091,0.349395832,0.59102106,0.246381509,0.431992067,0.205264374,0.775052439,0.165526217,0.378504891,0.772849687
NIL 10 ,0.437773238,0.27502319,0.329269445,0.128769688,0.137858993,0.393262778,0.202188284,0.232828657,0.374063456,0.27779195,0.301886078,1.110162932,0.607405405,0.220880659,0.874890664,0.205318319,0.607405405,0.247564669,0.826266807,0.390087641,0.431537356,0.236497616,0.436898274,0.199808582,0.705029309,0.162882204,0.412264156,0.707287143
NIL 10 ,0.429207175,0.269595153,0.33901683,0.148130973,0.11044194,0.40439273,0.188476578,0.17462404,0.369286082,0.273416104,0.292524487,1.149744036,0.629566,0.21931275,0.87757346,0.258887908,0.629566,0.230085478,0.890940819,0.452037895,0.382746408,0.261545716,0.438983708,0.206313429,0.740442615,0.165568002,0.41987708,0.741672833
NIL 10 ,0.398602253,0.283235326,0.353354684,0.150953187,0.072845934,0.385302459,0.217392119,0.213480045,0.373704947,0.274845443,0.313073048,1.098728536,0.584906078,0.222501247,0.849705978,0.205432525,0.584906078,0.25284003,0.84764626,0.447311303,0.391251565,0.297427267,0.40055524,0.205584416,0.723687302,0.198162366,0.408197314,0.706797702
NIL 10 ,0.405272937,0.260768096,0.34176015,0.172760394,0.102281662,0.386303986,0.233238076,0.228035085,0.372930185,0.270952735,0.29974348,1.082816839,0.549853127,0.22090722,0.81077361,0.203960781,0.549853127,0.251151196,0.816220181,0.39223227,0.363994928,0.285549403,0.424626533,0.181107703,0.675778753,0.196742706,0.441605463,0.654922192
NIL 10 ,0.435387417,0.299140722,0.36276141,0.184451455,0.133347241,0.409478154,0.220440857,0.168443899,0.375286085,0.287207459,0.324166767,1.171981061,0.624837891,0.223477574,0.860131033,0.2440721,0.624837891,0.256511053,0.875223501,0.465113667,0.399158185,0.309269637,0.410183003,0.185838327,0.785672184,0.215731297,0.435387417,0.745509086
NIL 10 ,0.423232455,0.292716375,0.380084942,0.201680729,0.115137292,0.392061024,0.219638512,0.171908432,0.370696552,0.282371342,0.295902348,1.109994337,0.506361497,0.21108078,0.859579777,0.238686048,0.506361497,0.233343187,0.913236854,0.487624923,0.275062896,0.310407505,0.425821989,0.177643365,0.693859327,0.215777088,0.444835863,0.686174532
NIL 10 ,0.419895108,0.284030161,0.370052413,0.235846039,0.144481194,0.401679306,0.200999494,0.185892034,0.379055352,0.276815155,0.323069771,1.179094017,0.589805704,0.215793642,0.867368633,0.223254644,0.589805704,0.248962134,0.875476435,0.447084316,0.39131164,0.324755277,0.429573472,0.17001056,0.761660801,0.229496764,0.460739421,0.731462627
NIL 10 ,0.421428298,0.258101511,0.340883571,0.203816033,0.143573582,0.372256176,0.209292663,0.146176337,0.361550763,0.276896541,0.306006569,1.117893453,0.504504595,0.211532748,0.833898752,0.251815929,0.504504595,0.237957836,0.887953568,0.479860881,0.273355957,0.325897454,0.408094322,0.167231321,0.717035753,0.237561349,0.434570111,0.704078473
NIL 10 ,0.427981678,0.240667389,0.338349225,0.225261125,0.141814619,0.380528554,0.216434885,0.188958846,0.388096395,0.281439018,0.305478038,1.085827922,0.495337169,0.202246051,0.820302407,0.204527952,0.495337169,0.236124862,0.839392166,0.439748465,0.311992162,0.318567337,0.399644025,0.165382844,0.698655002,0.236124862,0.412145437,0.688034221
NIL 10 ,0.447819166,0.249117684,0.338376484,0.199083265,0.125372075,0.393889644,0.224664761,0.119846333,0.357365397,0.287499264,0.344724076,1.170666778,0.482344096,0.21162041,0.812920727,0.227660423,0.482344096,0.222848035,0.957674747,0.529930711,0.255693965,0.335864374,0.428332622,0.137978043,0.745355992,0.25074415,0.403658741,0.783510618
NIL 10 ,0.439529842,0.281334311,0.372193286,0.236844306,0.150930892,0.388383095,0.241137905,0.149793491,0.369240789,0.284838287,0.336679967,1.133876181,0.436719321,0.212645771,0.816859561,0.187515676,0.436719321,0.240000456,0.931649609,0.493631629,0.250051301,0.334948429,0.439062672,0.133365254,0.697904531,0.244238579,0.435307255,0.714373663
NIL 10 ,0.427296878,0.250285021,0.347263413,0.201842759,0.153400497,0.370424084,0.223890845,0.133155042,0.374014142,0.296866718,0.320211943,1.09849943,0.36971952,0.199732564,0.815124932,0.205840033,0.36971952,0.21799018,0.940751835,0.528750983,0.171078855,0.32696035,0.412470999,0.137490333,0.686312871,0.249371807,0.434782609,0.693587641
NIL 10 ,0.42834153,0.252936946,0.359099985,0.232216506,0.163388981,0.379558923,0.233645544,0.124812622,0.364253913,0.288357862,0.319151061,1.11808609,0.425925685,0.200026628,0.808095976,0.226850805,0.425925685,0.220450966,0.958842811,0.528528385,0.199192832,0.338092646,0.432517553,0.138947128,0.686154164,0.248154093,0.459533489,0.685474659
NIL 10 ,0.421062262,0.266669378,0.354999611,0.209407877,0.161321801,0.362525659,0.242653945,0.147192331,0.367870306,0.277782838,0.306617536,1.106113608,0.3431645,0.197742628,0.811955238,0.205645753,0.3431645,0.209873401,0.944972658,0.517802775,0.161321801,0.319095175,0.427578861,0.138069222,0.678750814,0.245320552,0.462025751,0.68481057
NIL 10 ,0.43897748,0.256165448,0.363400643,0.238372151,0.141373114,0.403683585,0.218203004,0.146351723,0.372667828,0.282263314,0.337007941,1.204839038,0.543910855,0.204318987,0.825910552,0.216161478,0.543910855,0.23184414,0.944467628,0.49423691,0.328915702,0.334672164,0.45432588,0.124161581,0.753572664,0.244028268,0.465157046,0.751578602
NIL 10 ,0.438723178,0.256415934,0.371811122,0.280282515,0.190565798,0.40073857,0.217920327,0.142491673,0.368497887,0.285102861,0.328725159,1.180483339,0.502497679,0.200836297,0.824812791,0.216036254,0.502497679,0.231268339,0.950143698,0.466934907,0.287482725,0.334478286,0.487634098,0.133096927,0.694786354,0.243886901,0.495946642,0.701811476
NIL 10 ,0.444563129,0.237106593,0.351458013,0.220017177,0.147987321,0.374185367,0.226595226,0.142704446,0.362677571,0.285408893,0.332620368,1.131885353,0.437981128,0.210081744,0.793283214,0.20231022,0.437981128,0.237106593,0.923674655,0.5089832,0.238230328,0.343677817,0.417453243,0.12365319,0.714690983,0.252251661,0.426550876,0.728890457
NIL 10 ,0.433417127,0.252289823,0.365557583,0.293499702,0.147086562,0.378848456,0.250716275,0.199100941,0.371197717,0.295626945,0.322107204,1.140513795,0.47307283,0.218677993,0.7682438,0.190292753,0.47307283,0.261027484,0.869607158,0.376227845,0.294397257,0.326984814,0.506731938,0.12634084,0.634309175,0.251897358,0.439237096,0.725045459
NIL 10 ,0.39822806,0.229139014,0.335923945,0.244138354,0.171854261,0.374748777,0.186792688,0.147530797,0.367530985,0.269187345,0.318737968,1.165543577,0.446509215,0.183902104,0.851481116,0.20507883,0.446509215,0.223367069,0.925065429,0.460101085,0.263530198,0.321561953,0.466748618,0.147530797,0.699488926,0.235623322,0.502071786,0.691351418
NIL 10 ,0.431167923,0.228158324,0.323570817,0.217200253,0.155164436,0.386019341,0.229579885,0.153477816,0.38786915,0.288599988,0.308752254,1.105597184,0.397234715,0.205659134,0.775234847,0.211123516,0.397234715,0.218395312,0.903496879,0.486410858,0.205659134,0.311584421,0.421398603,0.161533837,0.685709715,0.242132853,0.472706386,0.69844961
NIL 10 ,0.458601297,0.233841696,0.330702098,0.23161723,0.17064747,0.404226042,0.23161723,0.137697929,0.386800933,0.302281067,0.334592845,1.132661648,0.479030277,0.199007438,0.788227954,0.216452637,0.479030277,0.209309014,0.926364141,0.517099067,0.262646852,0.331679063,0.410264344,0.153055127,0.726048781,0.24558484,0.445357568,0.708638034
NIL 10 ,0.420075165,0.206965084,0.311134711,0.192224692,0.11388845,0.359443487,0.224136714,0.150922503,0.368483129,0.288337038,0.300163406,1.042045539,0.359707428,0.198857859,0.773697638,0.226104096,0.359707428,0.214913739,0.891202743,0.502697563,0.154444848,0.31757544,0.390085934,0.14405876,0.652302277,0.242834678,0.406293421,0.685041512
NIL 10 ,0.432943326,0.192289699,0.296189622,0.155431411,0.093697585,0.354492385,0.233387492,0.161893632,0.372818873,0.297484918,0.322696902,1.089432506,0.444049987,0.204091441,0.749922564,0.193783556,0.444049987,0.240287129,0.842403908,0.47473833,0.266102682,0.327036542,0.368322748,0.155431411,0.722060493,0.254280875,0.36579129,0.759643755
NIL 10 ,0.445277442,0.200638979,0.288,0.167044904,0.105223572,0.379388982,0.221846794,0.104,0.369388684,0.296971379,0.325650119,1.088735046,0.428802985,0.2,0.774720595,0.266413213,0.428802985,0.192166594,0.944847078,0.568056335,0.164730082,0.32984845,0.377359245,0.152839785,0.71563119,0.2442294,0.379473319,0.732382414
NIL 10 ,0.443280137,0.217333033,0.310469221,0.160021891,0.073755204,0.386260655,0.265928171,0.198173965,0.387204115,0.310148543,0.324367502,1.067479153,0.445072382,0.219308138,0.734171344,0.190841102,0.445072382,0.244482704,0.825894444,0.476876752,0.266302104,0.332746819,0.350325386,0.160021891,0.717907194,0.248652998,0.342473423,0.766010395
NIL 10 ,0.449986765,0.257240312,0.337073162,0.162693058,0.092033092,0.400585199,0.24035112,0.181896369,0.386716985,0.299107548,0.336778561,1.150471167,0.563820064,0.219032233,0.799102859,0.214915005,0.563820064,0.244175127,0.853634834,0.491389598,0.363246639,0.321807527,0.362425948,0.179700356,0.802532057,0.229218296,0.362790929,0.805987716
NIL 10 ,0.443966457,0.26115369,0.320000822,0.154298276,0.08620769,0.431876826,0.236437441,0.188103954,0.397708001,0.298191413,0.36349359,1.189369774,0.695785216,0.226202076,0.801593284,0.232227536,0.695785216,0.251401857,0.830604982,0.474818022,0.476822211,0.325704659,0.356275077,0.202743433,0.864552772,0.22150126,0.372077011,0.828623102
NIL 10 ,0.437904159,0.272201407,0.342544667,0.156173762,0.029273785,0.433060273,0.236710037,0.196374523,0.39190894,0.303136754,0.344655016,1.16658034,0.614534997,0.226462871,0.810364632,0.217857973,0.614534997,0.243572618,0.847579827,0.512725343,0.410877159,0.336428173,0.335348774,0.192988501,0.842391986,0.228779687,0.319545656,0.877462633
NIL 10 ,0.432413661,0.277937789,0.36124902,0.153062409,0.042851564,0.428515644,0.245777357,0.187293439,0.388608123,0.297310599,0.332403355,1.12480255,0.602712373,0.229110476,0.804281584,0.227585367,0.602712373,0.247190251,0.870883047,0.517226823,0.377029954,0.307157282,0.354525875,0.187293439,0.783625883,0.202873051,0.335437333,0.813051268
NIL 10 ,0.44611327,0.261846903,0.331670711,0.148204881,0.08389522,0.43648874,0.234332491,0.226029053,0.396957668,0.293633268,0.34309081,1.144072183,0.669215241,0.224817814,0.808793669,0.197059877,0.669215241,0.257052694,0.797309047,0.436558239,0.490984184,0.300677793,0.360846983,0.195359054,0.814363502,0.199659926,0.352253143,0.802467223
NIL 10 ,0.44183746,0.270032041,0.357325737,0.1658446,0.084202323,0.425129009,0.235190279,0.203868221,0.401999769,0.291894871,0.328448613,1.106321468,0.622696844,0.227663288,0.811754305,0.21722196,0.622696844,0.258112078,0.845680988,0.475935155,0.409232728,0.299644269,0.369766932,0.189091937,0.764165974,0.200390792,0.351200931,0.766202849
NIL 10 ,0.45196698,0.269685834,0.341265128,0.181384904,0.126314206,0.455112588,0.224432098,0.21380199,0.403573971,0.294755099,0.345504609,1.18988536,0.715192709,0.214888665,0.837665133,0.225467545,0.715192709,0.244308652,0.844001858,0.438694962,0.50207744,0.292474369,0.405660754,0.198403927,0.830333894,0.193048709,0.398126399,0.794935345
NIL 10 ,0.425643719,0.261432325,0.342506902,0.175982019,0.081697601,0.419642654,0.242904432,0.227583183,0.388385963,0.286571151,0.31522996,1.09903165,0.631729047,0.236104655,0.785827311,0.223080832,0.631729047,0.249411953,0.822350379,0.418304484,0.413489955,0.28376248,0.40724431,0.1705896,0.709406199,0.194158608,0.386456426,0.723750378
NIL 10 ,0.441674238,0.264204905,0.341062908,0.15468429,0.078610134,0.433026973,0.239160915,0.179258685,0.382080832,0.289045944,0.324117884,1.128683848,0.622441371,0.224665506,0.801977485,0.249678456,0.622441371,0.246490093,0.859090441,0.474378125,0.378375324,0.29168491,0.384916829,0.171074146,0.761179938,0.198496424,0.367034409,0.773549278
NIL 10 ,0.412414759,0.217668148,0.292879551,0.125053213,0.081120129,0.397016043,0.254174712,0.212357271,0.39398198,0.293473695,0.326027654,1.106296071,0.624770609,0.214894052,0.748511464,0.21570311,0.624770609,0.225357019,0.800441157,0.43803986,0.41503448,0.279489022,0.362406603,0.186752562,0.768087865,0.200351939,0.365967249,0.752842925
NIL 10 ,0.426877674,0.241645188,0.31957204,0.134617155,0.067457986,0.399591044,0.25,0.186746769,0.395742891,0.297108054,0.323205793,1.108284321,0.587845369,0.228805166,0.763674733,0.248788948,0.587845369,0.222921384,0.853495881,0.492738835,0.342091242,0.28521334,0.360992689,0.196723319,0.76543924,0.196005536,0.379536563,0.749785193
NIL 10 ,0.434287077,0.220026405,0.317843115,0.146031223,0.094879716,0.40797052,0.244324224,0.197710347,0.389713292,0.288062346,0.31308709,1.115050851,0.555260295,0.208063427,0.767477273,0.221386004,0.555260295,0.234122095,0.845441627,0.457744784,0.340452372,0.284146753,0.388376365,0.183543142,0.735316099,0.201021636,0.404226689,0.73765208
NIL 10 ,0.414857596,0.260323001,0.356025773,0.178322352,0.092201316,0.390818106,0.223795015,0.162805818,0.388760613,0.280347847,0.309770844,1.114954234,0.523909069,0.22235696,0.8133638,0.268810719,0.523909069,0.203525744,0.934969484,0.531998021,0.255581687,0.280347847,0.402992257,0.189972372,0.721033512,0.198235864,0.420521771,0.722700002
NIL 10 ,0.415178907,0.273687993,0.35805893,0.162609984,0.075313362,0.378444958,0.237460252,0.181860831,0.376178966,0.285910835,0.301944871,1.123870747,0.508549749,0.222686303,0.814638561,0.210853678,0.508549749,0.232580107,0.891727937,0.521666365,0.302703615,0.306333038,0.371717747,0.181286593,0.756283544,0.207965817,0.377948709,0.782732698
NIL 10 ,0.426888897,0.252930068,0.346279245,0.165065127,0.00907966,0.396605548,0.247076893,0.213420307,0.399143766,0.29644778,0.31778811,1.131793403,0.581381928,0.225442681,0.781167452,0.183961177,0.581381928,0.263544862,0.814769881,0.491393362,0.409743249,0.316748735,0.328440317,0.188826375,0.80755399,0.212646342,0.310572166,0.865001465
NIL 10 ,0.415502142,0.251601852,0.329828692,0.143892889,0.055653291,0.406677682,0.234855696,0.195845518,0.365349722,0.280165907,0.32254451,1.144081613,0.631159453,0.230847003,0.789451651,0.20234528,0.631159453,0.247521551,0.835840628,0.469711392,0.433835604,0.298851522,0.372708038,0.164785657,0.779581596,0.20700942,0.342327083,0.82114282
NIL 10 ,0.412440893,0.23773443,0.32168406,0.166510192,0.064323551,0.387705617,0.254711616,0.209910568,0.36910642,0.272901714,0.301916192,1.121690567,0.609667327,0.217102729,0.768254502,0.19041169,0.609667327,0.241649482,0.808297061,0.437922536,0.426474179,0.2953458,0.374327583,0.165353411,0.758279107,0.204454739,0.367717056,0.77091494
NIL 10 ,0.406727807,0.254513166,0.337413076,0.198741393,0.097601344,0.391653154,0.22422937,0.198741393,0.368988369,0.276058288,0.323850555,1.120939595,0.609253306,0.215565307,0.817217148,0.198741393,0.609253306,0.232170941,0.851469318,0.41178052,0.414536064,0.289371836,0.442670588,0.144605604,0.699475374,0.207660002,0.421373661,0.702260027
NIL 10 ,0.396741022,0.25645916,0.330247179,0.169183736,0.034505743,0.409674871,0.237664174,0.237162667,0.376729395,0.288200425,0.326986294,1.101527945,0.612338409,0.222982934,0.796477457,0.179429862,0.612338409,0.242425866,0.800176196,0.414126419,0.444307499,0.286293713,0.395538774,0.157672745,0.717321196,0.203905292,0.34705299,0.766058575
NIL 10 ,0.434401602,0.273314555,0.355345557,0.169820295,0.075217271,0.404315082,0.232751227,0.212393267,0.365554922,0.282502638,0.310370819,1.140989705,0.631140045,0.226537593,0.820615076,0.177320183,0.631140045,0.261806288,0.83704592,0.425728411,0.460745686,0.300369438,0.41367986,0.163358581,0.752172707,0.202621383,0.395551795,0.750073012
NIL 10 ,0.426579632,0.16441044,0.124082252,0.090283099,0.063566387,0.334804704,0.142872071,0.10154169,0.314305257,0.271876219,0.258881529,1.176407579,0.260758478,0.153905092,1.432932395,0.278583971,0.260758478,0.176073312,1.354246491,0.736449273,0.265261497,0.179792892,0.618443033,0.219090295,0.567635303,0.187568203,0.509420793,0.755547041
NIL 10 ,0.409319267,0.296490087,0.362407784,0.168370142,0.064507739,0.371269919,0.189311256,0.19472898,0.355158896,0.271871614,0.316843995,1.110770068,0.540913834,0.222177426,0.890493062,0.191632505,0.540913834,0.246166975,0.883691277,0.449996388,0.362120614,0.280534507,0.438700054,0.148682992,0.68344724,0.203608538,0.403173368,0.716333679
NIL 10 ,0.412840849,0.274979382,0.353364678,0.159541766,0.046774283,0.399172035,0.254101888,0.226570176,0.359725378,0.28216271,0.312664044,1.085953786,0.618334251,0.237830823,0.791126077,0.189505901,0.618334251,0.26338248,0.809824941,0.43835581,0.434012821,0.298072785,0.381607564,0.141081355,0.714874738,0.212345744,0.342163373,0.752441774
NIL 10 ,0.476487241,0.416465215,0.446927399,0.52150239,0.396350999,0.406969423,0.279118805,0.109927988,0.170716598,0.176046366,0.337243674,1.620525159,0.248967158,0.188524945,1.860809012,0.566830274,0.248967158,0.023846729,1.44818575,0.396350999,0.45371496,0.250674382,1.107846751,0.238467289,0.773182148,0.241135122,1.100120189,1.000781611
NIL 10 ,0.449316257,0.189727197,0.204526866,0.230525121,0.171590929,0.350685402,0.098916936,0.13196485,0.301105086,0.237430893,0.256513007,1.35170615,0.076386055,0.060666555,1.327549544,0.475711694,0.076386055,0.143375566,0.903315258,0.224608177,0.526838066,0.260678579,0.688713838,0.198965006,0.736945026,0.204087495,0.690081045,0.888839641
NIL 10 ,0.421664402,0.289265608,0.362673824,0.179813756,0.095430723,0.416340051,0.212672305,0.196074177,0.3641035,0.27729076,0.315540871,1.138155346,0.648940215,0.223873147,0.861115246,0.185831487,0.648940215,0.266271124,0.858164569,0.448632718,0.470705294,0.297700167,0.413984501,0.153599121,0.748978074,0.200390792,0.374121631,0.7668009
NIL 10 ,0.388064504,0.22249708,0.215259457,0.147922913,0.082052869,0.319033193,0.14958689,0.132754519,0.251923295,0.207769865,0.308621977,1.198224759,0.240667389,0.101474281,1.437888992,0.350530009,0.240667389,0.147922913,1.367986162,0.796527115,0.33801986,0.185888288,0.57273013,0.249554058,0.66674917,0.177997664,0.490907424,0.893596582
NIL 10 ,0.433860916,0.311171167,0.389043602,0.187691299,0.092694126,0.41278318,0.231378524,0.203245316,0.376613076,0.285471051,0.322744346,1.157292462,0.641225281,0.232802405,0.855177459,0.196465799,0.641225281,0.276533159,0.862105202,0.471038284,0.454179388,0.317479332,0.395613757,0.180511134,0.778087203,0.216014491,0.383137636,0.78926204
NIL 10 ,0.418139647,0.282053435,0.349066088,0.169299794,0.096102387,0.403882432,0.217103104,0.207656011,0.373825123,0.283067816,0.316227766,1.1266884,0.602013606,0.21489147,0.857339983,0.19711292,0.602013606,0.255387803,0.853990259,0.418976612,0.417758654,0.298189868,0.435524429,0.191707048,0.720226433,0.200159172,0.424188998,0.711014347
NIL 10 ,0.405074143,0.299754866,0.37028297,0.178232623,0.086119944,0.387941772,0.233260812,0.218890014,0.38137252,0.284476277,0.311248808,1.069886625,0.550960402,0.218139102,0.852197444,0.169163929,0.550960402,0.275569531,0.832720524,0.443810442,0.395315839,0.310509875,0.391059174,0.170323923,0.69926639,0.221275806,0.38137252,0.698421128
NIL 10 ,0.417323699,0.276957467,0.344261804,0.129079151,0.075223653,0.405246945,0.218163003,0.206313429,0.367322915,0.270990823,0.319639061,1.1111167,0.608128943,0.230903805,0.835023958,0.227059716,0.608128943,0.245807346,0.844308943,0.446580497,0.393119062,0.278880413,0.398204079,0.17462404,0.734046503,0.195838503,0.390471225,0.73056932
NIL 10 ,0.418406233,0.287937777,0.362548378,0.175872461,0.075339368,0.401289376,0.219722692,0.223606798,0.381742113,0.278937488,0.31104252,1.095503332,0.594189553,0.220880659,0.854833198,0.194470763,0.594189553,0.247693441,0.841410684,0.429314831,0.412264156,0.292987776,0.412573432,0.168463949,0.712900442,0.214285714,0.388613443,0.710795042
NIL 10 ,0.434228255,0.297878125,0.368939065,0.163836975,0.098887956,0.409972811,0.222893912,0.202530425,0.37946225,0.279814675,0.320996349,1.13558721,0.627569863,0.231983551,0.853131621,0.224653628,0.627569863,0.259365495,0.864707677,0.45402967,0.412605727,0.302686447,0.410692553,0.194429208,0.754805653,0.207650486,0.406839215,0.7379226
NIL 10 ,0.416711709,0.314621179,0.39677756,0.197962595,0.098981298,0.413047344,0.228981293,0.238520213,0.39498546,0.288636122,0.322259758,1.078819425,0.585927308,0.231475876,0.85747902,0.166441289,0.585927308,0.271258329,0.847412596,0.441511531,0.426250149,0.297057643,0.41107966,0.181025607,0.69008421,0.206155281,0.406700634,0.683047622
